date,mine_block_id,planned_tonnes,actual_tonnes,equipment_availability_pct,rainfall_mm,blasting_delay_flag,maintenance_flag,synthetic
2023-01-01,BLOCK_A,348.3,309.1,88.2,0.0,0,0,True
2023-01-01,BLOCK_B,267.6,196.3,85.2,0.0,0,1,True
2023-01-01,BLOCK_C,230.3,179.8,79.2,0.0,0,0,True
2023-01-02,BLOCK_A,334.1,225.0,69.2,0.0,0,0,True
2023-01-02,BLOCK_B,274.2,195.2,77.4,0.0,0,0,True
2023-01-02,BLOCK_C,220.3,174.1,78.6,0.0,0,0,True
2023-01-03,BLOCK_A,348.8,232.9,78.2,11.9,0,0,True
2023-01-03,BLOCK_B,278.3,132.7,82.9,11.9,1,0,True
2023-01-03,BLOCK_C,214.7,148.4,72.9,11.9,0,0,True
2023-01-04,BLOCK_A,349.0,291.3,84.7,0.0,0,0,True
2023-01-04,BLOCK_B,271.5,226.8,82.1,0.0,0,0,True
2023-01-04,BLOCK_C,227.2,150.1,72.2,0.0,0,0,True
2023-01-05,BLOCK_A,319.1,301.0,87.7,0.0,0,0,True
2023-01-05,BLOCK_B,268.1,210.5,76.3,0.0,0,0,True
2023-01-05,BLOCK_C,216.3,175.4,81.6,0.0,0,0,True
2023-01-06,BLOCK_A,346.2,248.2,74.7,0.0,0,0,True
2023-01-06,BLOCK_B,281.7,247.2,82.7,0.0,0,0,True
2023-01-06,BLOCK_C,209.6,168.1,71.6,0.0,0,0,True
2023-01-07,BLOCK_A,330.3,263.0,76.7,0.0,0,0,True
2023-01-07,BLOCK_B,270.5,256.2,90.3,0.0,0,0,True
2023-01-07,BLOCK_C,228.6,208.5,94.0,0.0,0,0,True
2023-01-08,BLOCK_A,324.2,239.3,93.2,0.0,0,1,True
2023-01-08,BLOCK_B,280.3,196.5,71.7,0.0,0,0,True
2023-01-08,BLOCK_C,229.7,166.2,84.7,0.0,0,0,True
2023-01-09,BLOCK_A,348.7,259.4,82.9,0.0,0,0,True
2023-01-09,BLOCK_B,267.0,258.4,83.5,0.0,0,0,True
2023-01-09,BLOCK_C,229.0,168.3,78.4,0.0,0,0,True
2023-01-10,BLOCK_A,339.0,263.7,76.8,0.0,0,0,True
2023-01-10,BLOCK_B,283.7,267.5,87.7,0.0,0,0,True
2023-01-10,BLOCK_C,216.1,161.8,96.7,0.0,1,0,True
2023-01-11,BLOCK_A,338.1,281.8,87.3,0.0,0,0,True
2023-01-11,BLOCK_B,269.9,211.6,76.7,0.0,0,0,True
2023-01-11,BLOCK_C,214.7,206.2,91.4,0.0,0,0,True
2023-01-12,BLOCK_A,319.7,250.1,71.5,0.0,0,0,True
2023-01-12,BLOCK_B,291.1,241.5,85.0,0.0,0,0,True
2023-01-12,BLOCK_C,212.6,142.8,84.8,0.0,1,0,True
2023-01-13,BLOCK_A,316.8,269.1,84.4,0.0,0,0,True
2023-01-13,BLOCK_B,272.3,218.4,75.2,0.0,0,0,True
2023-01-13,BLOCK_C,223.3,199.5,86.4,0.0,0,0,True
2023-01-14,BLOCK_A,325.5,297.7,90.0,0.0,0,0,True
2023-01-14,BLOCK_B,280.1,253.7,80.9,0.0,0,0,True
2023-01-14,BLOCK_C,215.2,182.0,83.3,0.0,0,0,True
2023-01-15,BLOCK_A,347.1,280.7,82.0,0.0,0,0,True
2023-01-15,BLOCK_B,289.9,198.3,76.2,0.0,0,0,True
2023-01-15,BLOCK_C,212.7,196.0,88.7,0.0,0,0,True
2023-01-16,BLOCK_A,337.1,305.3,91.5,0.0,0,0,True
2023-01-16,BLOCK_B,285.7,192.2,72.0,0.0,0,0,True
2023-01-16,BLOCK_C,228.1,191.7,83.2,0.0,0,0,True
2023-01-17,BLOCK_A,340.0,284.6,84.9,0.0,0,0,True
2023-01-17,BLOCK_B,268.6,222.3,79.1,0.0,0,0,True
2023-01-17,BLOCK_C,215.3,127.0,79.7,0.0,1,0,True
2023-01-18,BLOCK_A,320.9,319.5,95.5,0.0,0,0,True
2023-01-18,BLOCK_B,268.4,226.9,83.4,0.0,0,0,True
2023-01-18,BLOCK_C,225.0,187.3,83.1,0.0,0,0,True
2023-01-19,BLOCK_A,331.3,272.7,76.8,0.0,0,0,True
2023-01-19,BLOCK_B,273.0,276.0,97.1,0.0,0,0,True
2023-01-19,BLOCK_C,230.0,205.8,86.0,0.0,0,0,True
2023-01-20,BLOCK_A,328.5,289.0,81.1,0.0,0,0,True
2023-01-20,BLOCK_B,279.3,214.3,81.0,0.0,0,0,True
2023-01-20,BLOCK_C,223.0,175.7,82.0,0.0,0,0,True
2023-01-21,BLOCK_A,338.6,271.8,81.4,0.0,0,0,True
2023-01-21,BLOCK_B,282.1,255.5,95.7,0.0,0,0,True
2023-01-21,BLOCK_C,229.7,189.2,86.5,0.0,0,0,True
2023-01-22,BLOCK_A,317.2,276.5,85.2,0.4,0,0,True
2023-01-22,BLOCK_B,289.7,213.8,78.0,0.4,0,0,True
2023-01-22,BLOCK_C,228.3,202.2,89.5,0.4,0,0,True
2023-01-23,BLOCK_A,343.5,277.3,82.8,0.0,0,0,True
2023-01-23,BLOCK_B,275.5,262.8,95.4,0.0,0,0,True
2023-01-23,BLOCK_C,228.9,205.8,93.4,0.0,0,0,True
2023-01-24,BLOCK_A,317.0,284.0,85.6,0.0,0,0,True
2023-01-24,BLOCK_B,283.7,187.8,68.7,0.0,0,0,True
2023-01-24,BLOCK_C,225.6,199.9,88.0,0.0,0,0,True
2023-01-25,BLOCK_A,331.4,266.2,80.5,3.2,0,0,True
2023-01-25,BLOCK_B,287.3,208.2,76.4,3.2,0,0,True
2023-01-25,BLOCK_C,210.6,193.8,87.5,3.2,0,0,True
2023-01-26,BLOCK_A,329.1,302.6,92.2,0.0,0,0,True
2023-01-26,BLOCK_B,287.1,214.2,77.3,0.0,0,0,True
2023-01-26,BLOCK_C,218.3,177.2,80.6,0.0,0,0,True
2023-01-27,BLOCK_A,320.6,318.2,93.2,0.0,0,0,True
2023-01-27,BLOCK_B,276.5,243.8,88.5,0.0,0,0,True
2023-01-27,BLOCK_C,209.3,193.7,83.6,0.0,0,0,True
2023-01-28,BLOCK_A,348.9,330.7,98.0,0.0,0,0,True
2023-01-28,BLOCK_B,283.6,183.2,90.0,0.0,1,0,True
2023-01-28,BLOCK_C,229.9,190.4,82.1,0.0,0,0,True
2023-01-29,BLOCK_A,332.1,286.1,91.3,0.0,0,0,True
2023-01-29,BLOCK_B,293.6,258.8,85.7,0.0,0,0,True
2023-01-29,BLOCK_C,224.1,210.4,88.9,0.0,0,0,True
2023-01-30,BLOCK_A,318.1,271.9,82.4,0.0,0,0,True
2023-01-30,BLOCK_B,270.2,207.6,69.3,0.0,0,0,True
2023-01-30,BLOCK_C,227.4,99.8,63.4,0.0,0,1,True
2023-01-31,BLOCK_A,343.7,320.2,95.1,0.0,0,0,True
2023-01-31,BLOCK_B,272.9,207.1,74.5,0.0,0,0,True
2023-01-31,BLOCK_C,214.0,216.7,91.5,0.0,0,0,True
2023-02-01,BLOCK_A,334.0,295.2,83.9,0.0,0,0,True
2023-02-01,BLOCK_B,281.7,186.6,81.0,0.0,0,1,True
2023-02-01,BLOCK_C,225.6,217.6,94.9,0.0,0,0,True
2023-02-02,BLOCK_A,336.3,219.6,73.5,1.7,0,0,True
2023-02-02,BLOCK_B,280.4,230.3,79.1,1.7,0,0,True
2023-02-02,BLOCK_C,229.9,148.9,69.4,1.7,0,0,True
2023-02-03,BLOCK_A,327.6,248.6,72.6,0.0,0,0,True
2023-02-03,BLOCK_B,269.6,212.6,74.2,0.0,0,0,True
2023-02-03,BLOCK_C,219.4,170.3,75.1,0.0,0,0,True
2023-02-04,BLOCK_A,325.9,263.4,82.1,0.0,0,0,True
2023-02-04,BLOCK_B,280.1,230.5,82.2,0.0,0,0,True
2023-02-04,BLOCK_C,210.8,178.4,82.1,0.0,0,0,True
2023-02-05,BLOCK_A,323.6,246.3,80.8,0.0,0,0,True
2023-02-05,BLOCK_B,279.0,241.6,89.8,0.0,0,0,True
2023-02-05,BLOCK_C,220.7,170.8,82.0,0.0,0,0,True
2023-02-06,BLOCK_A,329.2,248.6,77.8,0.0,0,0,True
2023-02-06,BLOCK_B,282.6,262.6,91.4,0.0,0,0,True
2023-02-06,BLOCK_C,220.8,214.8,95.2,0.0,0,0,True
2023-02-07,BLOCK_A,328.7,320.4,90.4,0.0,0,0,True
2023-02-07,BLOCK_B,283.0,221.9,80.1,0.0,0,0,True
2023-02-07,BLOCK_C,212.5,163.5,78.3,0.0,0,0,True
2023-02-08,BLOCK_A,334.1,283.3,85.2,0.0,0,0,True
2023-02-08,BLOCK_B,293.1,240.5,84.9,0.0,0,0,True
2023-02-08,BLOCK_C,223.7,191.9,83.8,0.0,0,0,True
2023-02-09,BLOCK_A,322.9,238.2,76.9,0.0,0,0,True
2023-02-09,BLOCK_B,269.2,206.2,70.8,0.0,0,0,True
2023-02-09,BLOCK_C,219.6,171.6,77.8,0.0,0,0,True
2023-02-10,BLOCK_A,327.4,210.6,78.2,18.4,0,0,True
2023-02-10,BLOCK_B,282.7,130.0,63.2,18.4,0,0,True
2023-02-10,BLOCK_C,227.3,145.5,84.4,18.4,0,0,True
2023-02-11,BLOCK_A,335.8,274.6,82.0,0.0,0,0,True
2023-02-11,BLOCK_B,270.6,237.0,86.2,0.0,0,0,True
2023-02-11,BLOCK_C,216.9,187.3,80.8,0.0,0,0,True
2023-02-12,BLOCK_A,332.1,296.2,91.4,0.0,0,0,True
2023-02-12,BLOCK_B,291.2,228.9,89.6,0.0,0,0,True
2023-02-12,BLOCK_C,211.6,191.2,84.3,0.0,0,0,True
2023-02-13,BLOCK_A,337.3,303.2,90.7,0.0,0,0,True
2023-02-13,BLOCK_B,274.7,172.2,89.6,0.0,1,0,True
2023-02-13,BLOCK_C,225.8,184.8,80.2,0.0,0,0,True
2023-02-14,BLOCK_A,320.9,306.5,93.3,0.0,0,0,True
2023-02-14,BLOCK_B,286.2,265.4,90.0,0.0,0,0,True
2023-02-14,BLOCK_C,214.5,158.8,74.5,0.0,0,0,True
2023-02-15,BLOCK_A,332.0,246.0,84.4,0.0,0,1,True
2023-02-15,BLOCK_B,290.4,242.1,83.9,0.0,0,0,True
2023-02-15,BLOCK_C,224.6,175.6,85.0,0.0,0,0,True
2023-02-16,BLOCK_A,347.8,282.0,82.3,0.0,0,0,True
2023-02-16,BLOCK_B,289.5,244.6,83.4,0.0,0,0,True
2023-02-16,BLOCK_C,210.2,139.2,91.6,0.0,1,0,True
2023-02-17,BLOCK_A,334.5,276.8,81.2,0.0,0,0,True
2023-02-17,BLOCK_B,278.7,211.6,80.9,0.0,0,0,True
2023-02-17,BLOCK_C,220.0,195.2,89.4,0.0,0,0,True
2023-02-18,BLOCK_A,317.1,254.7,74.9,0.0,0,0,True
2023-02-18,BLOCK_B,277.6,275.0,98.0,0.0,0,0,True
2023-02-18,BLOCK_C,213.6,182.1,82.1,0.0,0,0,True
2023-02-19,BLOCK_A,335.5,287.1,94.1,0.0,0,0,True
2023-02-19,BLOCK_B,281.7,221.0,80.3,0.0,0,0,True
2023-02-19,BLOCK_C,217.2,140.6,89.7,0.0,0,1,True
2023-02-20,BLOCK_A,340.5,274.6,82.3,0.0,0,0,True
2023-02-20,BLOCK_B,284.8,225.5,78.8,0.0,0,0,True
2023-02-20,BLOCK_C,211.2,187.5,89.5,0.0,0,0,True
2023-02-21,BLOCK_A,338.9,192.7,77.7,0.0,0,1,True
2023-02-21,BLOCK_B,268.4,227.2,85.6,0.0,0,0,True
2023-02-21,BLOCK_C,227.0,152.6,73.1,0.0,0,0,True
2023-02-22,BLOCK_A,337.4,288.2,93.0,0.0,0,0,True
2023-02-22,BLOCK_B,292.6,224.2,78.6,0.0,0,0,True
2023-02-22,BLOCK_C,228.7,140.7,80.3,0.0,1,0,True
2023-02-23,BLOCK_A,337.7,255.8,78.0,0.0,0,0,True
2023-02-23,BLOCK_B,280.7,150.8,78.7,0.0,1,0,True
2023-02-23,BLOCK_C,211.6,159.4,70.0,0.0,0,0,True
2023-02-24,BLOCK_A,323.5,335.6,96.0,0.0,0,0,True
2023-02-24,BLOCK_B,291.6,136.3,68.3,0.0,0,1,True
2023-02-24,BLOCK_C,212.7,178.5,80.2,0.0,0,0,True
2023-02-25,BLOCK_A,326.3,303.6,93.7,0.0,0,0,True
2023-02-25,BLOCK_B,279.3,245.3,86.9,0.0,0,0,True
2023-02-25,BLOCK_C,209.7,178.1,87.9,0.0,0,0,True
2023-02-26,BLOCK_A,327.8,269.7,80.2,0.0,0,0,True
2023-02-26,BLOCK_B,279.9,236.5,78.0,0.0,0,0,True
2023-02-26,BLOCK_C,226.6,172.7,74.3,0.0,0,0,True
2023-02-27,BLOCK_A,347.2,239.2,72.4,0.0,0,0,True
2023-02-27,BLOCK_B,286.5,255.7,87.5,0.0,0,0,True
2023-02-27,BLOCK_C,214.5,155.2,70.8,0.0,0,0,True
2023-02-28,BLOCK_A,347.5,254.5,85.2,4.9,0,0,True
2023-02-28,BLOCK_B,285.5,226.0,86.6,4.9,0,0,True
2023-02-28,BLOCK_C,219.4,172.6,83.2,4.9,0,0,True
2023-03-01,BLOCK_A,324.3,198.4,74.7,3.6,0,1,True
2023-03-01,BLOCK_B,274.8,255.2,94.6,3.6,0,0,True
2023-03-01,BLOCK_C,228.5,115.2,72.2,3.6,1,0,True
2023-03-02,BLOCK_A,334.3,250.7,78.9,8.3,0,0,True
2023-03-02,BLOCK_B,290.5,157.7,69.5,8.3,0,0,True
2023-03-02,BLOCK_C,211.4,133.9,72.2,8.3,0,0,True
2023-03-03,BLOCK_A,349.6,212.8,67.5,0.1,0,0,True
2023-03-03,BLOCK_B,292.6,252.1,90.9,0.1,0,0,True
2023-03-03,BLOCK_C,222.5,219.2,92.3,0.1,0,0,True
2023-03-04,BLOCK_A,324.0,285.2,87.4,0.0,0,0,True
2023-03-04,BLOCK_B,293.1,258.5,94.4,0.0,0,0,True
2023-03-04,BLOCK_C,226.9,163.2,77.4,0.0,0,0,True
2023-03-05,BLOCK_A,319.7,272.8,80.1,0.0,0,0,True
2023-03-05,BLOCK_B,292.8,242.1,85.3,0.0,0,0,True
2023-03-05,BLOCK_C,210.9,139.3,69.0,0.0,0,0,True
2023-03-06,BLOCK_A,319.3,284.6,88.6,0.0,0,0,True
2023-03-06,BLOCK_B,279.9,269.1,98.0,0.0,0,0,True
2023-03-06,BLOCK_C,223.9,158.4,69.9,0.0,0,0,True
2023-03-07,BLOCK_A,345.0,294.6,86.2,0.0,0,0,True
2023-03-07,BLOCK_B,285.0,269.8,94.1,0.0,0,0,True
2023-03-07,BLOCK_C,228.2,167.7,80.0,0.0,0,0,True
2023-03-08,BLOCK_A,344.4,270.7,81.2,0.0,0,0,True
2023-03-08,BLOCK_B,293.5,209.4,72.1,0.0,0,0,True
2023-03-08,BLOCK_C,226.2,183.3,85.1,0.0,0,0,True
2023-03-09,BLOCK_A,337.7,285.4,84.4,0.0,0,0,True
2023-03-09,BLOCK_B,285.8,228.4,84.1,0.0,0,0,True
2023-03-09,BLOCK_C,210.0,100.9,85.9,0.0,1,1,True
2023-03-10,BLOCK_A,332.9,307.0,88.9,0.0,0,0,True
2023-03-10,BLOCK_B,293.9,178.0,71.4,0.0,0,0,True
2023-03-10,BLOCK_C,224.3,215.5,92.0,0.0,0,0,True
2023-03-11,BLOCK_A,331.0,279.9,82.1,0.0,0,0,True
2023-03-11,BLOCK_B,273.7,233.8,82.6,0.0,0,0,True
2023-03-11,BLOCK_C,213.7,181.6,83.6,0.0,0,0,True
2023-03-12,BLOCK_A,348.9,281.5,85.2,0.0,0,0,True
2023-03-12,BLOCK_B,289.7,260.1,88.1,0.0,0,0,True
2023-03-12,BLOCK_C,229.3,209.5,93.0,0.0,0,0,True
2023-03-13,BLOCK_A,339.5,184.4,72.1,0.0,0,1,True
2023-03-13,BLOCK_B,282.3,244.7,89.7,0.0,0,0,True
2023-03-13,BLOCK_C,209.3,172.7,81.6,0.0,0,0,True
2023-03-14,BLOCK_A,339.8,211.1,86.0,0.0,1,0,True
2023-03-14,BLOCK_B,268.9,220.7,83.0,0.0,0,0,True
2023-03-14,BLOCK_C,221.3,167.6,76.0,0.0,0,0,True
2023-03-15,BLOCK_A,321.1,323.1,97.4,2.0,0,0,True
2023-03-15,BLOCK_B,270.7,224.8,85.2,2.0,0,0,True
2023-03-15,BLOCK_C,229.6,172.7,83.5,2.0,0,0,True
2023-03-16,BLOCK_A,343.4,299.3,91.4,0.0,0,0,True
2023-03-16,BLOCK_B,281.3,241.1,81.4,0.0,0,0,True
2023-03-16,BLOCK_C,225.1,166.3,77.8,0.0,0,0,True
2023-03-17,BLOCK_A,327.9,284.8,87.2,0.0,0,0,True
2023-03-17,BLOCK_B,281.6,219.0,75.5,0.0,0,0,True
2023-03-17,BLOCK_C,223.3,183.2,87.9,0.0,0,0,True
2023-03-18,BLOCK_A,332.1,293.8,86.2,0.0,0,0,True
2023-03-18,BLOCK_B,275.7,217.4,70.5,0.0,0,0,True
2023-03-18,BLOCK_C,228.2,188.4,81.6,0.0,0,0,True
2023-03-19,BLOCK_A,323.7,329.8,94.8,0.0,0,0,True
2023-03-19,BLOCK_B,286.0,236.7,85.6,0.0,0,0,True
2023-03-19,BLOCK_C,228.2,167.7,89.2,0.0,0,0,True
2023-03-20,BLOCK_A,329.7,253.7,72.6,0.0,0,0,True
2023-03-20,BLOCK_B,293.2,194.8,70.6,0.0,0,0,True
2023-03-20,BLOCK_C,220.4,195.2,91.0,0.0,0,0,True
2023-03-21,BLOCK_A,340.2,189.0,80.2,0.0,1,0,True
2023-03-21,BLOCK_B,284.6,258.7,92.7,0.0,0,0,True
2023-03-21,BLOCK_C,228.1,176.1,80.9,0.0,0,0,True
2023-03-22,BLOCK_A,347.9,295.4,88.9,0.0,0,0,True
2023-03-22,BLOCK_B,267.2,240.0,84.1,0.0,0,0,True
2023-03-22,BLOCK_C,220.3,166.8,98.0,0.0,0,1,True
2023-03-23,BLOCK_A,340.1,282.4,87.9,0.0,0,0,True
2023-03-23,BLOCK_B,284.8,254.8,91.6,0.0,0,0,True
2023-03-23,BLOCK_C,227.4,188.9,84.2,0.0,0,0,True
2023-03-24,BLOCK_A,335.7,318.0,91.8,0.0,0,0,True
2023-03-24,BLOCK_B,277.0,218.1,76.8,0.0,0,0,True
2023-03-24,BLOCK_C,210.1,184.8,82.5,0.0,0,0,True
2023-03-25,BLOCK_A,341.2,279.8,81.0,0.0,0,0,True
2023-03-25,BLOCK_B,288.6,254.9,88.8,0.0,0,0,True
2023-03-25,BLOCK_C,211.6,179.7,81.6,0.0,0,0,True
2023-03-26,BLOCK_A,339.8,228.7,75.1,0.0,0,0,True
2023-03-26,BLOCK_B,272.4,229.2,84.4,0.0,0,0,True
2023-03-26,BLOCK_C,219.2,196.6,90.9,0.0,0,0,True
2023-03-27,BLOCK_A,329.3,290.6,94.6,1.7,0,0,True
2023-03-27,BLOCK_B,287.4,196.4,87.8,1.7,0,1,True
2023-03-27,BLOCK_C,213.3,178.5,81.0,1.7,0,0,True
2023-03-28,BLOCK_A,328.4,266.2,82.7,0.0,0,0,True
2023-03-28,BLOCK_B,274.6,250.3,84.4,0.0,0,0,True
2023-03-28,BLOCK_C,224.8,156.1,78.2,0.0,0,0,True
2023-03-29,BLOCK_A,322.7,328.1,97.8,0.0,0,0,True
2023-03-29,BLOCK_B,273.2,237.5,82.8,0.0,0,0,True
2023-03-29,BLOCK_C,210.0,192.3,86.8,0.0,0,0,True
2023-03-30,BLOCK_A,324.2,277.0,87.0,0.0,0,0,True
2023-03-30,BLOCK_B,291.2,197.6,73.0,0.0,0,0,True
2023-03-30,BLOCK_C,227.1,206.3,97.6,0.0,0,0,True
2023-03-31,BLOCK_A,336.2,283.3,87.2,0.0,0,0,True
2023-03-31,BLOCK_B,268.7,231.9,83.4,0.0,0,0,True
2023-03-31,BLOCK_C,214.1,191.4,94.7,0.0,0,0,True
2023-04-01,BLOCK_A,339.8,219.2,71.5,0.0,0,0,True
2023-04-01,BLOCK_B,293.8,261.4,87.6,0.0,0,0,True
2023-04-01,BLOCK_C,210.9,120.2,74.2,0.0,0,1,True
2023-04-02,BLOCK_A,318.9,267.1,78.0,0.0,0,0,True
2023-04-02,BLOCK_B,284.2,191.5,67.1,0.0,0,0,True
2023-04-02,BLOCK_C,230.9,214.3,88.6,0.0,0,0,True
2023-04-03,BLOCK_A,348.6,270.3,87.3,3.3,0,0,True
2023-04-03,BLOCK_B,268.7,254.2,95.7,3.3,0,0,True
2023-04-03,BLOCK_C,226.5,153.7,74.3,3.3,0,0,True
2023-04-04,BLOCK_A,344.7,330.6,98.0,0.0,0,0,True
2023-04-04,BLOCK_B,269.6,249.5,87.0,0.0,0,0,True
2023-04-04,BLOCK_C,215.7,155.5,76.7,0.0,0,0,True
2023-04-05,BLOCK_A,326.8,225.7,74.2,0.0,0,0,True
2023-04-05,BLOCK_B,291.7,238.0,85.0,0.0,0,0,True
2023-04-05,BLOCK_C,229.5,183.1,83.7,0.0,0,0,True
2023-04-06,BLOCK_A,343.5,268.7,77.7,0.0,0,0,True
2023-04-06,BLOCK_B,270.9,222.3,74.7,0.0,0,0,True
2023-04-06,BLOCK_C,227.1,190.3,82.8,0.0,0,0,True
2023-04-07,BLOCK_A,333.4,190.6,74.5,0.0,0,1,True
2023-04-07,BLOCK_B,266.7,244.3,87.1,0.0,0,0,True
2023-04-07,BLOCK_C,220.1,164.6,75.5,0.0,0,0,True
2023-04-08,BLOCK_A,338.3,285.9,81.3,0.0,0,0,True
2023-04-08,BLOCK_B,267.6,215.7,78.5,0.0,0,0,True
2023-04-08,BLOCK_C,211.2,177.5,79.9,0.0,0,0,True
2023-04-09,BLOCK_A,337.1,287.1,90.6,0.0,0,0,True
2023-04-09,BLOCK_B,269.7,239.4,82.0,0.0,0,0,True
2023-04-09,BLOCK_C,218.1,157.5,87.3,0.0,0,1,True
2023-04-10,BLOCK_A,332.7,266.0,78.6,0.0,0,0,True
2023-04-10,BLOCK_B,266.3,209.8,75.0,0.0,0,0,True
2023-04-10,BLOCK_C,227.6,172.8,82.8,0.0,0,0,True
2023-04-11,BLOCK_A,332.5,223.9,72.0,0.0,0,0,True
2023-04-11,BLOCK_B,291.0,246.8,92.1,0.0,0,0,True
2023-04-11,BLOCK_C,227.5,209.5,98.0,0.0,0,0,True
2023-04-12,BLOCK_A,337.1,270.0,83.3,0.0,0,0,True
2023-04-12,BLOCK_B,280.3,228.2,81.2,0.0,0,0,True
2023-04-12,BLOCK_C,210.6,149.2,72.2,0.0,0,0,True
2023-04-13,BLOCK_A,322.8,247.6,92.5,0.0,0,1,True
2023-04-13,BLOCK_B,268.3,259.1,87.9,0.0,0,0,True
2023-04-13,BLOCK_C,211.7,211.5,93.6,0.0,0,0,True
2023-04-14,BLOCK_A,343.3,281.1,94.6,13.8,0,0,True
2023-04-14,BLOCK_B,284.4,178.6,80.1,13.8,0,0,True
2023-04-14,BLOCK_C,217.2,107.3,69.1,13.8,0,0,True
2023-04-15,BLOCK_A,320.7,280.6,84.7,0.0,0,0,True
2023-04-15,BLOCK_B,288.8,231.5,81.7,0.0,0,0,True
2023-04-15,BLOCK_C,227.5,205.6,90.1,0.0,0,0,True
2023-04-16,BLOCK_A,349.5,273.3,82.2,0.0,0,0,True
2023-04-16,BLOCK_B,272.0,260.4,92.9,0.0,0,0,True
2023-04-16,BLOCK_C,222.0,150.0,67.8,0.0,0,0,True
2023-04-17,BLOCK_A,337.8,207.6,78.0,0.0,0,1,True
2023-04-17,BLOCK_B,272.9,219.2,81.3,0.0,0,0,True
2023-04-17,BLOCK_C,221.2,209.7,88.8,0.0,0,0,True
2023-04-18,BLOCK_A,335.1,226.9,71.4,0.0,0,0,True
2023-04-18,BLOCK_B,290.5,267.1,96.8,0.0,0,0,True
2023-04-18,BLOCK_C,217.6,145.3,96.4,0.0,1,0,True
2023-04-19,BLOCK_A,343.1,273.1,84.4,0.0,0,0,True
2023-04-19,BLOCK_B,267.8,287.0,95.3,0.0,0,0,True
2023-04-19,BLOCK_C,223.9,179.9,78.0,0.0,0,0,True
2023-04-20,BLOCK_A,327.8,303.9,88.6,0.2,0,0,True
2023-04-20,BLOCK_B,278.3,213.2,79.5,0.2,0,0,True
2023-04-20,BLOCK_C,213.9,214.9,95.1,0.2,0,0,True
2023-04-21,BLOCK_A,330.7,315.0,92.8,0.0,0,0,True
2023-04-21,BLOCK_B,289.5,239.9,92.6,0.0,0,0,True
2023-04-21,BLOCK_C,217.0,167.4,84.1,0.0,0,0,True
2023-04-22,BLOCK_A,331.0,285.0,87.1,0.0,0,0,True
2023-04-22,BLOCK_B,269.7,233.2,84.6,0.0,0,0,True
2023-04-22,BLOCK_C,225.0,176.7,78.2,0.0,0,0,True
2023-04-23,BLOCK_A,338.5,271.9,82.2,0.0,0,0,True
2023-04-23,BLOCK_B,291.4,204.3,76.3,0.0,0,0,True
2023-04-23,BLOCK_C,226.1,123.7,82.8,0.0,1,0,True
2023-04-24,BLOCK_A,321.3,220.8,63.6,0.0,0,0,True
2023-04-24,BLOCK_B,266.6,238.8,85.0,0.0,0,0,True
2023-04-24,BLOCK_C,210.1,149.8,70.5,0.0,0,0,True
2023-04-25,BLOCK_A,338.4,270.9,85.3,0.0,0,0,True
2023-04-25,BLOCK_B,283.0,211.1,76.5,0.0,0,0,True
2023-04-25,BLOCK_C,214.5,197.6,84.6,0.0,0,0,True
2023-04-26,BLOCK_A,340.7,277.7,84.4,0.0,0,0,True
2023-04-26,BLOCK_B,278.8,203.5,72.9,0.0,0,0,True
2023-04-26,BLOCK_C,223.7,130.9,64.1,0.0,0,0,True
2023-04-27,BLOCK_A,343.5,249.8,77.8,2.9,0,0,True
2023-04-27,BLOCK_B,273.2,204.4,79.1,2.9,0,0,True
2023-04-27,BLOCK_C,213.5,175.3,80.1,2.9,0,0,True
2023-04-28,BLOCK_A,317.5,267.7,82.5,0.0,0,0,True
2023-04-28,BLOCK_B,279.9,231.6,85.4,0.0,0,0,True
2023-04-28,BLOCK_C,226.1,152.4,68.4,0.0,0,0,True
2023-04-29,BLOCK_A,343.2,295.1,89.1,0.0,0,0,True
2023-04-29,BLOCK_B,285.5,228.3,77.9,0.0,0,0,True
2023-04-29,BLOCK_C,215.1,167.8,78.6,0.0,0,0,True
2023-04-30,BLOCK_A,331.3,259.1,77.1,0.0,0,0,True
2023-04-30,BLOCK_B,280.1,235.1,82.4,0.0,0,0,True
2023-04-30,BLOCK_C,223.0,113.9,73.5,0.0,1,0,True
2023-05-01,BLOCK_A,340.6,261.1,76.6,0.0,0,0,True
2023-05-01,BLOCK_B,281.1,221.3,74.9,0.0,0,0,True
2023-05-01,BLOCK_C,219.1,158.6,82.3,0.0,0,0,True
2023-05-02,BLOCK_A,340.4,257.5,78.5,0.0,0,0,True
2023-05-02,BLOCK_B,287.0,274.9,92.7,0.0,0,0,True
2023-05-02,BLOCK_C,219.4,184.6,83.3,0.0,0,0,True
2023-05-03,BLOCK_A,339.5,271.2,79.8,0.0,0,0,True
2023-05-03,BLOCK_B,284.0,254.6,84.0,0.0,0,0,True
2023-05-03,BLOCK_C,209.7,187.5,91.2,0.0,0,0,True
2023-05-04,BLOCK_A,342.9,252.7,73.3,0.0,0,0,True
2023-05-04,BLOCK_B,281.7,219.7,81.9,0.0,0,0,True
2023-05-04,BLOCK_C,221.0,186.4,85.0,0.0,0,0,True
2023-05-05,BLOCK_A,347.2,272.1,88.7,5.4,0,0,True
2023-05-05,BLOCK_B,287.1,230.7,90.1,5.4,0,0,True
2023-05-05,BLOCK_C,211.5,195.2,85.9,5.4,0,0,True
2023-05-06,BLOCK_A,326.7,234.5,70.1,2.5,0,0,True
2023-05-06,BLOCK_B,267.3,263.1,90.6,2.5,0,0,True
2023-05-06,BLOCK_C,210.7,130.0,88.9,2.5,1,0,True
2023-05-07,BLOCK_A,345.2,257.4,77.1,0.0,0,0,True
2023-05-07,BLOCK_B,269.2,259.3,90.8,0.0,0,0,True
2023-05-07,BLOCK_C,220.4,143.9,68.5,0.0,0,0,True
2023-05-08,BLOCK_A,346.4,315.5,98.0,0.0,0,0,True
2023-05-08,BLOCK_B,285.7,218.1,83.6,0.0,0,0,True
2023-05-08,BLOCK_C,219.7,191.5,86.4,0.0,0,0,True
2023-05-09,BLOCK_A,337.8,272.0,82.2,0.0,0,0,True
2023-05-09,BLOCK_B,267.3,215.9,79.6,0.0,0,0,True
2023-05-09,BLOCK_C,219.6,178.2,86.6,0.0,0,0,True
2023-05-10,BLOCK_A,316.8,299.8,91.7,0.0,0,0,True
2023-05-10,BLOCK_B,274.2,235.5,81.7,0.0,0,0,True
2023-05-10,BLOCK_C,211.5,162.8,83.8,0.0,0,0,True
2023-05-11,BLOCK_A,349.7,259.5,79.8,0.0,0,0,True
2023-05-11,BLOCK_B,277.5,243.5,85.1,0.0,0,0,True
2023-05-11,BLOCK_C,227.1,179.0,84.2,0.0,0,0,True
2023-05-12,BLOCK_A,331.8,249.9,75.9,0.0,0,0,True
2023-05-12,BLOCK_B,268.0,220.9,81.2,0.0,0,0,True
2023-05-12,BLOCK_C,223.9,129.0,92.4,0.0,1,0,True
2023-05-13,BLOCK_A,337.1,293.2,86.1,0.0,0,0,True
2023-05-13,BLOCK_B,267.9,150.0,73.9,0.0,1,0,True
2023-05-13,BLOCK_C,215.5,150.4,98.0,0.0,1,0,True
2023-05-14,BLOCK_A,328.1,312.3,89.8,0.0,0,0,True
2023-05-14,BLOCK_B,278.0,214.9,73.5,0.0,0,0,True
2023-05-14,BLOCK_C,218.8,196.8,87.2,0.0,0,0,True
2023-05-15,BLOCK_A,327.3,239.4,68.3,0.0,0,0,True
2023-05-15,BLOCK_B,285.3,203.9,74.3,0.0,0,0,True
2023-05-15,BLOCK_C,228.6,114.9,75.3,0.0,1,0,True
2023-05-16,BLOCK_A,328.0,265.5,81.8,0.0,0,0,True
2023-05-16,BLOCK_B,283.0,198.8,73.1,0.0,0,0,True
2023-05-16,BLOCK_C,224.1,119.4,82.6,0.0,1,0,True
2023-05-17,BLOCK_A,329.4,174.5,74.2,0.0,1,0,True
2023-05-17,BLOCK_B,278.8,242.0,87.5,0.0,0,0,True
2023-05-17,BLOCK_C,215.9,195.9,84.9,0.0,0,0,True
2023-05-18,BLOCK_A,348.7,220.7,70.7,0.0,0,0,True
2023-05-18,BLOCK_B,270.3,293.5,96.9,0.0,0,0,True
2023-05-18,BLOCK_C,218.7,119.1,74.5,0.0,0,1,True
2023-05-19,BLOCK_A,325.6,283.2,83.5,0.0,0,0,True
2023-05-19,BLOCK_B,269.9,265.2,98.0,0.0,0,0,True
2023-05-19,BLOCK_C,230.9,196.7,85.3,0.0,0,0,True
2023-05-20,BLOCK_A,329.8,270.2,82.8,0.0,0,0,True
2023-05-20,BLOCK_B,293.0,242.8,85.0,0.0,0,0,True
2023-05-20,BLOCK_C,211.9,179.0,80.1,0.0,0,0,True
2023-05-21,BLOCK_A,348.1,261.6,82.0,0.0,0,0,True
2023-05-21,BLOCK_B,290.2,205.3,68.8,0.0,0,0,True
2023-05-21,BLOCK_C,225.8,162.6,84.9,0.0,0,0,True
2023-05-22,BLOCK_A,349.3,305.1,92.6,0.0,0,0,True
2023-05-22,BLOCK_B,292.8,226.5,81.4,0.0,0,0,True
2023-05-22,BLOCK_C,227.6,190.3,81.9,0.0,0,0,True
2023-05-23,BLOCK_A,317.3,324.2,98.0,0.0,0,0,True
2023-05-23,BLOCK_B,269.8,196.8,75.2,0.0,0,0,True
2023-05-23,BLOCK_C,213.6,133.3,78.7,0.0,1,0,True
2023-05-24,BLOCK_A,341.3,281.9,86.4,0.0,0,0,True
2023-05-24,BLOCK_B,287.5,251.0,85.8,0.0,0,0,True
2023-05-24,BLOCK_C,210.7,137.4,69.9,0.0,0,0,True
2023-05-25,BLOCK_A,343.6,283.5,83.2,0.0,0,0,True
2023-05-25,BLOCK_B,280.0,256.5,88.3,0.0,0,0,True
2023-05-25,BLOCK_C,217.9,157.4,75.0,0.0,0,0,True
2023-05-26,BLOCK_A,330.1,275.5,80.8,0.0,0,0,True
2023-05-26,BLOCK_B,283.9,236.5,83.5,0.0,0,0,True
2023-05-26,BLOCK_C,211.7,192.8,83.1,0.0,0,0,True
2023-05-27,BLOCK_A,319.0,255.0,74.2,0.0,0,0,True
2023-05-27,BLOCK_B,288.5,283.7,91.5,0.0,0,0,True
2023-05-27,BLOCK_C,215.0,150.1,68.3,0.0,0,0,True
2023-05-28,BLOCK_A,327.2,185.9,83.0,5.5,1,0,True
2023-05-28,BLOCK_B,285.8,210.3,76.1,5.5,0,0,True
2023-05-28,BLOCK_C,214.9,171.4,79.2,5.5,0,0,True
2023-05-29,BLOCK_A,347.0,286.0,86.1,0.0,0,0,True
2023-05-29,BLOCK_B,279.8,195.4,95.6,0.0,0,1,True
2023-05-29,BLOCK_C,212.7,212.0,90.7,0.0,0,0,True
2023-05-30,BLOCK_A,340.1,257.0,78.1,0.0,0,0,True
2023-05-30,BLOCK_B,267.3,240.3,86.3,0.0,0,0,True
2023-05-30,BLOCK_C,219.1,160.7,78.6,0.0,0,0,True
2023-05-31,BLOCK_A,330.5,288.4,85.6,0.0,0,0,True
2023-05-31,BLOCK_B,279.2,229.9,80.8,0.0,0,0,True
2023-05-31,BLOCK_C,215.5,180.2,86.0,0.0,0,0,True
2023-06-01,BLOCK_A,329.8,259.0,75.8,0.0,0,0,True
2023-06-01,BLOCK_B,276.3,152.0,69.0,0.0,0,1,True
2023-06-01,BLOCK_C,217.3,168.6,81.2,0.0,0,0,True
2023-06-02,BLOCK_A,336.5,273.5,82.8,0.0,0,0,True
2023-06-02,BLOCK_B,285.0,248.8,91.4,0.0,0,0,True
2023-06-02,BLOCK_C,230.5,200.4,88.4,0.0,0,0,True
2023-06-03,BLOCK_A,342.4,170.5,65.7,1.4,0,1,True
2023-06-03,BLOCK_B,274.4,181.6,84.3,1.4,0,1,True
2023-06-03,BLOCK_C,228.8,197.9,88.4,1.4,0,0,True
2023-06-04,BLOCK_A,318.8,248.9,77.1,0.0,0,0,True
2023-06-04,BLOCK_B,279.3,235.2,83.2,0.0,0,0,True
2023-06-04,BLOCK_C,217.0,165.0,77.7,0.0,0,0,True
2023-06-05,BLOCK_A,335.9,281.6,85.6,0.0,0,0,True
2023-06-05,BLOCK_B,284.9,201.7,76.5,0.0,0,0,True
2023-06-05,BLOCK_C,219.3,194.6,85.6,0.0,0,0,True
2023-06-06,BLOCK_A,331.6,224.4,70.1,4.0,0,0,True
2023-06-06,BLOCK_B,268.1,233.1,89.7,4.0,0,0,True
2023-06-06,BLOCK_C,218.5,105.3,71.6,4.0,1,0,True
2023-06-07,BLOCK_A,343.1,271.1,79.6,0.0,0,0,True
2023-06-07,BLOCK_B,292.6,236.8,83.4,0.0,0,0,True
2023-06-07,BLOCK_C,222.1,179.3,84.5,0.0,0,0,True
2023-06-08,BLOCK_A,346.9,288.2,86.4,0.0,0,0,True
2023-06-08,BLOCK_B,279.4,219.2,75.3,0.0,0,0,True
2023-06-08,BLOCK_C,212.6,166.4,94.9,0.0,0,1,True
2023-06-09,BLOCK_A,347.5,252.7,88.0,7.9,0,0,True
2023-06-09,BLOCK_B,289.7,159.2,79.2,7.9,0,1,True
2023-06-09,BLOCK_C,219.6,155.9,76.6,7.9,0,0,True
2023-06-10,BLOCK_A,349.7,224.8,72.2,0.0,0,0,True
2023-06-10,BLOCK_B,292.6,200.7,68.1,0.0,0,0,True
2023-06-10,BLOCK_C,221.4,194.4,94.0,0.0,0,0,True
2023-06-11,BLOCK_A,320.0,132.8,70.8,0.0,1,1,True
2023-06-11,BLOCK_B,270.9,230.1,79.7,0.0,0,0,True
2023-06-11,BLOCK_C,218.6,218.6,87.4,0.0,0,0,True
2023-06-12,BLOCK_A,348.2,127.9,54.8,40.4,0,0,True
2023-06-12,BLOCK_B,271.7,100.1,53.0,40.4,0,0,True
2023-06-12,BLOCK_C,210.6,59.2,40.0,40.4,0,0,True
2023-06-13,BLOCK_A,342.3,255.5,75.4,0.0,0,0,True
2023-06-13,BLOCK_B,273.9,220.3,79.0,0.0,0,0,True
2023-06-13,BLOCK_C,209.0,169.2,88.5,0.0,0,0,True
2023-06-14,BLOCK_A,326.8,260.2,88.4,6.5,0,0,True
2023-06-14,BLOCK_B,277.8,180.3,74.5,6.5,0,0,True
2023-06-14,BLOCK_C,213.0,178.5,89.3,6.5,0,0,True
2023-06-15,BLOCK_A,329.7,332.8,96.9,0.0,0,0,True
2023-06-15,BLOCK_B,285.9,237.5,86.8,0.0,0,0,True
2023-06-15,BLOCK_C,209.9,179.0,88.2,0.0,0,0,True
2023-06-16,BLOCK_A,320.1,357.7,98.0,0.0,0,0,True
2023-06-16,BLOCK_B,289.2,266.6,91.7,0.0,0,0,True
2023-06-16,BLOCK_C,224.3,198.5,88.3,0.0,0,0,True
2023-06-17,BLOCK_A,327.8,286.3,91.5,7.6,0,0,True
2023-06-17,BLOCK_B,279.9,185.0,74.3,7.6,0,0,True
2023-06-17,BLOCK_C,217.5,169.5,82.5,7.6,0,0,True
2023-06-18,BLOCK_A,334.8,325.5,97.6,0.0,0,0,True
2023-06-18,BLOCK_B,288.4,195.1,65.8,0.0,0,0,True
2023-06-18,BLOCK_C,212.5,152.8,74.1,0.0,0,0,True
2023-06-19,BLOCK_A,325.0,325.6,91.9,0.0,0,0,True
2023-06-19,BLOCK_B,266.3,225.6,80.0,0.0,0,0,True
2023-06-19,BLOCK_C,215.7,189.4,93.0,0.0,0,0,True
2023-06-20,BLOCK_A,342.8,241.3,78.7,1.3,0,0,True
2023-06-20,BLOCK_B,267.6,239.2,87.3,1.3,0,0,True
2023-06-20,BLOCK_C,222.9,160.3,80.1,1.3,0,0,True
2023-06-21,BLOCK_A,331.0,225.1,72.4,5.8,0,0,True
2023-06-21,BLOCK_B,277.3,245.1,90.1,5.8,0,0,True
2023-06-21,BLOCK_C,217.7,149.7,76.4,5.8,0,0,True
2023-06-22,BLOCK_A,348.9,199.7,77.2,19.2,0,0,True
2023-06-22,BLOCK_B,274.3,174.0,84.6,19.2,0,0,True
2023-06-22,BLOCK_C,214.9,139.9,89.5,19.2,0,0,True
2023-06-23,BLOCK_A,336.6,255.2,81.3,5.7,0,0,True
2023-06-23,BLOCK_B,285.0,211.3,81.2,5.7,0,0,True
2023-06-23,BLOCK_C,218.9,173.3,82.1,5.7,0,0,True
2023-06-24,BLOCK_A,349.2,252.2,76.1,0.0,0,0,True
2023-06-24,BLOCK_B,278.2,157.6,79.5,0.0,0,1,True
2023-06-24,BLOCK_C,222.0,223.1,95.5,0.0,0,0,True
2023-06-25,BLOCK_A,345.9,236.6,76.7,4.0,0,0,True
2023-06-25,BLOCK_B,267.8,254.6,96.6,4.0,0,0,True
2023-06-25,BLOCK_C,210.8,186.9,87.0,4.0,0,0,True
2023-06-26,BLOCK_A,341.4,239.7,84.2,17.3,0,0,True
2023-06-26,BLOCK_B,291.8,226.9,91.6,17.3,0,0,True
2023-06-26,BLOCK_C,228.7,166.6,91.9,17.3,0,0,True
2023-06-27,BLOCK_A,330.9,232.7,98.0,22.0,0,0,True
2023-06-27,BLOCK_B,289.1,99.7,79.2,22.0,1,0,True
2023-06-27,BLOCK_C,220.1,127.3,82.9,22.0,0,0,True
2023-06-28,BLOCK_A,330.3,251.3,72.9,0.0,0,0,True
2023-06-28,BLOCK_B,268.0,234.2,87.3,0.0,0,0,True
2023-06-28,BLOCK_C,224.1,170.6,80.3,0.0,0,0,True
2023-06-29,BLOCK_A,334.5,227.4,72.2,0.0,0,0,True
2023-06-29,BLOCK_B,274.6,193.1,73.8,0.0,0,0,True
2023-06-29,BLOCK_C,228.3,170.0,81.2,0.0,0,0,True
2023-06-30,BLOCK_A,339.2,127.7,58.2,35.2,0,0,True
2023-06-30,BLOCK_B,270.5,70.5,49.7,35.2,1,0,True
2023-06-30,BLOCK_C,212.6,70.8,66.5,35.2,1,1,True
2023-07-01,BLOCK_A,324.7,123.7,58.4,39.9,0,0,True
2023-07-01,BLOCK_B,272.9,77.0,63.3,39.9,1,0,True
2023-07-01,BLOCK_C,222.6,78.2,44.8,39.9,0,0,True
2023-07-02,BLOCK_A,322.4,206.4,61.9,0.0,0,0,True
2023-07-02,BLOCK_B,280.9,228.9,85.0,0.0,0,0,True
2023-07-02,BLOCK_C,212.1,171.6,75.0,0.0,0,0,True
2023-07-03,BLOCK_A,330.6,225.6,82.6,12.8,0,0,True
2023-07-03,BLOCK_B,285.3,219.7,85.2,12.8,0,0,True
2023-07-03,BLOCK_C,227.6,121.7,66.3,12.8,0,0,True
2023-07-04,BLOCK_A,346.1,120.2,55.8,34.8,0,0,True
2023-07-04,BLOCK_B,271.7,56.5,60.3,34.8,1,0,True
2023-07-04,BLOCK_C,210.6,96.8,71.1,34.8,0,0,True
2023-07-05,BLOCK_A,328.3,244.2,78.0,4.5,0,0,True
2023-07-05,BLOCK_B,286.2,187.7,93.3,4.5,1,0,True
2023-07-05,BLOCK_C,223.6,169.4,81.4,4.5,0,0,True
2023-07-06,BLOCK_A,318.9,303.4,86.7,0.0,0,0,True
2023-07-06,BLOCK_B,288.5,207.3,73.8,0.0,0,0,True
2023-07-06,BLOCK_C,225.3,170.0,79.5,0.0,0,0,True
2023-07-07,BLOCK_A,341.9,332.7,96.6,0.0,0,0,True
2023-07-07,BLOCK_B,283.7,218.2,82.3,0.0,0,0,True
2023-07-07,BLOCK_C,213.4,155.6,74.3,0.0,0,0,True
2023-07-08,BLOCK_A,333.5,267.6,75.7,0.0,0,0,True
2023-07-08,BLOCK_B,288.3,242.2,90.4,0.0,0,0,True
2023-07-08,BLOCK_C,223.0,153.0,73.6,0.0,0,0,True
2023-07-09,BLOCK_A,325.5,250.4,91.4,16.3,0,0,True
2023-07-09,BLOCK_B,271.3,186.3,85.1,16.3,0,0,True
2023-07-09,BLOCK_C,209.7,147.1,80.3,16.3,0,0,True
2023-07-10,BLOCK_A,327.4,291.6,88.4,0.0,0,0,True
2023-07-10,BLOCK_B,289.7,227.6,86.8,0.0,0,0,True
2023-07-10,BLOCK_C,231.0,194.9,92.3,0.0,0,0,True
2023-07-11,BLOCK_A,324.7,208.7,82.2,0.0,0,1,True
2023-07-11,BLOCK_B,276.1,254.2,85.7,0.0,0,0,True
2023-07-11,BLOCK_C,214.1,154.7,93.7,0.0,1,0,True
2023-07-12,BLOCK_A,335.4,305.7,90.7,0.0,0,0,True
2023-07-12,BLOCK_B,293.7,240.2,80.2,0.0,0,0,True
2023-07-12,BLOCK_C,214.0,196.6,88.6,0.0,0,0,True
2023-07-13,BLOCK_A,323.7,312.0,91.9,0.0,0,0,True
2023-07-13,BLOCK_B,267.5,269.3,98.0,0.0,0,0,True
2023-07-13,BLOCK_C,229.7,169.9,83.0,0.0,0,0,True
2023-07-14,BLOCK_A,325.8,277.2,86.2,0.0,0,0,True
2023-07-14,BLOCK_B,285.7,269.1,98.0,0.0,0,0,True
2023-07-14,BLOCK_C,209.4,205.1,87.2,0.0,0,0,True
2023-07-15,BLOCK_A,348.7,281.1,75.2,0.0,0,0,True
2023-07-15,BLOCK_B,282.0,239.0,86.1,0.0,0,0,True
2023-07-15,BLOCK_C,216.8,166.9,76.5,0.0,0,0,True
2023-07-16,BLOCK_A,338.6,284.7,86.4,0.0,0,0,True
2023-07-16,BLOCK_B,286.6,246.1,90.2,0.0,0,0,True
2023-07-16,BLOCK_C,228.7,188.4,85.3,0.0,0,0,True
2023-07-17,BLOCK_A,318.9,239.8,81.4,7.4,0,0,True
2023-07-17,BLOCK_B,272.4,174.3,69.2,7.4,0,0,True
2023-07-17,BLOCK_C,212.2,170.3,82.5,7.4,0,0,True
2023-07-18,BLOCK_A,324.4,240.2,79.9,6.4,0,0,True
2023-07-18,BLOCK_B,267.8,221.3,87.8,6.4,0,0,True
2023-07-18,BLOCK_C,228.0,135.9,67.7,6.4,0,0,True
2023-07-19,BLOCK_A,333.5,222.2,85.8,15.6,0,0,True
2023-07-19,BLOCK_B,268.3,116.5,67.9,15.6,0,1,True
2023-07-19,BLOCK_C,218.2,170.0,96.9,15.6,0,0,True
2023-07-20,BLOCK_A,345.4,267.9,86.2,0.0,0,0,True
2023-07-20,BLOCK_B,290.9,200.9,73.5,0.0,0,0,True
2023-07-20,BLOCK_C,219.8,203.9,93.0,0.0,0,0,True
2023-07-21,BLOCK_A,331.8,244.3,79.1,7.2,0,0,True
2023-07-21,BLOCK_B,270.9,267.1,98.0,7.2,0,0,True
2023-07-21,BLOCK_C,214.1,141.8,66.2,7.2,0,0,True
2023-07-22,BLOCK_A,322.8,245.3,75.7,0.0,0,0,True
2023-07-22,BLOCK_B,274.0,209.9,74.2,0.0,0,0,True
2023-07-22,BLOCK_C,217.1,176.2,83.9,0.0,0,0,True
2023-07-23,BLOCK_A,324.0,154.0,86.3,20.1,1,0,True
2023-07-23,BLOCK_B,266.0,185.1,85.4,20.1,0,0,True
2023-07-23,BLOCK_C,212.3,73.8,66.3,20.1,1,0,True
2023-07-24,BLOCK_A,318.0,245.0,75.5,0.0,0,0,True
2023-07-24,BLOCK_B,279.1,266.0,95.7,0.0,0,0,True
2023-07-24,BLOCK_C,218.5,187.2,78.8,0.0,0,0,True
2023-07-25,BLOCK_A,328.0,312.7,98.0,4.1,0,0,True
2023-07-25,BLOCK_B,280.0,193.8,66.3,4.1,0,0,True
2023-07-25,BLOCK_C,209.5,103.3,70.6,4.1,1,0,True
2023-07-26,BLOCK_A,326.0,200.5,79.7,16.9,0,0,True
2023-07-26,BLOCK_B,287.0,186.7,85.6,16.9,0,0,True
2023-07-26,BLOCK_C,221.4,118.4,81.6,16.9,0,1,True
2023-07-27,BLOCK_A,334.1,264.9,77.2,0.0,0,0,True
2023-07-27,BLOCK_B,292.9,245.7,87.0,0.0,0,0,True
2023-07-27,BLOCK_C,223.9,193.3,90.0,0.0,0,0,True
2023-07-28,BLOCK_A,325.9,314.7,90.0,0.0,0,0,True
2023-07-28,BLOCK_B,275.5,222.0,82.1,0.0,0,0,True
2023-07-28,BLOCK_C,227.4,192.0,88.1,0.0,0,0,True
2023-07-29,BLOCK_A,321.7,226.3,82.6,16.3,0,0,True
2023-07-29,BLOCK_B,279.2,216.5,92.6,16.3,0,0,True
2023-07-29,BLOCK_C,228.9,127.8,87.5,16.3,0,1,True
2023-07-30,BLOCK_A,330.3,228.2,90.5,19.6,0,0,True
2023-07-30,BLOCK_B,274.8,168.0,74.2,19.6,0,0,True
2023-07-30,BLOCK_C,216.5,153.5,92.8,19.6,0,0,True
2023-07-31,BLOCK_A,326.2,225.0,67.7,0.0,0,0,True
2023-07-31,BLOCK_B,270.6,225.1,84.0,0.0,0,0,True
2023-07-31,BLOCK_C,225.1,194.2,87.3,0.0,0,0,True
2023-08-01,BLOCK_A,346.6,157.8,69.8,0.0,1,0,True
2023-08-01,BLOCK_B,288.4,227.2,84.4,0.0,0,0,True
2023-08-01,BLOCK_C,230.6,156.7,95.1,0.0,1,0,True
2023-08-02,BLOCK_A,320.1,271.1,85.1,0.0,0,0,True
2023-08-02,BLOCK_B,288.9,235.4,82.5,0.0,0,0,True
2023-08-02,BLOCK_C,210.2,194.2,79.7,0.0,0,0,True
2023-08-03,BLOCK_A,328.6,238.8,86.4,15.5,0,0,True
2023-08-03,BLOCK_B,276.2,188.9,78.3,15.5,0,0,True
2023-08-03,BLOCK_C,219.3,165.6,92.9,15.5,0,0,True
2023-08-04,BLOCK_A,344.1,233.2,76.7,0.0,0,0,True
2023-08-04,BLOCK_B,269.3,241.2,84.5,0.0,0,0,True
2023-08-04,BLOCK_C,219.5,159.3,73.8,0.0,0,0,True
2023-08-05,BLOCK_A,340.5,266.0,81.9,0.0,0,0,True
2023-08-05,BLOCK_B,292.3,221.5,78.3,0.0,0,0,True
2023-08-05,BLOCK_C,217.9,194.0,86.2,0.0,0,0,True
2023-08-06,BLOCK_A,328.5,306.5,96.9,2.0,0,0,True
2023-08-06,BLOCK_B,277.1,215.0,80.0,2.0,0,0,True
2023-08-06,BLOCK_C,218.2,155.4,70.9,2.0,0,0,True
2023-08-07,BLOCK_A,324.0,289.6,84.8,0.0,0,0,True
2023-08-07,BLOCK_B,287.1,277.9,98.0,0.0,0,0,True
2023-08-07,BLOCK_C,227.1,184.2,84.9,0.0,0,0,True
2023-08-08,BLOCK_A,347.1,259.1,88.2,8.6,0,0,True
2023-08-08,BLOCK_B,274.6,131.4,68.5,8.6,1,0,True
2023-08-08,BLOCK_C,209.1,180.7,95.1,8.6,0,0,True
2023-08-09,BLOCK_A,348.2,307.8,93.8,0.0,0,0,True
2023-08-09,BLOCK_B,266.7,280.1,96.2,0.0,0,0,True
2023-08-09,BLOCK_C,229.6,178.9,86.5,0.0,0,0,True
2023-08-10,BLOCK_A,330.5,264.5,80.4,0.0,0,0,True
2023-08-10,BLOCK_B,291.1,170.3,81.4,0.0,0,1,True
2023-08-10,BLOCK_C,223.6,130.3,73.9,0.0,0,1,True
2023-08-11,BLOCK_A,349.1,261.6,80.0,0.0,0,0,True
2023-08-11,BLOCK_B,277.7,149.7,67.7,0.0,1,0,True
2023-08-11,BLOCK_C,209.2,132.9,77.6,0.0,1,0,True
2023-08-12,BLOCK_A,334.8,144.8,71.5,65.6,0,0,True
2023-08-12,BLOCK_B,281.4,93.6,54.7,65.6,0,0,True
2023-08-12,BLOCK_C,214.0,79.8,62.1,65.6,0,0,True
2023-08-13,BLOCK_A,318.3,96.4,59.7,25.1,1,0,True
2023-08-13,BLOCK_B,280.8,154.4,85.0,25.1,0,0,True
2023-08-13,BLOCK_C,212.4,80.8,79.3,25.1,1,0,True
2023-08-14,BLOCK_A,318.5,269.9,82.2,0.0,0,0,True
2023-08-14,BLOCK_B,284.0,240.9,87.2,0.0,0,0,True
2023-08-14,BLOCK_C,214.1,151.8,71.3,0.0,0,0,True
2023-08-15,BLOCK_A,344.1,243.9,74.2,0.0,0,0,True
2023-08-15,BLOCK_B,284.8,221.9,80.0,0.0,0,0,True
2023-08-15,BLOCK_C,230.7,216.6,90.1,0.0,0,0,True
2023-08-16,BLOCK_A,337.3,216.9,70.7,0.0,0,0,True
2023-08-16,BLOCK_B,289.8,258.6,90.4,0.0,0,0,True
2023-08-16,BLOCK_C,209.4,159.1,75.4,0.0,0,0,True
2023-08-17,BLOCK_A,320.1,305.2,90.2,0.0,0,0,True
2023-08-17,BLOCK_B,282.6,277.9,96.0,0.0,0,0,True
2023-08-17,BLOCK_C,215.1,176.9,77.1,0.0,0,0,True
2023-08-18,BLOCK_A,341.5,274.3,85.3,0.0,0,0,True
2023-08-18,BLOCK_B,286.6,204.8,80.7,0.0,0,0,True
2023-08-18,BLOCK_C,219.2,182.9,74.4,0.0,0,0,True
2023-08-19,BLOCK_A,348.8,264.1,96.0,19.6,0,0,True
2023-08-19,BLOCK_B,268.5,159.7,69.7,19.6,0,0,True
2023-08-19,BLOCK_C,212.2,136.5,75.0,19.6,0,0,True
2023-08-20,BLOCK_A,343.0,319.8,92.5,0.0,0,0,True
2023-08-20,BLOCK_B,266.0,205.5,76.0,0.0,0,0,True
2023-08-20,BLOCK_C,222.1,190.6,92.3,0.0,0,0,True
2023-08-21,BLOCK_A,344.3,283.2,84.9,1.8,0,0,True
2023-08-21,BLOCK_B,286.4,160.6,80.0,1.8,1,0,True
2023-08-21,BLOCK_C,216.8,200.2,92.4,1.8,0,0,True
2023-08-22,BLOCK_A,319.5,228.0,65.8,0.0,0,0,True
2023-08-22,BLOCK_B,272.7,219.9,80.7,0.0,0,0,True
2023-08-22,BLOCK_C,230.7,182.7,94.3,0.0,0,0,True
2023-08-23,BLOCK_A,343.7,233.7,73.3,0.0,0,0,True
2023-08-23,BLOCK_B,285.1,210.7,76.7,0.0,0,0,True
2023-08-23,BLOCK_C,221.7,212.6,91.8,0.0,0,0,True
2023-08-24,BLOCK_A,341.0,181.0,73.5,0.0,1,0,True
2023-08-24,BLOCK_B,278.4,259.3,91.4,0.0,0,0,True
2023-08-24,BLOCK_C,230.2,171.8,82.6,0.0,0,0,True
2023-08-25,BLOCK_A,320.2,327.0,92.4,1.1,0,0,True
2023-08-25,BLOCK_B,289.0,223.5,83.0,1.1,0,0,True
2023-08-25,BLOCK_C,215.8,197.2,89.7,1.1,0,0,True
2023-08-26,BLOCK_A,328.8,284.4,78.8,0.0,0,0,True
2023-08-26,BLOCK_B,281.6,176.3,88.6,0.0,1,0,True
2023-08-26,BLOCK_C,210.3,206.2,89.1,0.0,0,0,True
2023-08-27,BLOCK_A,331.8,146.1,88.4,25.4,1,0,True
2023-08-27,BLOCK_B,282.4,118.7,82.3,25.4,1,0,True
2023-08-27,BLOCK_C,220.1,122.7,86.7,25.4,0,0,True
2023-08-28,BLOCK_A,320.5,250.6,81.3,9.2,0,0,True
2023-08-28,BLOCK_B,278.4,198.0,78.8,9.2,0,0,True
2023-08-28,BLOCK_C,223.3,186.3,98.0,9.2,0,0,True
2023-08-29,BLOCK_A,329.7,274.3,87.0,2.4,0,0,True
2023-08-29,BLOCK_B,281.5,249.8,91.0,2.4,0,0,True
2023-08-29,BLOCK_C,226.7,164.1,76.5,2.4,0,0,True
2023-08-30,BLOCK_A,321.4,238.7,81.2,6.3,0,0,True
2023-08-30,BLOCK_B,292.3,240.1,87.0,6.3,0,0,True
2023-08-30,BLOCK_C,219.5,190.9,91.8,6.3,0,0,True
2023-08-31,BLOCK_A,320.8,201.8,87.5,0.0,1,0,True
2023-08-31,BLOCK_B,280.5,248.9,88.5,0.0,0,0,True
2023-08-31,BLOCK_C,226.8,180.7,78.3,0.0,0,0,True
2023-09-01,BLOCK_A,329.3,274.3,84.1,0.0,0,0,True
2023-09-01,BLOCK_B,272.1,218.0,78.1,0.0,0,0,True
2023-09-01,BLOCK_C,221.9,197.1,92.1,0.0,0,0,True
2023-09-02,BLOCK_A,342.8,253.5,70.8,0.0,0,0,True
2023-09-02,BLOCK_B,282.9,232.5,87.6,0.0,0,0,True
2023-09-02,BLOCK_C,210.3,212.8,94.2,0.0,0,0,True
2023-09-03,BLOCK_A,319.3,242.1,73.3,0.0,0,0,True
2023-09-03,BLOCK_B,276.8,223.9,82.0,0.0,0,0,True
2023-09-03,BLOCK_C,217.4,181.0,81.4,0.0,0,0,True
2023-09-04,BLOCK_A,335.5,239.3,84.3,15.4,0,0,True
2023-09-04,BLOCK_B,268.7,167.1,98.0,15.4,1,0,True
2023-09-04,BLOCK_C,227.5,140.2,79.4,15.4,0,0,True
2023-09-05,BLOCK_A,324.8,241.4,85.6,13.2,0,0,True
2023-09-05,BLOCK_B,281.5,231.3,92.2,13.2,0,0,True
2023-09-05,BLOCK_C,218.1,160.5,83.9,13.2,0,0,True
2023-09-06,BLOCK_A,319.9,267.6,87.0,4.9,0,0,True
2023-09-06,BLOCK_B,279.3,186.8,75.8,4.9,0,0,True
2023-09-06,BLOCK_C,214.3,173.2,83.4,4.9,0,0,True
2023-09-07,BLOCK_A,322.7,124.0,52.3,68.9,0,0,True
2023-09-07,BLOCK_B,289.3,129.9,69.8,68.9,0,0,True
2023-09-07,BLOCK_C,218.1,71.9,42.5,68.9,0,0,True
2023-09-08,BLOCK_A,329.8,249.4,78.3,0.0,0,0,True
2023-09-08,BLOCK_B,277.7,240.7,92.1,0.0,0,0,True
2023-09-08,BLOCK_C,219.4,231.5,98.0,0.0,0,0,True
2023-09-09,BLOCK_A,342.6,215.6,70.0,7.9,0,0,True
2023-09-09,BLOCK_B,288.3,239.0,88.5,7.9,0,0,True
2023-09-09,BLOCK_C,214.7,179.4,97.5,7.9,0,0,True
2023-09-10,BLOCK_A,326.2,251.4,88.1,12.3,0,0,True
2023-09-10,BLOCK_B,268.6,235.5,89.8,12.3,0,0,True
2023-09-10,BLOCK_C,228.7,169.7,84.8,12.3,0,0,True
2023-09-11,BLOCK_A,331.0,287.1,85.6,0.0,0,0,True
2023-09-11,BLOCK_B,273.5,210.8,78.0,0.0,0,0,True
2023-09-11,BLOCK_C,221.9,203.4,98.0,0.0,0,0,True
2023-09-12,BLOCK_A,323.8,153.5,77.2,13.1,0,1,True
2023-09-12,BLOCK_B,284.2,174.5,91.5,13.1,0,1,True
2023-09-12,BLOCK_C,212.4,162.2,82.1,13.1,0,0,True
2023-09-13,BLOCK_A,347.7,208.0,88.2,0.0,1,0,True
2023-09-13,BLOCK_B,291.1,206.8,76.4,0.0,0,0,True
2023-09-13,BLOCK_C,220.0,170.3,73.9,0.0,0,0,True
2023-09-14,BLOCK_A,323.6,247.0,83.3,9.5,0,0,True
2023-09-14,BLOCK_B,287.9,231.5,89.1,9.5,0,0,True
2023-09-14,BLOCK_C,211.9,189.3,92.6,9.5,0,0,True
2023-09-15,BLOCK_A,327.0,317.2,98.0,0.0,0,0,True
2023-09-15,BLOCK_B,277.3,207.4,76.3,0.0,0,0,True
2023-09-15,BLOCK_C,217.1,192.7,86.4,0.0,0,0,True
2023-09-16,BLOCK_A,329.2,261.6,79.0,0.0,0,0,True
2023-09-16,BLOCK_B,273.0,248.7,90.9,0.0,0,0,True
2023-09-16,BLOCK_C,227.9,195.3,86.3,0.0,0,0,True
2023-09-17,BLOCK_A,339.4,256.0,83.1,0.0,0,0,True
2023-09-17,BLOCK_B,269.4,248.4,90.9,0.0,0,0,True
2023-09-17,BLOCK_C,230.0,191.0,92.5,0.0,0,0,True
2023-09-18,BLOCK_A,327.1,312.8,91.2,0.0,0,0,True
2023-09-18,BLOCK_B,290.4,245.9,81.4,0.0,0,0,True
2023-09-18,BLOCK_C,212.7,198.0,84.4,0.0,0,0,True
2023-09-19,BLOCK_A,336.8,309.1,93.2,0.0,0,0,True
2023-09-19,BLOCK_B,269.0,252.4,86.8,0.0,0,0,True
2023-09-19,BLOCK_C,228.3,175.9,78.4,0.0,0,0,True
2023-09-20,BLOCK_A,339.3,123.2,53.2,58.6,0,0,True
2023-09-20,BLOCK_B,287.7,105.5,59.7,58.6,0,0,True
2023-09-20,BLOCK_C,217.1,57.9,49.2,58.6,0,0,True
2023-09-21,BLOCK_A,333.6,270.7,81.5,0.0,0,0,True
2023-09-21,BLOCK_B,277.6,259.9,94.2,0.0,0,0,True
2023-09-21,BLOCK_C,223.3,138.3,73.4,0.0,0,0,True
2023-09-22,BLOCK_A,327.3,296.6,89.3,0.0,0,0,True
2023-09-22,BLOCK_B,271.7,140.5,71.7,0.0,1,0,True
2023-09-22,BLOCK_C,227.6,175.2,77.3,0.0,0,0,True
2023-09-23,BLOCK_A,347.6,248.3,75.0,0.0,0,0,True
2023-09-23,BLOCK_B,276.5,273.1,94.6,0.0,0,0,True
2023-09-23,BLOCK_C,230.9,200.2,93.0,0.0,0,0,True
2023-09-24,BLOCK_A,333.6,283.8,85.2,0.0,0,0,True
2023-09-24,BLOCK_B,287.1,221.7,85.0,0.0,0,0,True
2023-09-24,BLOCK_C,211.1,132.1,75.2,0.0,1,0,True
2023-09-25,BLOCK_A,327.9,79.4,56.0,30.8,1,0,True
2023-09-25,BLOCK_B,281.6,87.2,57.1,30.8,0,0,True
2023-09-25,BLOCK_C,219.8,46.2,47.9,30.8,1,0,True
2023-09-26,BLOCK_A,322.1,247.0,79.9,7.0,0,0,True
2023-09-26,BLOCK_B,268.0,229.8,84.4,7.0,0,0,True
2023-09-26,BLOCK_C,214.4,130.2,81.4,7.0,0,1,True
2023-09-27,BLOCK_A,342.3,250.7,77.9,0.0,0,0,True
2023-09-27,BLOCK_B,277.0,206.7,73.3,0.0,0,0,True
2023-09-27,BLOCK_C,215.8,208.2,94.6,0.0,0,0,True
2023-09-28,BLOCK_A,334.9,263.3,81.2,0.0,0,0,True
2023-09-28,BLOCK_B,273.7,222.6,79.9,0.0,0,0,True
2023-09-28,BLOCK_C,229.9,184.2,86.2,0.0,0,0,True
2023-09-29,BLOCK_A,342.5,293.8,92.6,0.0,0,0,True
2023-09-29,BLOCK_B,292.3,263.7,92.5,0.0,0,0,True
2023-09-29,BLOCK_C,215.9,171.1,71.8,0.0,0,0,True
2023-09-30,BLOCK_A,329.4,265.9,80.8,0.0,0,0,True
2023-09-30,BLOCK_B,284.0,276.7,95.9,0.0,0,0,True
2023-09-30,BLOCK_C,213.5,206.0,94.3,0.0,0,0,True
2023-10-01,BLOCK_A,328.1,258.5,74.1,0.0,0,0,True
2023-10-01,BLOCK_B,272.7,214.2,77.2,0.0,0,0,True
2023-10-01,BLOCK_C,211.0,163.5,74.5,0.0,0,0,True
2023-10-02,BLOCK_A,348.8,286.2,88.3,0.0,0,0,True
2023-10-02,BLOCK_B,281.5,202.8,71.9,0.0,0,0,True
2023-10-02,BLOCK_C,216.2,199.4,93.6,0.0,0,0,True
2023-10-03,BLOCK_A,336.5,253.5,81.1,0.0,0,0,True
2023-10-03,BLOCK_B,291.7,182.2,68.2,0.0,0,0,True
2023-10-03,BLOCK_C,219.8,192.4,88.6,0.0,0,0,True
2023-10-04,BLOCK_A,328.0,305.1,92.2,0.0,0,0,True
2023-10-04,BLOCK_B,292.3,270.7,94.1,0.0,0,0,True
2023-10-04,BLOCK_C,217.7,174.7,82.0,0.0,0,0,True
2023-10-05,BLOCK_A,328.5,251.2,73.9,0.0,0,0,True
2023-10-05,BLOCK_B,271.7,246.6,91.1,0.0,0,0,True
2023-10-05,BLOCK_C,230.3,141.2,75.9,0.0,0,0,True
2023-10-06,BLOCK_A,325.0,192.8,74.7,0.0,0,1,True
2023-10-06,BLOCK_B,267.1,258.5,90.7,0.0,0,0,True
2023-10-06,BLOCK_C,225.0,215.9,95.1,0.0,0,0,True
2023-10-07,BLOCK_A,328.0,263.4,78.4,0.0,0,0,True
2023-10-07,BLOCK_B,275.2,253.2,86.0,0.0,0,0,True
2023-10-07,BLOCK_C,227.8,193.9,89.8,0.0,0,0,True
2023-10-08,BLOCK_A,322.7,241.9,73.3,0.0,0,0,True
2023-10-08,BLOCK_B,283.8,151.8,78.4,0.0,1,0,True
2023-10-08,BLOCK_C,221.3,198.6,86.3,0.0,0,0,True
2023-10-09,BLOCK_A,347.6,233.5,69.5,0.0,0,0,True
2023-10-09,BLOCK_B,269.4,220.5,85.5,0.0,0,0,True
2023-10-09,BLOCK_C,212.7,193.3,94.7,0.0,0,0,True
2023-10-10,BLOCK_A,342.0,246.5,72.8,0.0,0,0,True
2023-10-10,BLOCK_B,282.9,263.2,98.0,0.0,0,0,True
2023-10-10,BLOCK_C,213.3,178.5,78.8,0.0,0,0,True
2023-10-11,BLOCK_A,331.2,271.4,86.5,0.0,0,0,True
2023-10-11,BLOCK_B,291.8,145.5,66.5,0.0,0,1,True
2023-10-11,BLOCK_C,219.4,136.7,87.8,0.0,1,0,True
2023-10-12,BLOCK_A,332.8,330.4,98.0,0.0,0,0,True
2023-10-12,BLOCK_B,278.0,227.8,79.1,0.0,0,0,True
2023-10-12,BLOCK_C,225.9,177.9,83.9,0.0,0,0,True
2023-10-13,BLOCK_A,320.6,245.1,82.4,7.2,0,0,True
2023-10-13,BLOCK_B,277.8,205.6,82.5,7.2,0,0,True
2023-10-13,BLOCK_C,216.3,152.8,77.6,7.2,0,0,True
2023-10-14,BLOCK_A,348.8,327.3,95.8,0.0,0,0,True
2023-10-14,BLOCK_B,278.8,267.6,96.0,0.0,0,0,True
2023-10-14,BLOCK_C,229.3,175.3,82.8,0.0,0,0,True
2023-10-15,BLOCK_A,325.0,297.4,90.5,0.0,0,0,True
2023-10-15,BLOCK_B,268.8,246.8,94.0,0.0,0,0,True
2023-10-15,BLOCK_C,229.5,166.7,74.8,0.0,0,0,True
2023-10-16,BLOCK_A,346.0,299.4,89.0,0.0,0,0,True
2023-10-16,BLOCK_B,274.7,260.8,89.1,0.0,0,0,True
2023-10-16,BLOCK_C,225.6,119.9,70.7,0.0,0,1,True
2023-10-17,BLOCK_A,332.3,263.2,79.9,0.0,0,0,True
2023-10-17,BLOCK_B,277.9,162.0,80.1,0.0,1,0,True
2023-10-17,BLOCK_C,227.0,198.5,89.9,0.0,0,0,True
2023-10-18,BLOCK_A,347.8,261.6,74.2,0.0,0,0,True
2023-10-18,BLOCK_B,275.3,262.9,91.1,0.0,0,0,True
2023-10-18,BLOCK_C,226.6,181.0,81.9,0.0,0,0,True
2023-10-19,BLOCK_A,349.4,321.5,93.8,0.0,0,0,True
2023-10-19,BLOCK_B,288.5,254.2,91.4,0.0,0,0,True
2023-10-19,BLOCK_C,213.8,195.0,92.2,0.0,0,0,True
2023-10-20,BLOCK_A,341.4,251.3,81.1,0.0,0,0,True
2023-10-20,BLOCK_B,277.2,228.7,84.0,0.0,0,0,True
2023-10-20,BLOCK_C,222.2,185.1,76.0,0.0,0,0,True
2023-10-21,BLOCK_A,316.9,232.4,91.6,0.0,1,0,True
2023-10-21,BLOCK_B,293.4,206.8,83.5,0.0,0,0,True
2023-10-21,BLOCK_C,221.8,192.4,86.1,0.0,0,0,True
2023-10-22,BLOCK_A,348.9,265.3,78.9,0.0,0,0,True
2023-10-22,BLOCK_B,267.9,196.3,65.4,0.0,0,0,True
2023-10-22,BLOCK_C,227.2,172.0,77.8,0.0,0,0,True
2023-10-23,BLOCK_A,332.3,273.0,79.5,0.0,0,0,True
2023-10-23,BLOCK_B,274.3,244.1,81.8,0.0,0,0,True
2023-10-23,BLOCK_C,216.3,184.4,81.6,0.0,0,0,True
2023-10-24,BLOCK_A,346.3,321.6,97.5,0.0,0,0,True
2023-10-24,BLOCK_B,268.7,220.4,75.2,0.0,0,0,True
2023-10-24,BLOCK_C,209.5,177.8,79.2,0.0,0,0,True
2023-10-25,BLOCK_A,317.5,289.8,86.2,0.0,0,0,True
2023-10-25,BLOCK_B,279.4,249.9,90.1,0.0,0,0,True
2023-10-25,BLOCK_C,222.5,135.4,58.9,0.0,0,0,True
2023-10-26,BLOCK_A,336.0,240.7,75.1,0.0,0,0,True
2023-10-26,BLOCK_B,267.5,216.1,76.6,0.0,0,0,True
2023-10-26,BLOCK_C,220.2,156.3,76.1,0.0,0,0,True
2023-10-27,BLOCK_A,348.1,213.8,89.4,0.0,0,1,True
2023-10-27,BLOCK_B,288.7,225.5,80.4,0.0,0,0,True
2023-10-27,BLOCK_C,224.2,170.3,85.6,0.0,0,0,True
2023-10-28,BLOCK_A,349.2,288.3,83.0,0.0,0,0,True
2023-10-28,BLOCK_B,281.2,255.1,84.2,0.0,0,0,True
2023-10-28,BLOCK_C,217.2,176.9,78.1,0.0,0,0,True
2023-10-29,BLOCK_A,342.7,314.6,94.6,0.0,0,0,True
2023-10-29,BLOCK_B,288.7,208.2,76.9,0.0,0,0,True
2023-10-29,BLOCK_C,209.2,207.5,84.3,0.0,0,0,True
2023-10-30,BLOCK_A,345.4,271.3,84.7,0.0,0,0,True
2023-10-30,BLOCK_B,286.1,213.1,76.9,0.0,0,0,True
2023-10-30,BLOCK_C,228.1,193.0,89.1,0.0,0,0,True
2023-10-31,BLOCK_A,334.2,201.8,74.0,0.0,0,1,True
2023-10-31,BLOCK_B,267.4,184.9,70.4,0.0,0,0,True
2023-10-31,BLOCK_C,216.1,162.4,78.2,0.0,0,0,True
2023-11-01,BLOCK_A,335.9,317.3,92.3,0.0,0,0,True
2023-11-01,BLOCK_B,285.0,229.1,84.2,0.0,0,0,True
2023-11-01,BLOCK_C,227.5,154.4,71.1,0.0,0,0,True
2023-11-02,BLOCK_A,328.2,317.0,89.5,0.9,0,0,True
2023-11-02,BLOCK_B,272.7,206.9,79.6,0.9,0,0,True
2023-11-02,BLOCK_C,217.1,185.1,85.3,0.9,0,0,True
2023-11-03,BLOCK_A,318.9,237.4,73.9,0.0,0,0,True
2023-11-03,BLOCK_B,290.0,233.3,79.7,0.0,0,0,True
2023-11-03,BLOCK_C,210.3,143.1,69.2,0.0,0,0,True
2023-11-04,BLOCK_A,343.7,246.3,79.3,0.0,0,0,True
2023-11-04,BLOCK_B,293.6,236.1,88.5,0.0,0,0,True
2023-11-04,BLOCK_C,212.4,205.6,86.4,0.0,0,0,True
2023-11-05,BLOCK_A,335.9,290.7,84.4,0.0,0,0,True
2023-11-05,BLOCK_B,267.4,215.5,82.6,0.0,0,0,True
2023-11-05,BLOCK_C,220.1,153.8,73.8,0.0,0,0,True
2023-11-06,BLOCK_A,345.6,263.7,78.2,0.0,0,0,True
2023-11-06,BLOCK_B,287.5,231.0,85.5,0.0,0,0,True
2023-11-06,BLOCK_C,223.2,128.3,96.7,0.0,1,0,True
2023-11-07,BLOCK_A,331.1,269.1,86.2,0.0,0,0,True
2023-11-07,BLOCK_B,288.3,199.7,64.0,0.0,0,0,True
2023-11-07,BLOCK_C,228.1,201.2,86.4,0.0,0,0,True
2023-11-08,BLOCK_A,321.2,240.3,77.5,1.2,0,0,True
2023-11-08,BLOCK_B,289.4,218.7,78.0,1.2,0,0,True
2023-11-08,BLOCK_C,223.1,118.6,75.8,1.2,0,1,True
2023-11-09,BLOCK_A,340.8,300.4,86.9,0.0,0,0,True
2023-11-09,BLOCK_B,284.2,219.6,78.7,0.0,0,0,True
2023-11-09,BLOCK_C,224.4,170.2,77.7,0.0,0,0,True
2023-11-10,BLOCK_A,338.0,264.1,85.1,0.0,0,0,True
2023-11-10,BLOCK_B,276.1,180.0,65.5,0.0,0,0,True
2023-11-10,BLOCK_C,224.7,155.4,75.8,0.0,0,0,True
2023-11-11,BLOCK_A,345.6,271.0,82.0,3.6,0,0,True
2023-11-11,BLOCK_B,284.8,217.4,78.6,3.6,0,0,True
2023-11-11,BLOCK_C,228.3,164.1,85.5,3.6,0,0,True
2023-11-12,BLOCK_A,344.0,282.8,81.3,0.0,0,0,True
2023-11-12,BLOCK_B,268.6,258.1,86.8,0.0,0,0,True
2023-11-12,BLOCK_C,213.1,137.9,84.0,0.0,0,1,True
2023-11-13,BLOCK_A,343.9,222.4,73.7,3.4,0,0,True
2023-11-13,BLOCK_B,266.7,253.0,89.0,3.4,0,0,True
2023-11-13,BLOCK_C,223.9,153.8,78.4,3.4,0,0,True
2023-11-14,BLOCK_A,345.3,283.4,83.9,0.0,0,0,True
2023-11-14,BLOCK_B,288.8,286.7,97.9,0.0,0,0,True
2023-11-14,BLOCK_C,227.4,182.0,79.3,0.0,0,0,True
2023-11-15,BLOCK_A,317.7,247.6,73.4,0.0,0,0,True
2023-11-15,BLOCK_B,272.6,251.6,89.9,0.0,0,0,True
2023-11-15,BLOCK_C,225.7,198.1,90.0,0.0,0,0,True
2023-11-16,BLOCK_A,321.9,316.3,89.9,0.0,0,0,True
2023-11-16,BLOCK_B,278.5,237.1,84.8,0.0,0,0,True
2023-11-16,BLOCK_C,216.8,158.9,70.3,0.0,0,0,True
2023-11-17,BLOCK_A,320.1,297.7,88.5,0.0,0,0,True
2023-11-17,BLOCK_B,278.7,239.6,84.2,0.0,0,0,True
2023-11-17,BLOCK_C,215.7,170.3,81.6,0.0,0,0,True
2023-11-18,BLOCK_A,338.1,274.4,79.1,0.0,0,0,True
2023-11-18,BLOCK_B,285.0,270.2,91.3,0.0,0,0,True
2023-11-18,BLOCK_C,219.0,195.0,84.3,0.0,0,0,True
2023-11-19,BLOCK_A,339.7,290.1,88.9,0.0,0,0,True
2023-11-19,BLOCK_B,291.5,252.9,95.2,0.0,0,0,True
2023-11-19,BLOCK_C,215.8,195.0,86.0,0.0,0,0,True
2023-11-20,BLOCK_A,347.0,322.2,94.1,0.0,0,0,True
2023-11-20,BLOCK_B,266.8,250.6,94.6,0.0,0,0,True
2023-11-20,BLOCK_C,214.2,181.0,74.4,0.0,0,0,True
2023-11-21,BLOCK_A,325.6,220.1,77.5,9.6,0,0,True
2023-11-21,BLOCK_B,291.6,234.5,94.6,9.6,0,0,True
2023-11-21,BLOCK_C,230.2,145.2,78.9,9.6,0,0,True
2023-11-22,BLOCK_A,329.2,263.2,81.0,0.0,0,0,True
2023-11-22,BLOCK_B,277.7,228.0,78.5,0.0,0,0,True
2023-11-22,BLOCK_C,211.6,196.7,88.8,0.0,0,0,True
2023-11-23,BLOCK_A,340.3,261.6,76.8,0.0,0,0,True
2023-11-23,BLOCK_B,268.0,222.9,87.4,0.0,0,0,True
2023-11-23,BLOCK_C,227.0,203.6,94.0,0.0,0,0,True
2023-11-24,BLOCK_A,336.8,263.9,73.7,0.0,0,0,True
2023-11-24,BLOCK_B,266.5,229.6,80.2,0.0,0,0,True
2023-11-24,BLOCK_C,216.0,160.8,73.0,0.0,0,0,True
2023-11-25,BLOCK_A,330.2,151.1,78.5,0.0,1,1,True
2023-11-25,BLOCK_B,282.4,157.4,92.2,0.0,1,0,True
2023-11-25,BLOCK_C,224.8,207.8,96.3,0.0,0,0,True
2023-11-26,BLOCK_A,323.7,280.5,88.1,0.0,0,0,True
2023-11-26,BLOCK_B,273.2,249.4,86.1,0.0,0,0,True
2023-11-26,BLOCK_C,213.5,170.0,71.3,0.0,0,0,True
2023-11-27,BLOCK_A,335.5,319.4,97.0,0.0,0,0,True
2023-11-27,BLOCK_B,271.4,193.9,70.1,0.0,0,0,True
2023-11-27,BLOCK_C,229.9,221.2,98.0,0.0,0,0,True
2023-11-28,BLOCK_A,319.9,273.4,75.7,0.0,0,0,True
2023-11-28,BLOCK_B,270.6,246.9,88.7,0.0,0,0,True
2023-11-28,BLOCK_C,220.4,170.4,73.1,0.0,0,0,True
2023-11-29,BLOCK_A,322.5,250.4,72.9,0.0,0,0,True
2023-11-29,BLOCK_B,284.9,254.2,89.9,0.0,0,0,True
2023-11-29,BLOCK_C,214.5,209.7,90.2,0.0,0,0,True
2023-11-30,BLOCK_A,330.3,162.3,72.8,0.0,1,0,True
2023-11-30,BLOCK_B,289.1,226.1,81.5,0.0,0,0,True
2023-11-30,BLOCK_C,210.0,165.9,71.0,0.0,0,0,True
2023-12-01,BLOCK_A,330.0,279.2,82.0,0.0,0,0,True
2023-12-01,BLOCK_B,291.1,224.7,78.1,0.0,0,0,True
2023-12-01,BLOCK_C,215.4,173.0,84.0,0.0,0,0,True
2023-12-02,BLOCK_A,318.1,251.2,88.8,12.9,0,0,True
2023-12-02,BLOCK_B,266.4,144.3,66.7,12.9,0,1,True
2023-12-02,BLOCK_C,224.1,178.2,95.7,12.9,0,0,True
2023-12-03,BLOCK_A,322.4,294.0,85.3,0.0,0,0,True
2023-12-03,BLOCK_B,280.5,230.2,84.5,0.0,0,0,True
2023-12-03,BLOCK_C,227.0,186.8,83.0,0.0,0,0,True
2023-12-04,BLOCK_A,334.9,254.5,76.1,0.0,0,0,True
2023-12-04,BLOCK_B,290.0,241.8,87.7,0.0,0,0,True
2023-12-04,BLOCK_C,211.2,169.1,71.0,0.0,0,0,True
2023-12-05,BLOCK_A,324.5,298.4,88.4,0.0,0,0,True
2023-12-05,BLOCK_B,282.6,217.6,81.4,0.0,0,0,True
2023-12-05,BLOCK_C,225.7,173.1,83.1,0.0,0,0,True
2023-12-06,BLOCK_A,348.3,222.6,64.4,0.0,0,0,True
2023-12-06,BLOCK_B,279.2,259.1,92.7,0.0,0,0,True
2023-12-06,BLOCK_C,216.3,212.5,98.0,0.0,0,0,True
2023-12-07,BLOCK_A,327.8,265.6,80.9,0.0,0,0,True
2023-12-07,BLOCK_B,270.7,133.0,67.9,0.0,1,0,True
2023-12-07,BLOCK_C,221.0,153.9,66.6,0.0,0,0,True
2023-12-08,BLOCK_A,325.2,253.7,80.9,0.0,0,0,True
2023-12-08,BLOCK_B,285.9,227.8,82.5,0.0,0,0,True
2023-12-08,BLOCK_C,221.4,186.2,88.3,0.0,0,0,True
2023-12-09,BLOCK_A,345.8,303.1,93.6,0.0,0,0,True
2023-12-09,BLOCK_B,269.5,218.5,82.8,0.0,0,0,True
2023-12-09,BLOCK_C,229.8,183.9,82.5,0.0,0,0,True
2023-12-10,BLOCK_A,340.0,287.9,90.0,0.0,0,0,True
2023-12-10,BLOCK_B,266.1,248.4,83.4,0.0,0,0,True
2023-12-10,BLOCK_C,215.3,199.8,93.8,0.0,0,0,True
2023-12-11,BLOCK_A,330.3,286.1,84.5,0.4,0,0,True
2023-12-11,BLOCK_B,276.1,223.5,78.5,0.4,0,0,True
2023-12-11,BLOCK_C,222.8,189.8,83.9,0.4,0,0,True
2023-12-12,BLOCK_A,317.7,306.4,90.0,0.8,0,0,True
2023-12-12,BLOCK_B,270.3,198.6,74.6,0.8,0,0,True
2023-12-12,BLOCK_C,219.8,183.7,84.5,0.8,0,0,True
2023-12-13,BLOCK_A,318.5,277.3,83.4,3.9,0,0,True
2023-12-13,BLOCK_B,270.8,198.3,78.1,3.9,0,0,True
2023-12-13,BLOCK_C,211.6,189.9,87.7,3.9,0,0,True
2023-12-14,BLOCK_A,339.9,314.9,92.6,0.0,0,0,True
2023-12-14,BLOCK_B,270.4,241.8,88.1,0.0,0,0,True
2023-12-14,BLOCK_C,224.5,194.1,89.0,0.0,0,0,True
2023-12-15,BLOCK_A,325.3,232.8,74.9,0.0,0,0,True
2023-12-15,BLOCK_B,269.5,183.4,69.5,0.0,0,0,True
2023-12-15,BLOCK_C,212.4,143.9,72.0,0.0,0,0,True
2023-12-16,BLOCK_A,323.0,252.2,76.5,0.0,0,0,True
2023-12-16,BLOCK_B,293.6,234.0,78.9,0.0,0,0,True
2023-12-16,BLOCK_C,221.2,163.9,79.6,0.0,0,0,True
2023-12-17,BLOCK_A,345.5,270.3,83.8,0.0,0,0,True
2023-12-17,BLOCK_B,283.0,237.4,86.6,0.0,0,0,True
2023-12-17,BLOCK_C,219.2,115.0,79.0,0.0,1,0,True
2023-12-18,BLOCK_A,337.3,307.2,90.8,0.0,0,0,True
2023-12-18,BLOCK_B,289.8,244.8,83.0,0.0,0,0,True
2023-12-18,BLOCK_C,215.7,136.1,71.9,0.0,0,1,True
2023-12-19,BLOCK_A,336.3,250.9,72.9,0.0,0,0,True
2023-12-19,BLOCK_B,271.5,250.3,84.9,0.0,0,0,True
2023-12-19,BLOCK_C,213.6,203.2,91.5,0.0,0,0,True
2023-12-20,BLOCK_A,321.4,289.3,87.2,0.0,0,0,True
2023-12-20,BLOCK_B,290.7,215.4,77.8,0.0,0,0,True
2023-12-20,BLOCK_C,226.2,141.5,77.2,0.0,0,0,True
2023-12-21,BLOCK_A,329.2,265.9,86.5,0.0,0,0,True
2023-12-21,BLOCK_B,280.7,214.4,73.4,0.0,0,0,True
2023-12-21,BLOCK_C,224.9,164.7,97.9,0.0,1,0,True
2023-12-22,BLOCK_A,334.8,256.6,77.6,0.0,0,0,True
2023-12-22,BLOCK_B,277.4,156.2,77.7,0.0,1,0,True
2023-12-22,BLOCK_C,220.8,154.5,70.0,0.0,0,0,True
2023-12-23,BLOCK_A,332.0,242.2,75.2,0.0,0,0,True
2023-12-23,BLOCK_B,289.1,214.5,77.1,0.0,0,0,True
2023-12-23,BLOCK_C,222.1,173.0,78.6,0.0,0,0,True
2023-12-24,BLOCK_A,334.7,293.8,88.3,0.0,0,0,True
2023-12-24,BLOCK_B,279.0,212.2,81.5,0.0,0,0,True
2023-12-24,BLOCK_C,216.8,170.2,83.1,0.0,0,0,True
2023-12-25,BLOCK_A,347.8,229.6,84.9,0.0,0,1,True
2023-12-25,BLOCK_B,272.9,267.5,98.0,0.0,0,0,True
2023-12-25,BLOCK_C,215.2,169.1,76.3,0.0,0,0,True
2023-12-26,BLOCK_A,349.7,258.2,82.9,0.0,0,0,True
2023-12-26,BLOCK_B,290.0,252.2,88.8,0.0,0,0,True
2023-12-26,BLOCK_C,210.3,184.3,80.4,0.0,0,0,True
2023-12-27,BLOCK_A,318.2,297.8,90.5,0.0,0,0,True
2023-12-27,BLOCK_B,277.9,247.0,88.9,0.0,0,0,True
2023-12-27,BLOCK_C,230.7,169.9,77.5,0.0,0,0,True
2023-12-28,BLOCK_A,348.2,264.9,76.8,0.0,0,0,True
2023-12-28,BLOCK_B,292.4,243.7,83.3,0.0,0,0,True
2023-12-28,BLOCK_C,221.2,111.7,69.1,0.0,1,0,True
2023-12-29,BLOCK_A,334.6,269.2,82.9,3.6,0,0,True
2023-12-29,BLOCK_B,289.6,233.0,88.0,3.6,0,0,True
2023-12-29,BLOCK_C,217.9,169.3,82.1,3.6,0,0,True
2023-12-30,BLOCK_A,325.6,256.9,76.9,0.0,0,0,True
2023-12-30,BLOCK_B,284.4,253.8,86.9,0.0,0,0,True
2023-12-30,BLOCK_C,229.3,164.9,74.8,0.0,0,0,True
2023-12-31,BLOCK_A,332.7,261.5,82.7,0.0,0,0,True
2023-12-31,BLOCK_B,277.9,264.7,89.0,0.0,0,0,True
2023-12-31,BLOCK_C,213.8,177.4,80.9,0.0,0,0,True
2024-01-01,BLOCK_A,319.3,269.2,80.8,0.0,0,0,True
2024-01-01,BLOCK_B,287.6,226.2,80.3,0.0,0,0,True
2024-01-01,BLOCK_C,226.6,155.3,70.3,0.0,0,0,True
2024-01-02,BLOCK_A,321.8,251.6,77.5,0.0,0,0,True
2024-01-02,BLOCK_B,267.9,233.5,79.6,0.0,0,0,True
2024-01-02,BLOCK_C,228.8,178.3,82.0,0.0,0,0,True
2024-01-03,BLOCK_A,336.9,285.2,87.1,0.0,0,0,True
2024-01-03,BLOCK_B,279.9,226.7,84.0,0.0,0,0,True
2024-01-03,BLOCK_C,218.7,125.4,85.2,0.0,0,1,True
2024-01-04,BLOCK_A,340.4,261.7,79.0,0.0,0,0,True
2024-01-04,BLOCK_B,272.7,204.6,75.1,0.0,0,0,True
2024-01-04,BLOCK_C,216.8,210.3,87.4,0.0,0,0,True
2024-01-05,BLOCK_A,316.8,278.0,84.7,0.0,0,0,True
2024-01-05,BLOCK_B,276.4,256.4,90.9,0.0,0,0,True
2024-01-05,BLOCK_C,210.9,183.8,75.7,0.0,0,0,True
2024-01-06,BLOCK_A,343.0,223.1,68.2,0.0,0,0,True
2024-01-06,BLOCK_B,287.0,215.8,78.3,0.0,0,0,True
2024-01-06,BLOCK_C,221.8,223.9,98.0,0.0,0,0,True
2024-01-07,BLOCK_A,320.5,268.7,83.9,0.0,0,0,True
2024-01-07,BLOCK_B,290.3,162.9,76.8,0.0,1,0,True
2024-01-07,BLOCK_C,225.0,161.6,78.9,0.0,0,0,True
2024-01-08,BLOCK_A,330.2,315.9,98.0,0.0,0,0,True
2024-01-08,BLOCK_B,288.6,262.7,87.3,0.0,0,0,True
2024-01-08,BLOCK_C,212.0,208.7,85.5,0.0,0,0,True
2024-01-09,BLOCK_A,336.2,265.5,82.2,0.0,0,0,True
2024-01-09,BLOCK_B,279.8,230.8,80.6,0.0,0,0,True
2024-01-09,BLOCK_C,228.7,201.3,89.6,0.0,0,0,True
2024-01-10,BLOCK_A,322.6,249.4,79.3,0.0,0,0,True
2024-01-10,BLOCK_B,269.8,228.9,87.9,0.0,0,0,True
2024-01-10,BLOCK_C,225.4,191.6,85.2,0.0,0,0,True
2024-01-11,BLOCK_A,321.0,300.3,91.7,0.0,0,0,True
2024-01-11,BLOCK_B,269.7,250.2,85.9,0.0,0,0,True
2024-01-11,BLOCK_C,220.6,168.5,73.4,0.0,0,0,True
2024-01-12,BLOCK_A,317.2,172.6,71.2,0.0,0,1,True
2024-01-12,BLOCK_B,288.1,236.8,88.4,0.0,0,0,True
2024-01-12,BLOCK_C,225.3,174.8,73.3,0.0,0,0,True
2024-01-13,BLOCK_A,341.5,227.6,71.0,0.0,0,0,True
2024-01-13,BLOCK_B,292.0,280.0,98.0,0.0,0,0,True
2024-01-13,BLOCK_C,214.1,203.2,89.9,0.0,0,0,True
2024-01-14,BLOCK_A,331.2,246.6,76.9,0.0,0,0,True
2024-01-14,BLOCK_B,289.2,260.0,98.0,0.0,0,0,True
2024-01-14,BLOCK_C,211.0,153.8,70.9,0.0,0,0,True
2024-01-15,BLOCK_A,335.4,307.7,91.7,0.0,0,0,True
2024-01-15,BLOCK_B,285.0,189.4,70.1,0.0,0,0,True
2024-01-15,BLOCK_C,210.9,199.0,85.0,0.0,0,0,True
2024-01-16,BLOCK_A,322.0,255.0,78.9,0.0,0,0,True
2024-01-16,BLOCK_B,293.3,239.1,86.5,0.0,0,0,True
2024-01-16,BLOCK_C,228.1,168.3,74.6,0.0,0,0,True
2024-01-17,BLOCK_A,331.7,247.3,80.8,0.0,0,0,True
2024-01-17,BLOCK_B,286.4,245.1,86.3,0.0,0,0,True
2024-01-17,BLOCK_C,215.7,144.8,69.9,0.0,0,0,True
2024-01-18,BLOCK_A,327.1,269.0,83.5,0.0,0,0,True
2024-01-18,BLOCK_B,272.1,165.2,63.6,0.0,0,0,True
2024-01-18,BLOCK_C,218.4,114.1,73.1,0.0,0,1,True
2024-01-19,BLOCK_A,332.5,241.6,80.1,6.3,0,0,True
2024-01-19,BLOCK_B,285.9,231.0,98.0,6.3,0,0,True
2024-01-19,BLOCK_C,213.7,165.5,78.8,6.3,0,0,True
2024-01-20,BLOCK_A,347.7,268.5,83.2,0.0,0,0,True
2024-01-20,BLOCK_B,270.4,247.5,93.8,0.0,0,0,True
2024-01-20,BLOCK_C,229.1,163.4,80.2,0.0,0,0,True
2024-01-21,BLOCK_A,347.7,200.2,83.8,1.0,1,0,True
2024-01-21,BLOCK_B,283.6,237.1,86.7,1.0,0,0,True
2024-01-21,BLOCK_C,229.0,150.6,67.9,1.0,0,0,True
2024-01-22,BLOCK_A,348.6,254.0,76.2,0.0,0,0,True
2024-01-22,BLOCK_B,290.0,199.7,72.3,0.0,0,0,True
2024-01-22,BLOCK_C,214.8,176.6,77.3,0.0,0,0,True
2024-01-23,BLOCK_A,347.7,249.6,78.4,0.0,0,0,True
2024-01-23,BLOCK_B,278.9,204.5,81.6,0.0,0,0,True
2024-01-23,BLOCK_C,209.1,151.3,76.8,0.0,0,0,True
2024-01-24,BLOCK_A,325.4,277.2,86.3,4.1,0,0,True
2024-01-24,BLOCK_B,293.4,201.7,78.2,4.1,0,0,True
2024-01-24,BLOCK_C,217.3,184.8,84.7,4.1,0,0,True
2024-01-25,BLOCK_A,335.5,263.0,79.5,0.9,0,0,True
2024-01-25,BLOCK_B,285.5,209.4,71.7,0.9,0,0,True
2024-01-25,BLOCK_C,211.8,186.5,82.7,0.9,0,0,True
2024-01-26,BLOCK_A,327.0,287.0,85.3,0.0,0,0,True
2024-01-26,BLOCK_B,281.9,224.3,78.7,0.0,0,0,True
2024-01-26,BLOCK_C,209.4,156.5,81.6,0.0,0,1,True
2024-01-27,BLOCK_A,328.6,331.1,98.0,0.0,0,0,True
2024-01-27,BLOCK_B,280.9,243.1,87.2,0.0,0,0,True
2024-01-27,BLOCK_C,211.8,185.6,79.7,0.0,0,0,True
2024-01-28,BLOCK_A,336.7,266.7,82.0,0.0,0,0,True
2024-01-28,BLOCK_B,287.0,181.8,87.1,0.0,1,0,True
2024-01-28,BLOCK_C,220.8,182.5,79.1,0.0,0,0,True
2024-01-29,BLOCK_A,317.7,269.2,81.2,0.0,0,0,True
2024-01-29,BLOCK_B,284.7,233.5,81.0,0.0,0,0,True
2024-01-29,BLOCK_C,213.1,197.7,87.0,0.0,0,0,True
2024-01-30,BLOCK_A,316.6,250.1,77.0,0.0,0,0,True
2024-01-30,BLOCK_B,273.8,218.9,83.2,0.0,0,0,True
2024-01-30,BLOCK_C,210.7,197.8,93.3,0.0,0,0,True
2024-01-31,BLOCK_A,343.1,221.1,81.7,0.0,1,0,True
2024-01-31,BLOCK_B,276.7,233.1,86.5,0.0,0,0,True
2024-01-31,BLOCK_C,221.9,202.2,92.8,0.0,0,0,True
2024-02-01,BLOCK_A,338.8,276.8,79.1,0.0,0,0,True
2024-02-01,BLOCK_B,292.1,183.3,94.6,0.0,1,0,True
2024-02-01,BLOCK_C,219.7,194.4,83.6,0.0,0,0,True
2024-02-02,BLOCK_A,320.6,267.5,78.0,0.0,0,0,True
2024-02-02,BLOCK_B,292.4,276.7,98.0,0.0,0,0,True
2024-02-02,BLOCK_C,222.2,177.2,83.0,0.0,0,0,True
2024-02-03,BLOCK_A,331.0,260.8,77.7,0.0,0,0,True
2024-02-03,BLOCK_B,282.1,271.6,89.7,0.0,0,0,True
2024-02-03,BLOCK_C,225.8,106.2,77.8,0.0,0,1,True
2024-02-04,BLOCK_A,337.3,259.3,78.6,0.0,0,0,True
2024-02-04,BLOCK_B,285.3,215.9,80.3,0.0,0,0,True
2024-02-04,BLOCK_C,210.0,133.9,86.3,0.0,1,0,True
2024-02-05,BLOCK_A,337.1,194.5,81.5,0.0,1,0,True
2024-02-05,BLOCK_B,290.7,262.5,96.0,0.0,0,0,True
2024-02-05,BLOCK_C,213.2,198.8,90.2,0.0,0,0,True
2024-02-06,BLOCK_A,335.7,305.3,91.3,0.0,0,0,True
2024-02-06,BLOCK_B,268.0,199.6,75.5,0.0,0,0,True
2024-02-06,BLOCK_C,219.1,170.8,75.5,0.0,0,0,True
2024-02-07,BLOCK_A,337.5,258.7,76.5,0.0,0,0,True
2024-02-07,BLOCK_B,287.7,235.9,84.6,0.0,0,0,True
2024-02-07,BLOCK_C,213.8,205.5,98.0,0.0,0,0,True
2024-02-08,BLOCK_A,346.3,292.0,89.3,0.0,0,0,True
2024-02-08,BLOCK_B,274.8,273.9,95.8,0.0,0,0,True
2024-02-08,BLOCK_C,224.4,180.3,81.6,0.0,0,0,True
2024-02-09,BLOCK_A,324.7,303.1,91.1,0.0,0,0,True
2024-02-09,BLOCK_B,268.7,237.9,85.0,0.0,0,0,True
2024-02-09,BLOCK_C,220.0,159.7,79.1,0.0,0,0,True
2024-02-10,BLOCK_A,347.4,243.8,69.2,0.0,0,0,True
2024-02-10,BLOCK_B,281.7,225.8,93.3,0.0,0,0,True
2024-02-10,BLOCK_C,220.9,183.9,85.9,0.0,0,0,True
2024-02-11,BLOCK_A,321.2,250.3,74.9,0.0,0,0,True
2024-02-11,BLOCK_B,273.1,180.2,69.3,0.0,0,0,True
2024-02-11,BLOCK_C,212.8,166.3,83.5,0.0,0,0,True
2024-02-12,BLOCK_A,340.5,258.5,79.8,0.0,0,0,True
2024-02-12,BLOCK_B,290.1,228.5,81.7,0.0,0,0,True
2024-02-12,BLOCK_C,221.0,155.7,80.3,0.0,0,0,True
2024-02-13,BLOCK_A,331.1,268.6,83.7,0.0,0,0,True
2024-02-13,BLOCK_B,284.7,230.8,81.9,0.0,0,0,True
2024-02-13,BLOCK_C,229.1,187.9,86.6,0.0,0,0,True
2024-02-14,BLOCK_A,340.6,229.1,70.0,0.2,0,0,True
2024-02-14,BLOCK_B,266.0,209.7,79.4,0.2,0,0,True
2024-02-14,BLOCK_C,216.1,135.8,83.8,0.2,1,0,True
2024-02-15,BLOCK_A,326.7,279.0,84.7,0.0,0,0,True
2024-02-15,BLOCK_B,267.5,230.1,85.7,0.0,0,0,True
2024-02-15,BLOCK_C,221.0,184.1,83.9,0.0,0,0,True
2024-02-16,BLOCK_A,333.1,261.6,82.6,0.4,0,0,True
2024-02-16,BLOCK_B,269.6,146.4,69.7,0.4,0,1,True
2024-02-16,BLOCK_C,229.1,181.1,78.9,0.4,0,0,True
2024-02-17,BLOCK_A,334.2,236.4,75.1,0.0,0,0,True
2024-02-17,BLOCK_B,267.1,235.8,77.2,0.0,0,0,True
2024-02-17,BLOCK_C,220.7,214.0,98.0,0.0,0,0,True
2024-02-18,BLOCK_A,341.2,271.8,85.5,0.0,0,0,True
2024-02-18,BLOCK_B,292.4,145.8,65.5,0.0,0,1,True
2024-02-18,BLOCK_C,214.9,211.6,86.7,0.0,0,0,True
2024-02-19,BLOCK_A,332.9,231.0,69.0,0.0,0,0,True
2024-02-19,BLOCK_B,285.8,169.0,81.6,0.0,1,0,True
2024-02-19,BLOCK_C,221.0,185.1,87.1,0.0,0,0,True
2024-02-20,BLOCK_A,345.8,283.9,79.7,0.0,0,0,True
2024-02-20,BLOCK_B,279.4,206.2,82.0,0.0,0,0,True
2024-02-20,BLOCK_C,228.8,216.4,91.8,0.0,0,0,True
2024-02-21,BLOCK_A,319.3,218.5,63.5,0.0,0,0,True
2024-02-21,BLOCK_B,278.1,279.5,97.7,0.0,0,0,True
2024-02-21,BLOCK_C,230.5,117.5,78.2,0.0,0,1,True
2024-02-22,BLOCK_A,334.5,269.1,81.1,0.0,0,0,True
2024-02-22,BLOCK_B,285.2,265.2,88.4,0.0,0,0,True
2024-02-22,BLOCK_C,213.8,176.9,85.9,0.0,0,0,True
2024-02-23,BLOCK_A,344.1,316.7,98.0,0.0,0,0,True
2024-02-23,BLOCK_B,268.4,218.7,75.9,0.0,0,0,True
2024-02-23,BLOCK_C,218.1,138.3,65.2,0.0,0,0,True
2024-02-24,BLOCK_A,338.8,249.8,80.3,0.0,0,0,True
2024-02-24,BLOCK_B,266.6,231.0,81.7,0.0,0,0,True
2024-02-24,BLOCK_C,211.8,173.5,77.9,0.0,0,0,True
2024-02-25,BLOCK_A,340.2,237.3,70.1,0.0,0,0,True
2024-02-25,BLOCK_B,281.0,190.9,69.8,0.0,0,0,True
2024-02-25,BLOCK_C,231.0,173.3,71.2,0.0,0,0,True
2024-02-26,BLOCK_A,328.9,277.7,81.2,0.0,0,0,True
2024-02-26,BLOCK_B,289.4,274.8,92.5,0.0,0,0,True
2024-02-26,BLOCK_C,209.8,194.2,83.3,0.0,0,0,True
2024-02-27,BLOCK_A,317.1,283.2,81.8,0.0,0,0,True
2024-02-27,BLOCK_B,278.3,174.0,62.5,0.0,0,0,True
2024-02-27,BLOCK_C,230.2,208.8,93.1,0.0,0,0,True
2024-02-28,BLOCK_A,335.6,282.9,88.2,0.0,0,0,True
2024-02-28,BLOCK_B,269.5,225.4,84.3,0.0,0,0,True
2024-02-28,BLOCK_C,216.2,196.1,88.4,0.0,0,0,True
2024-02-29,BLOCK_A,336.9,268.5,78.5,0.5,0,0,True
2024-02-29,BLOCK_B,267.6,210.2,83.8,0.5,0,0,True
2024-02-29,BLOCK_C,216.8,223.2,93.9,0.5,0,0,True
2024-03-01,BLOCK_A,319.5,264.8,80.7,0.0,0,0,True
2024-03-01,BLOCK_B,285.6,230.6,78.2,0.0,0,0,True
2024-03-01,BLOCK_C,213.2,178.5,84.1,0.0,0,0,True
2024-03-02,BLOCK_A,325.1,278.3,87.2,6.0,0,0,True
2024-03-02,BLOCK_B,284.5,248.5,98.0,6.0,0,0,True
2024-03-02,BLOCK_C,220.2,192.9,93.9,6.0,0,0,True
2024-03-03,BLOCK_A,340.7,302.7,90.8,0.0,0,0,True
2024-03-03,BLOCK_B,289.0,226.2,82.1,0.0,0,0,True
2024-03-03,BLOCK_C,225.4,217.9,96.2,0.0,0,0,True
2024-03-04,BLOCK_A,329.8,330.6,98.0,0.0,0,0,True
2024-03-04,BLOCK_B,280.6,251.1,87.0,0.0,0,0,True
2024-03-04,BLOCK_C,230.8,170.2,75.0,0.0,0,0,True
2024-03-05,BLOCK_A,339.0,277.4,86.7,0.0,0,0,True
2024-03-05,BLOCK_B,274.8,194.5,71.5,0.0,0,0,True
2024-03-05,BLOCK_C,225.4,186.0,82.5,0.0,0,0,True
2024-03-06,BLOCK_A,339.7,328.6,98.0,0.0,0,0,True
2024-03-06,BLOCK_B,291.2,247.3,82.4,0.0,0,0,True
2024-03-06,BLOCK_C,230.6,178.2,80.5,0.0,0,0,True
2024-03-07,BLOCK_A,331.6,238.6,77.4,0.1,0,0,True
2024-03-07,BLOCK_B,285.3,200.9,71.6,0.1,0,0,True
2024-03-07,BLOCK_C,210.6,200.0,87.7,0.1,0,0,True
2024-03-08,BLOCK_A,332.5,268.3,80.2,0.0,0,0,True
2024-03-08,BLOCK_B,280.0,193.7,72.2,0.0,0,0,True
2024-03-08,BLOCK_C,228.2,196.5,92.5,0.0,0,0,True
2024-03-09,BLOCK_A,333.9,322.5,95.3,0.0,0,0,True
2024-03-09,BLOCK_B,267.5,240.7,83.4,0.0,0,0,True
2024-03-09,BLOCK_C,211.1,204.3,89.1,0.0,0,0,True
2024-03-10,BLOCK_A,319.0,272.9,80.3,0.0,0,0,True
2024-03-10,BLOCK_B,285.0,262.9,96.7,0.0,0,0,True
2024-03-10,BLOCK_C,230.9,208.4,88.9,0.0,0,0,True
2024-03-11,BLOCK_A,342.0,215.3,92.8,3.2,1,0,True
2024-03-11,BLOCK_B,272.6,206.0,76.9,3.2,0,0,True
2024-03-11,BLOCK_C,229.3,179.6,85.1,3.2,0,0,True
2024-03-12,BLOCK_A,346.7,274.6,88.6,5.5,0,0,True
2024-03-12,BLOCK_B,270.0,214.7,84.9,5.5,0,0,True
2024-03-12,BLOCK_C,223.6,166.2,84.4,5.5,0,0,True
2024-03-13,BLOCK_A,332.1,248.9,73.6,0.0,0,0,True
2024-03-13,BLOCK_B,284.5,234.4,86.8,0.0,0,0,True
2024-03-13,BLOCK_C,214.4,176.5,76.2,0.0,0,0,True
2024-03-14,BLOCK_A,337.1,263.5,81.4,0.0,0,0,True
2024-03-14,BLOCK_B,283.5,199.6,76.5,0.0,0,0,True
2024-03-14,BLOCK_C,220.1,173.3,75.0,0.0,0,0,True
2024-03-15,BLOCK_A,343.4,281.8,83.4,1.7,0,0,True
2024-03-15,BLOCK_B,290.6,139.6,65.9,1.7,0,1,True
2024-03-15,BLOCK_C,221.8,156.0,71.2,1.7,0,0,True
2024-03-16,BLOCK_A,316.7,175.6,76.8,0.0,1,0,True
2024-03-16,BLOCK_B,293.6,212.9,77.3,0.0,0,0,True
2024-03-16,BLOCK_C,227.8,170.6,81.7,0.0,0,0,True
2024-03-17,BLOCK_A,348.0,289.2,84.1,0.0,0,0,True
2024-03-17,BLOCK_B,277.5,241.4,80.1,0.0,0,0,True
2024-03-17,BLOCK_C,216.4,168.4,75.9,0.0,0,0,True
2024-03-18,BLOCK_A,345.9,260.4,81.7,0.0,0,0,True
2024-03-18,BLOCK_B,276.7,247.3,84.6,0.0,0,0,True
2024-03-18,BLOCK_C,219.2,201.6,86.3,0.0,0,0,True
2024-03-19,BLOCK_A,317.1,294.8,91.7,0.0,0,0,True
2024-03-19,BLOCK_B,279.9,176.3,68.6,0.0,0,0,True
2024-03-19,BLOCK_C,213.3,123.9,78.6,0.0,0,1,True
2024-03-20,BLOCK_A,317.7,345.3,98.0,0.0,0,0,True
2024-03-20,BLOCK_B,284.1,255.8,98.0,0.0,0,0,True
2024-03-20,BLOCK_C,227.1,161.2,79.2,0.0,0,0,True
2024-03-21,BLOCK_A,333.4,283.3,80.9,0.0,0,0,True
2024-03-21,BLOCK_B,285.8,193.6,69.4,0.0,0,0,True
2024-03-21,BLOCK_C,213.9,135.7,89.6,0.0,1,0,True
2024-03-22,BLOCK_A,343.2,246.9,81.5,0.0,0,0,True
2024-03-22,BLOCK_B,281.0,238.9,89.3,0.0,0,0,True
2024-03-22,BLOCK_C,218.0,215.3,93.7,0.0,0,0,True
2024-03-23,BLOCK_A,325.3,265.5,78.2,0.0,0,0,True
2024-03-23,BLOCK_B,282.7,196.5,73.2,0.0,0,0,True
2024-03-23,BLOCK_C,221.9,153.7,79.9,0.0,0,0,True
2024-03-24,BLOCK_A,322.1,246.6,75.0,0.0,0,0,True
2024-03-24,BLOCK_B,292.1,229.4,84.2,0.0,0,0,True
2024-03-24,BLOCK_C,220.7,204.6,90.7,0.0,0,0,True
2024-03-25,BLOCK_A,327.1,263.4,82.3,0.0,0,0,True
2024-03-25,BLOCK_B,273.7,226.1,82.4,0.0,0,0,True
2024-03-25,BLOCK_C,223.0,161.9,73.3,0.0,0,0,True
2024-03-26,BLOCK_A,340.3,254.6,78.2,0.0,0,0,True
2024-03-26,BLOCK_B,278.3,254.0,88.4,0.0,0,0,True
2024-03-26,BLOCK_C,227.4,168.4,73.5,0.0,0,0,True
2024-03-27,BLOCK_A,325.7,256.3,81.2,0.0,0,0,True
2024-03-27,BLOCK_B,286.2,221.4,78.1,0.0,0,0,True
2024-03-27,BLOCK_C,217.0,176.9,76.5,0.0,0,0,True
2024-03-28,BLOCK_A,331.6,249.7,73.1,0.0,0,0,True
2024-03-28,BLOCK_B,279.2,236.1,76.5,0.0,0,0,True
2024-03-28,BLOCK_C,227.5,188.8,79.9,0.0,0,0,True
2024-03-29,BLOCK_A,324.2,314.9,94.1,0.0,0,0,True
2024-03-29,BLOCK_B,272.9,234.0,84.4,0.0,0,0,True
2024-03-29,BLOCK_C,227.8,184.6,84.1,0.0,0,0,True
2024-03-30,BLOCK_A,331.7,187.2,85.4,4.9,1,0,True
2024-03-30,BLOCK_B,269.9,214.1,81.9,4.9,0,0,True
2024-03-30,BLOCK_C,226.6,134.1,69.8,4.9,0,0,True
2024-03-31,BLOCK_A,337.7,272.9,82.9,0.0,0,0,True
2024-03-31,BLOCK_B,282.0,173.0,67.1,0.0,0,0,True
2024-03-31,BLOCK_C,227.3,179.3,88.0,0.0,0,0,True
2024-04-01,BLOCK_A,327.1,262.2,80.1,0.0,0,0,True
2024-04-01,BLOCK_B,284.5,239.5,81.6,0.0,0,0,True
2024-04-01,BLOCK_C,220.7,164.7,80.9,0.0,0,0,True
2024-04-02,BLOCK_A,329.6,247.2,72.9,0.0,0,0,True
2024-04-02,BLOCK_B,287.6,188.9,67.5,0.0,0,0,True
2024-04-02,BLOCK_C,218.0,190.5,90.8,0.0,0,0,True
2024-04-03,BLOCK_A,326.3,256.2,76.0,0.0,0,0,True
2024-04-03,BLOCK_B,266.0,229.3,80.1,0.0,0,0,True
2024-04-03,BLOCK_C,230.4,198.4,94.9,0.0,0,0,True
2024-04-04,BLOCK_A,334.6,255.6,77.8,0.0,0,0,True
2024-04-04,BLOCK_B,276.5,241.1,86.9,0.0,0,0,True
2024-04-04,BLOCK_C,220.8,184.1,87.6,0.0,0,0,True
2024-04-05,BLOCK_A,348.7,260.7,81.3,0.0,0,0,True
2024-04-05,BLOCK_B,276.2,232.2,84.1,0.0,0,0,True
2024-04-05,BLOCK_C,227.0,195.6,82.5,0.0,0,0,True
2024-04-06,BLOCK_A,324.5,259.0,79.5,0.0,0,0,True
2024-04-06,BLOCK_B,276.2,236.0,80.8,0.0,0,0,True
2024-04-06,BLOCK_C,217.3,190.9,92.1,0.0,0,0,True
2024-04-07,BLOCK_A,330.2,275.4,81.7,0.8,0,0,True
2024-04-07,BLOCK_B,269.6,223.2,81.8,0.8,0,0,True
2024-04-07,BLOCK_C,225.7,178.2,83.3,0.8,0,0,True
2024-04-08,BLOCK_A,327.1,295.2,91.3,0.0,0,0,True
2024-04-08,BLOCK_B,268.7,233.6,80.7,0.0,0,0,True
2024-04-08,BLOCK_C,211.8,220.0,88.6,0.0,0,0,True
2024-04-09,BLOCK_A,336.3,270.5,83.9,0.0,0,0,True
2024-04-09,BLOCK_B,283.6,181.7,86.8,0.0,0,1,True
2024-04-09,BLOCK_C,218.1,192.1,92.8,0.0,0,0,True
2024-04-10,BLOCK_A,343.2,302.5,91.5,0.0,0,0,True
2024-04-10,BLOCK_B,283.2,169.5,87.5,0.0,1,0,True
2024-04-10,BLOCK_C,209.3,175.3,73.2,0.0,0,0,True
2024-04-11,BLOCK_A,320.2,273.5,84.2,0.0,0,0,True
2024-04-11,BLOCK_B,280.3,123.2,68.1,0.0,1,0,True
2024-04-11,BLOCK_C,230.5,184.2,80.1,0.0,0,0,True
2024-04-12,BLOCK_A,317.2,269.1,83.2,0.0,0,0,True
2024-04-12,BLOCK_B,268.0,238.7,87.6,0.0,0,0,True
2024-04-12,BLOCK_C,223.2,178.7,77.5,0.0,0,0,True
2024-04-13,BLOCK_A,322.6,231.8,75.8,0.9,0,0,True
2024-04-13,BLOCK_B,273.6,228.0,83.7,0.9,0,0,True
2024-04-13,BLOCK_C,228.1,195.6,87.9,0.9,0,0,True
2024-04-14,BLOCK_A,323.5,256.6,77.3,0.0,0,0,True
2024-04-14,BLOCK_B,291.3,241.1,82.1,0.0,0,0,True
2024-04-14,BLOCK_C,226.7,204.2,94.3,0.0,0,0,True
2024-04-15,BLOCK_A,332.1,297.3,87.7,0.0,0,0,True
2024-04-15,BLOCK_B,279.1,269.7,98.0,0.0,0,0,True
2024-04-15,BLOCK_C,227.8,160.5,71.9,0.0,0,0,True
2024-04-16,BLOCK_A,318.4,282.5,86.0,0.0,0,0,True
2024-04-16,BLOCK_B,278.7,269.1,95.8,0.0,0,0,True
2024-04-16,BLOCK_C,222.6,134.4,66.7,0.0,0,0,True
2024-04-17,BLOCK_A,322.3,272.8,86.2,0.0,0,0,True
2024-04-17,BLOCK_B,270.8,257.1,90.3,0.0,0,0,True
2024-04-17,BLOCK_C,230.5,182.7,90.8,0.0,0,0,True
2024-04-18,BLOCK_A,348.6,308.0,90.3,0.0,0,0,True
2024-04-18,BLOCK_B,278.6,249.6,89.1,0.0,0,0,True
2024-04-18,BLOCK_C,219.0,167.4,83.5,0.0,0,0,True
2024-04-19,BLOCK_A,328.3,176.8,74.3,0.0,1,0,True
2024-04-19,BLOCK_B,282.0,223.6,78.3,0.0,0,0,True
2024-04-19,BLOCK_C,214.0,166.7,77.4,0.0,0,0,True
2024-04-20,BLOCK_A,323.3,260.1,77.6,0.0,0,0,True
2024-04-20,BLOCK_B,272.9,223.1,79.8,0.0,0,0,True
2024-04-20,BLOCK_C,214.9,181.7,87.8,0.0,0,0,True
2024-04-21,BLOCK_A,335.5,305.1,88.3,0.0,0,0,True
2024-04-21,BLOCK_B,278.4,219.3,72.8,0.0,0,0,True
2024-04-21,BLOCK_C,230.2,182.6,80.8,0.0,0,0,True
2024-04-22,BLOCK_A,331.2,165.0,68.0,0.0,1,0,True
2024-04-22,BLOCK_B,273.9,202.2,73.0,0.0,0,0,True
2024-04-22,BLOCK_C,210.9,173.3,93.5,0.0,0,1,True
2024-04-23,BLOCK_A,347.6,283.9,84.3,0.0,0,0,True
2024-04-23,BLOCK_B,280.4,212.3,77.8,0.0,0,0,True
2024-04-23,BLOCK_C,219.3,162.7,73.0,0.0,0,0,True
2024-04-24,BLOCK_A,326.0,299.1,89.2,0.0,0,0,True
2024-04-24,BLOCK_B,284.2,266.0,91.0,0.0,0,0,True
2024-04-24,BLOCK_C,230.0,189.2,82.4,0.0,0,0,True
2024-04-25,BLOCK_A,321.9,198.6,92.7,0.0,1,0,True
2024-04-25,BLOCK_B,287.9,214.3,91.6,0.0,0,1,True
2024-04-25,BLOCK_C,221.3,200.9,84.7,0.0,0,0,True
2024-04-26,BLOCK_A,332.3,292.4,84.8,0.0,0,0,True
2024-04-26,BLOCK_B,284.5,214.9,85.7,0.0,0,0,True
2024-04-26,BLOCK_C,217.5,180.1,85.0,0.0,0,0,True
2024-04-27,BLOCK_A,318.9,319.0,94.2,0.0,0,0,True
2024-04-27,BLOCK_B,291.1,253.9,89.5,0.0,0,0,True
2024-04-27,BLOCK_C,229.2,189.7,82.0,0.0,0,0,True
2024-04-28,BLOCK_A,326.2,290.0,88.3,0.0,0,0,True
2024-04-28,BLOCK_B,270.8,219.3,79.0,0.0,0,0,True
2024-04-28,BLOCK_C,228.5,164.1,81.4,0.0,0,0,True
2024-04-29,BLOCK_A,333.7,221.1,90.3,0.0,1,0,True
2024-04-29,BLOCK_B,291.4,255.7,85.4,0.0,0,0,True
2024-04-29,BLOCK_C,220.5,184.0,75.4,0.0,0,0,True
2024-04-30,BLOCK_A,331.7,313.1,96.4,0.0,0,0,True
2024-04-30,BLOCK_B,290.6,249.2,89.6,0.0,0,0,True
2024-04-30,BLOCK_C,214.1,129.2,83.1,0.0,0,1,True
2024-05-01,BLOCK_A,325.9,272.4,79.6,0.0,0,0,True
2024-05-01,BLOCK_B,272.2,225.9,82.3,0.0,0,0,True
2024-05-01,BLOCK_C,226.6,206.5,98.0,0.0,0,0,True
2024-05-02,BLOCK_A,325.8,266.6,85.1,0.0,0,0,True
2024-05-02,BLOCK_B,268.6,219.0,75.7,0.0,0,0,True
2024-05-02,BLOCK_C,214.0,162.4,68.4,0.0,0,0,True
2024-05-03,BLOCK_A,321.8,282.0,81.6,0.0,0,0,True
2024-05-03,BLOCK_B,279.9,292.7,98.0,0.0,0,0,True
2024-05-03,BLOCK_C,214.5,171.2,82.9,0.0,0,0,True
2024-05-04,BLOCK_A,321.4,240.1,85.3,0.0,0,1,True
2024-05-04,BLOCK_B,288.6,229.3,86.1,0.0,0,0,True
2024-05-04,BLOCK_C,215.9,180.0,82.4,0.0,0,0,True
2024-05-05,BLOCK_A,325.4,273.9,83.1,0.0,0,0,True
2024-05-05,BLOCK_B,282.5,264.5,98.0,0.0,0,0,True
2024-05-05,BLOCK_C,216.1,160.0,76.7,0.0,0,0,True
2024-05-06,BLOCK_A,318.9,305.5,89.8,0.0,0,0,True
2024-05-06,BLOCK_B,277.9,277.0,98.0,0.0,0,0,True
2024-05-06,BLOCK_C,215.9,175.9,76.7,0.0,0,0,True
2024-05-07,BLOCK_A,330.1,248.6,78.2,0.0,0,0,True
2024-05-07,BLOCK_B,286.8,209.4,80.6,0.0,0,0,True
2024-05-07,BLOCK_C,217.6,227.8,96.5,0.0,0,0,True
2024-05-08,BLOCK_A,333.5,239.5,73.0,2.9,0,0,True
2024-05-08,BLOCK_B,292.8,220.8,79.7,2.9,0,0,True
2024-05-08,BLOCK_C,219.8,192.9,90.6,2.9,0,0,True
2024-05-09,BLOCK_A,320.9,242.0,73.7,0.0,0,0,True
2024-05-09,BLOCK_B,281.6,244.5,87.7,0.0,0,0,True
2024-05-09,BLOCK_C,214.1,182.2,77.5,0.0,0,0,True
2024-05-10,BLOCK_A,338.6,273.2,74.3,0.0,0,0,True
2024-05-10,BLOCK_B,268.5,251.4,88.7,0.0,0,0,True
2024-05-10,BLOCK_C,224.8,133.6,66.7,0.0,0,0,True
2024-05-11,BLOCK_A,332.5,264.3,76.7,0.0,0,0,True
2024-05-11,BLOCK_B,285.2,237.5,80.7,0.0,0,0,True
2024-05-11,BLOCK_C,211.7,162.0,79.6,0.0,0,0,True
2024-05-12,BLOCK_A,340.3,239.6,68.6,0.0,0,0,True
2024-05-12,BLOCK_B,268.3,241.7,91.1,0.0,0,0,True
2024-05-12,BLOCK_C,214.8,147.5,75.0,0.0,0,0,True
2024-05-13,BLOCK_A,318.0,327.6,98.0,0.0,0,0,True
2024-05-13,BLOCK_B,282.1,179.7,79.6,0.0,0,1,True
2024-05-13,BLOCK_C,225.1,191.4,84.6,0.0,0,0,True
2024-05-14,BLOCK_A,332.3,193.1,74.5,0.0,0,1,True
2024-05-14,BLOCK_B,282.1,258.6,83.9,0.0,0,0,True
2024-05-14,BLOCK_C,222.5,190.5,95.5,0.0,0,0,True
2024-05-15,BLOCK_A,321.1,262.5,80.8,0.0,0,0,True
2024-05-15,BLOCK_B,282.4,220.6,79.0,0.0,0,0,True
2024-05-15,BLOCK_C,224.2,210.0,90.6,0.0,0,0,True
2024-05-16,BLOCK_A,344.4,203.1,83.0,0.0,1,0,True
2024-05-16,BLOCK_B,275.0,217.0,77.0,0.0,0,0,True
2024-05-16,BLOCK_C,229.1,202.8,88.7,0.0,0,0,True
2024-05-17,BLOCK_A,337.6,284.7,85.3,0.0,0,0,True
2024-05-17,BLOCK_B,290.4,247.1,98.0,0.0,0,0,True
2024-05-17,BLOCK_C,221.6,173.1,78.5,0.0,0,0,True
2024-05-18,BLOCK_A,336.4,249.0,73.7,0.0,0,0,True
2024-05-18,BLOCK_B,277.0,213.6,78.1,0.0,0,0,True
2024-05-18,BLOCK_C,223.2,145.6,70.4,0.0,0,0,True
2024-05-19,BLOCK_A,347.6,292.9,89.1,0.0,0,0,True
2024-05-19,BLOCK_B,272.9,158.4,70.0,0.0,0,1,True
2024-05-19,BLOCK_C,221.4,148.7,72.8,0.0,0,0,True
2024-05-20,BLOCK_A,345.1,201.5,84.1,0.0,0,1,True
2024-05-20,BLOCK_B,281.6,271.7,90.9,0.0,0,0,True
2024-05-20,BLOCK_C,210.5,177.4,84.9,0.0,0,0,True
2024-05-21,BLOCK_A,335.1,299.4,92.6,0.0,0,0,True
2024-05-21,BLOCK_B,287.1,217.8,93.3,0.0,0,1,True
2024-05-21,BLOCK_C,224.3,190.9,87.5,0.0,0,0,True
2024-05-22,BLOCK_A,323.4,247.4,80.5,0.0,0,0,True
2024-05-22,BLOCK_B,270.6,274.0,97.2,0.0,0,0,True
2024-05-22,BLOCK_C,216.5,177.3,88.4,0.0,0,0,True
2024-05-23,BLOCK_A,328.9,269.5,81.2,0.0,0,0,True
2024-05-23,BLOCK_B,267.1,213.0,72.9,0.0,0,0,True
2024-05-23,BLOCK_C,215.7,144.5,64.1,0.0,0,0,True
2024-05-24,BLOCK_A,330.8,302.2,93.5,0.0,0,0,True
2024-05-24,BLOCK_B,278.7,222.9,78.5,0.0,0,0,True
2024-05-24,BLOCK_C,213.7,166.5,79.5,0.0,0,0,True
2024-05-25,BLOCK_A,317.6,293.1,93.7,0.0,0,0,True
2024-05-25,BLOCK_B,288.9,220.4,78.5,0.0,0,0,True
2024-05-25,BLOCK_C,229.9,180.9,79.9,0.0,0,0,True
2024-05-26,BLOCK_A,345.1,276.1,78.8,0.0,0,0,True
2024-05-26,BLOCK_B,273.1,221.2,79.0,0.0,0,0,True
2024-05-26,BLOCK_C,225.5,166.5,87.7,0.0,0,0,True
2024-05-27,BLOCK_A,342.1,259.9,76.0,0.0,0,0,True
2024-05-27,BLOCK_B,275.3,226.6,76.8,0.0,0,0,True
2024-05-27,BLOCK_C,230.6,178.9,87.4,0.0,0,0,True
2024-05-28,BLOCK_A,340.0,306.0,91.7,0.0,0,0,True
2024-05-28,BLOCK_B,292.2,240.1,92.5,0.0,0,0,True
2024-05-28,BLOCK_C,224.8,168.1,79.7,0.0,0,0,True
2024-05-29,BLOCK_A,340.5,284.7,83.3,0.0,0,0,True
2024-05-29,BLOCK_B,275.1,268.7,98.0,0.0,0,0,True
2024-05-29,BLOCK_C,228.0,191.1,82.3,0.0,0,0,True
2024-05-30,BLOCK_A,348.7,309.2,97.2,0.0,0,0,True
2024-05-30,BLOCK_B,272.8,252.3,84.1,0.0,0,0,True
2024-05-30,BLOCK_C,221.1,171.8,72.8,0.0,0,0,True
2024-05-31,BLOCK_A,323.2,282.7,83.1,0.0,0,0,True
2024-05-31,BLOCK_B,275.9,179.4,70.0,0.0,0,0,True
2024-05-31,BLOCK_C,219.9,171.2,82.9,0.0,0,0,True
2024-06-01,BLOCK_A,336.8,265.8,74.7,0.0,0,0,True
2024-06-01,BLOCK_B,287.5,240.3,86.2,0.0,0,0,True
2024-06-01,BLOCK_C,212.8,156.2,75.5,0.0,0,0,True
2024-06-02,BLOCK_A,325.8,252.2,78.0,0.3,0,0,True
2024-06-02,BLOCK_B,266.2,174.0,67.7,0.3,0,0,True
2024-06-02,BLOCK_C,224.4,152.6,90.7,0.3,1,0,True
2024-06-03,BLOCK_A,346.8,292.3,86.5,0.0,0,0,True
2024-06-03,BLOCK_B,292.9,266.7,88.8,0.0,0,0,True
2024-06-03,BLOCK_C,222.2,195.5,89.0,0.0,0,0,True
2024-06-04,BLOCK_A,343.0,300.6,89.7,0.0,0,0,True
2024-06-04,BLOCK_B,277.3,252.8,90.0,0.0,0,0,True
2024-06-04,BLOCK_C,211.0,222.2,90.0,0.0,0,0,True
2024-06-05,BLOCK_A,330.1,278.4,80.9,0.0,0,0,True
2024-06-05,BLOCK_B,269.4,238.2,82.3,0.0,0,0,True
2024-06-05,BLOCK_C,209.4,173.0,82.9,0.0,0,0,True
2024-06-06,BLOCK_A,339.9,293.7,82.4,0.0,0,0,True
2024-06-06,BLOCK_B,278.6,147.5,78.0,0.0,1,0,True
2024-06-06,BLOCK_C,214.5,193.3,91.2,0.0,0,0,True
2024-06-07,BLOCK_A,342.5,262.3,81.9,0.0,0,0,True
2024-06-07,BLOCK_B,283.7,199.2,74.6,0.0,0,0,True
2024-06-07,BLOCK_C,215.8,218.4,98.0,0.0,0,0,True
2024-06-08,BLOCK_A,334.7,270.7,88.1,6.2,0,0,True
2024-06-08,BLOCK_B,289.7,244.5,88.6,6.2,0,0,True
2024-06-08,BLOCK_C,213.9,206.9,98.0,6.2,0,0,True
2024-06-09,BLOCK_A,346.7,286.1,84.9,0.0,0,0,True
2024-06-09,BLOCK_B,273.4,259.3,92.7,0.0,0,0,True
2024-06-09,BLOCK_C,212.1,188.5,89.8,0.0,0,0,True
2024-06-10,BLOCK_A,340.2,251.1,89.9,7.8,0,0,True
2024-06-10,BLOCK_B,276.4,246.1,93.5,7.8,0,0,True
2024-06-10,BLOCK_C,222.6,142.3,72.8,7.8,0,0,True
2024-06-11,BLOCK_A,343.6,284.9,91.3,7.4,0,0,True
2024-06-11,BLOCK_B,276.8,211.0,87.5,7.4,0,0,True
2024-06-11,BLOCK_C,219.1,193.6,86.8,7.4,0,0,True
2024-06-12,BLOCK_A,341.7,99.7,58.2,116.1,1,0,True
2024-06-12,BLOCK_B,290.5,131.6,69.8,116.1,0,0,True
2024-06-12,BLOCK_C,220.4,76.7,62.7,116.1,1,0,True
2024-06-13,BLOCK_A,343.5,300.5,86.1,0.0,0,0,True
2024-06-13,BLOCK_B,267.4,240.1,89.5,0.0,0,0,True
2024-06-13,BLOCK_C,215.6,161.4,68.0,0.0,0,0,True
2024-06-14,BLOCK_A,325.5,309.0,98.0,0.0,0,0,True
2024-06-14,BLOCK_B,272.6,135.2,76.8,0.0,1,1,True
2024-06-14,BLOCK_C,219.1,175.0,79.6,0.0,0,0,True
2024-06-15,BLOCK_A,326.7,256.2,80.4,0.0,0,0,True
2024-06-15,BLOCK_B,271.6,205.2,73.2,0.0,0,0,True
2024-06-15,BLOCK_C,211.4,168.4,76.8,0.0,0,0,True
2024-06-16,BLOCK_A,333.9,287.0,83.7,0.0,0,0,True
2024-06-16,BLOCK_B,292.6,225.5,77.2,0.0,0,0,True
2024-06-16,BLOCK_C,227.2,179.3,79.3,0.0,0,0,True
2024-06-17,BLOCK_A,340.8,240.8,76.4,6.3,0,0,True
2024-06-17,BLOCK_B,276.6,201.9,78.2,6.3,0,0,True
2024-06-17,BLOCK_C,216.1,141.0,78.7,6.3,0,0,True
2024-06-18,BLOCK_A,325.2,99.3,65.6,35.3,1,0,True
2024-06-18,BLOCK_B,266.6,117.5,55.0,35.3,0,0,True
2024-06-18,BLOCK_C,229.0,63.5,43.1,35.3,0,0,True
2024-06-19,BLOCK_A,343.8,93.3,61.8,45.1,1,0,True
2024-06-19,BLOCK_B,288.5,99.7,69.9,45.1,1,0,True
2024-06-19,BLOCK_C,217.0,59.7,58.0,45.1,1,0,True
2024-06-20,BLOCK_A,333.1,290.6,87.5,0.0,0,0,True
2024-06-20,BLOCK_B,286.6,250.3,89.0,0.0,0,0,True
2024-06-20,BLOCK_C,210.9,163.5,70.7,0.0,0,0,True
2024-06-21,BLOCK_A,319.2,316.1,90.4,0.0,0,0,True
2024-06-21,BLOCK_B,286.2,185.8,64.0,0.0,0,0,True
2024-06-21,BLOCK_C,229.7,175.2,78.6,0.0,0,0,True
2024-06-22,BLOCK_A,348.3,147.3,69.9,81.0,0,0,True
2024-06-22,BLOCK_B,287.7,82.0,65.9,81.0,1,0,True
2024-06-22,BLOCK_C,219.3,58.6,59.9,81.0,1,0,True
2024-06-23,BLOCK_A,320.5,326.9,94.1,0.0,0,0,True
2024-06-23,BLOCK_B,280.1,265.8,88.9,0.0,0,0,True
2024-06-23,BLOCK_C,224.2,149.1,64.9,0.0,0,0,True
2024-06-24,BLOCK_A,333.2,279.0,80.1,0.0,0,0,True
2024-06-24,BLOCK_B,267.4,186.8,70.7,0.0,0,0,True
2024-06-24,BLOCK_C,210.1,160.9,77.2,0.0,0,0,True
2024-06-25,BLOCK_A,343.4,117.3,59.8,51.8,0,0,True
2024-06-25,BLOCK_B,269.6,92.1,58.9,51.8,1,0,True
2024-06-25,BLOCK_C,216.5,76.1,63.2,51.8,0,0,True
2024-06-26,BLOCK_A,342.4,226.3,82.8,19.1,0,0,True
2024-06-26,BLOCK_B,285.6,183.2,86.0,19.1,0,0,True
2024-06-26,BLOCK_C,227.9,147.8,86.2,19.1,0,0,True
2024-06-27,BLOCK_A,329.6,268.9,77.6,1.3,0,0,True
2024-06-27,BLOCK_B,290.4,220.7,82.0,1.3,0,0,True
2024-06-27,BLOCK_C,211.3,167.7,73.1,1.3,0,0,True
2024-06-28,BLOCK_A,317.4,210.8,84.9,10.4,0,0,True
2024-06-28,BLOCK_B,276.5,231.7,91.8,10.4,0,0,True
2024-06-28,BLOCK_C,213.4,142.5,76.6,10.4,0,0,True
2024-06-29,BLOCK_A,335.4,310.9,91.8,0.0,0,0,True
2024-06-29,BLOCK_B,273.4,238.7,88.7,0.0,0,0,True
2024-06-29,BLOCK_C,224.4,159.7,74.2,0.0,0,0,True
2024-06-30,BLOCK_A,318.9,173.7,66.5,0.0,0,1,True
2024-06-30,BLOCK_B,274.8,250.3,84.8,0.0,0,0,True
2024-06-30,BLOCK_C,215.6,198.2,91.8,0.0,0,0,True
2024-07-01,BLOCK_A,330.9,99.7,44.7,33.7,0,0,True
2024-07-01,BLOCK_B,287.9,71.5,61.6,33.7,1,0,True
2024-07-01,BLOCK_C,209.1,37.7,43.3,33.7,1,0,True
2024-07-02,BLOCK_A,332.7,223.5,71.0,4.6,0,0,True
2024-07-02,BLOCK_B,286.1,230.4,81.3,4.6,0,0,True
2024-07-02,BLOCK_C,212.0,157.9,78.5,4.6,0,0,True
2024-07-03,BLOCK_A,332.3,303.5,88.6,0.0,0,0,True
2024-07-03,BLOCK_B,266.5,169.9,91.3,0.0,1,0,True
2024-07-03,BLOCK_C,227.7,171.6,73.9,0.0,0,0,True
2024-07-04,BLOCK_A,347.7,251.3,76.9,0.7,0,0,True
2024-07-04,BLOCK_B,272.2,202.3,75.8,0.7,0,0,True
2024-07-04,BLOCK_C,221.7,180.2,81.0,0.7,0,0,True
2024-07-05,BLOCK_A,322.6,269.4,77.3,0.0,0,0,True
2024-07-05,BLOCK_B,288.2,253.8,98.0,0.0,0,0,True
2024-07-05,BLOCK_C,222.5,143.8,72.7,0.0,0,0,True
2024-07-06,BLOCK_A,342.2,265.9,79.8,0.0,0,0,True
2024-07-06,BLOCK_B,266.4,217.4,83.8,0.0,0,0,True
2024-07-06,BLOCK_C,223.2,193.7,88.7,0.0,0,0,True
2024-07-07,BLOCK_A,335.3,231.3,88.4,20.3,0,0,True
2024-07-07,BLOCK_B,280.9,182.3,89.5,20.3,0,0,True
2024-07-07,BLOCK_C,222.1,72.5,65.7,20.3,1,0,True
2024-07-08,BLOCK_A,339.2,261.7,82.8,0.0,0,0,True
2024-07-08,BLOCK_B,281.0,259.6,88.6,0.0,0,0,True
2024-07-08,BLOCK_C,212.6,187.9,89.6,0.0,0,0,True
2024-07-09,BLOCK_A,326.4,263.1,77.9,0.0,0,0,True
2024-07-09,BLOCK_B,276.3,260.9,83.9,0.0,0,0,True
2024-07-09,BLOCK_C,210.2,203.7,91.6,0.0,0,0,True
2024-07-10,BLOCK_A,327.7,279.9,84.6,0.0,0,0,True
2024-07-10,BLOCK_B,288.6,199.2,72.3,0.0,0,0,True
2024-07-10,BLOCK_C,215.3,153.5,69.2,0.0,0,0,True
2024-07-11,BLOCK_A,329.0,301.6,86.4,1.1,0,0,True
2024-07-11,BLOCK_B,276.2,248.5,88.8,1.1,0,0,True
2024-07-11,BLOCK_C,215.5,174.8,79.4,1.1,0,0,True
2024-07-12,BLOCK_A,320.0,314.0,90.7,0.0,0,0,True
2024-07-12,BLOCK_B,266.6,206.0,74.9,0.0,0,0,True
2024-07-12,BLOCK_C,217.6,191.2,88.1,0.0,0,0,True
2024-07-13,BLOCK_A,347.9,190.3,80.8,0.0,1,0,True
2024-07-13,BLOCK_B,273.8,248.5,85.2,0.0,0,0,True
2024-07-13,BLOCK_C,211.0,167.9,77.8,0.0,0,0,True
2024-07-14,BLOCK_A,341.6,241.4,75.0,0.0,0,0,True
2024-07-14,BLOCK_B,280.3,217.2,87.7,0.0,0,0,True
2024-07-14,BLOCK_C,214.5,164.3,79.3,0.0,0,0,True
2024-07-15,BLOCK_A,324.4,336.4,95.2,0.0,0,0,True
2024-07-15,BLOCK_B,279.8,275.9,96.7,0.0,0,0,True
2024-07-15,BLOCK_C,212.0,157.0,72.4,0.0,0,0,True
2024-07-16,BLOCK_A,337.8,291.3,92.4,0.0,0,0,True
2024-07-16,BLOCK_B,290.4,154.5,67.8,0.0,0,1,True
2024-07-16,BLOCK_C,226.9,143.0,67.5,0.0,0,0,True
2024-07-17,BLOCK_A,346.5,105.1,63.7,35.1,1,0,True
2024-07-17,BLOCK_B,270.9,90.7,50.8,35.1,1,0,True
2024-07-17,BLOCK_C,225.8,89.7,60.6,35.1,0,0,True
2024-07-18,BLOCK_A,317.1,205.5,80.8,0.0,0,1,True
2024-07-18,BLOCK_B,291.5,194.2,85.4,0.0,0,1,True
2024-07-18,BLOCK_C,230.7,173.4,72.9,0.0,0,0,True
2024-07-19,BLOCK_A,320.0,270.2,85.5,0.0,0,0,True
2024-07-19,BLOCK_B,272.5,251.9,90.3,0.0,0,0,True
2024-07-19,BLOCK_C,219.5,206.1,95.0,0.0,0,0,True
2024-07-20,BLOCK_A,336.1,255.6,78.6,0.7,0,0,True
2024-07-20,BLOCK_B,287.1,252.2,90.8,0.7,0,0,True
2024-07-20,BLOCK_C,223.0,159.5,76.1,0.7,0,0,True
2024-07-21,BLOCK_A,336.2,333.8,98.0,0.0,0,0,True
2024-07-21,BLOCK_B,283.1,234.6,78.0,0.0,0,0,True
2024-07-21,BLOCK_C,213.9,164.9,79.8,0.0,0,0,True
2024-07-22,BLOCK_A,340.7,204.3,77.8,16.0,0,0,True
2024-07-22,BLOCK_B,293.5,200.5,93.1,16.0,0,0,True
2024-07-22,BLOCK_C,220.3,129.3,75.6,16.0,0,0,True
2024-07-23,BLOCK_A,333.0,274.6,84.9,0.0,0,0,True
2024-07-23,BLOCK_B,266.6,239.7,86.7,0.0,0,0,True
2024-07-23,BLOCK_C,227.1,203.6,92.7,0.0,0,0,True
2024-07-24,BLOCK_A,324.4,166.9,77.3,0.0,1,1,True
2024-07-24,BLOCK_B,269.3,271.1,89.9,0.0,0,0,True
2024-07-24,BLOCK_C,219.3,186.7,81.6,0.0,0,0,True
2024-07-25,BLOCK_A,333.9,278.6,80.5,0.0,0,0,True
2024-07-25,BLOCK_B,273.8,195.7,71.5,0.0,0,0,True
2024-07-25,BLOCK_C,227.3,225.4,98.0,0.0,0,0,True
2024-07-26,BLOCK_A,320.8,218.8,68.5,0.0,0,0,True
2024-07-26,BLOCK_B,280.5,221.9,83.3,0.0,0,0,True
2024-07-26,BLOCK_C,210.4,190.3,79.7,0.0,0,0,True
2024-07-27,BLOCK_A,332.3,221.2,70.6,0.0,0,0,True
2024-07-27,BLOCK_B,289.8,231.7,82.5,0.0,0,0,True
2024-07-27,BLOCK_C,215.6,207.3,90.6,0.0,0,0,True
2024-07-28,BLOCK_A,322.4,236.1,74.4,0.0,0,0,True
2024-07-28,BLOCK_B,288.1,238.1,84.8,0.0,0,0,True
2024-07-28,BLOCK_C,221.5,186.0,83.8,0.0,0,0,True
2024-07-29,BLOCK_A,319.7,316.9,92.3,0.0,0,0,True
2024-07-29,BLOCK_B,266.5,276.9,97.5,0.0,0,0,True
2024-07-29,BLOCK_C,214.8,147.7,66.4,0.0,0,0,True
2024-07-30,BLOCK_A,336.0,269.4,77.4,0.0,0,0,True
2024-07-30,BLOCK_B,281.3,214.7,82.0,0.0,0,0,True
2024-07-30,BLOCK_C,230.3,143.3,86.5,0.0,0,1,True
2024-07-31,BLOCK_A,325.1,208.7,82.2,0.0,0,1,True
2024-07-31,BLOCK_B,282.5,256.6,91.6,0.0,0,0,True
2024-07-31,BLOCK_C,224.0,191.9,86.5,0.0,0,0,True
2024-08-01,BLOCK_A,329.9,245.1,79.2,0.0,0,0,True
2024-08-01,BLOCK_B,293.4,270.7,98.0,0.0,0,0,True
2024-08-01,BLOCK_C,218.5,139.0,68.9,0.0,0,0,True
2024-08-02,BLOCK_A,330.9,268.0,84.9,2.1,0,0,True
2024-08-02,BLOCK_B,266.2,239.8,92.1,2.1,0,0,True
2024-08-02,BLOCK_C,228.2,169.5,79.6,2.1,0,0,True
2024-08-03,BLOCK_A,320.9,291.7,86.7,0.0,0,0,True
2024-08-03,BLOCK_B,274.7,257.0,85.2,0.0,0,0,True
2024-08-03,BLOCK_C,224.5,173.2,84.8,0.0,0,0,True
2024-08-04,BLOCK_A,324.7,222.0,71.4,4.0,0,0,True
2024-08-04,BLOCK_B,285.9,205.2,76.4,4.0,0,0,True
2024-08-04,BLOCK_C,226.3,150.2,79.0,4.0,0,0,True
2024-08-05,BLOCK_A,321.4,241.8,87.4,15.0,0,0,True
2024-08-05,BLOCK_B,292.0,188.0,68.9,15.0,0,0,True
2024-08-05,BLOCK_C,211.4,158.8,81.0,15.0,0,0,True
2024-08-06,BLOCK_A,337.8,269.3,79.2,1.9,0,0,True
2024-08-06,BLOCK_B,276.2,236.5,83.1,1.9,0,0,True
2024-08-06,BLOCK_C,219.9,166.1,83.4,1.9,0,0,True
2024-08-07,BLOCK_A,340.2,288.6,87.8,0.0,0,0,True
2024-08-07,BLOCK_B,269.7,280.4,98.0,0.0,0,0,True
2024-08-07,BLOCK_C,225.4,216.4,98.0,0.0,0,0,True
2024-08-08,BLOCK_A,321.9,238.3,79.2,5.9,0,0,True
2024-08-08,BLOCK_B,270.3,235.4,88.0,5.9,0,0,True
2024-08-08,BLOCK_C,229.6,187.5,87.3,5.9,0,0,True
2024-08-09,BLOCK_A,322.9,315.5,98.0,0.0,0,0,True
2024-08-09,BLOCK_B,289.5,248.2,90.4,0.0,0,0,True
2024-08-09,BLOCK_C,212.4,179.9,84.8,0.0,0,0,True
2024-08-10,BLOCK_A,333.3,200.1,66.6,6.1,0,0,True
2024-08-10,BLOCK_B,289.9,215.2,77.0,6.1,0,0,True
2024-08-10,BLOCK_C,230.9,179.8,81.6,6.1,0,0,True
2024-08-11,BLOCK_A,333.5,242.7,86.6,13.4,0,0,True
2024-08-11,BLOCK_B,276.3,149.5,68.0,13.4,0,0,True
2024-08-11,BLOCK_C,221.6,162.3,85.7,13.4,0,0,True
2024-08-12,BLOCK_A,318.3,199.2,65.3,6.3,0,0,True
2024-08-12,BLOCK_B,287.5,224.3,84.4,6.3,0,0,True
2024-08-12,BLOCK_C,209.2,156.3,78.7,6.3,0,0,True
2024-08-13,BLOCK_A,336.3,264.9,76.1,0.0,0,0,True
2024-08-13,BLOCK_B,278.7,274.8,97.7,0.0,0,0,True
2024-08-13,BLOCK_C,221.2,152.4,77.9,0.0,0,0,True
2024-08-14,BLOCK_A,334.8,310.4,90.1,0.0,0,0,True
2024-08-14,BLOCK_B,290.5,173.8,67.5,0.0,0,0,True
2024-08-14,BLOCK_C,210.6,205.2,89.7,0.0,0,0,True
2024-08-15,BLOCK_A,330.9,256.9,77.9,0.0,0,0,True
2024-08-15,BLOCK_B,268.9,271.7,94.6,0.0,0,0,True
2024-08-15,BLOCK_C,218.0,163.1,76.4,0.0,0,0,True
2024-08-16,BLOCK_A,336.1,295.0,83.5,0.0,0,0,True
2024-08-16,BLOCK_B,274.7,254.7,89.3,0.0,0,0,True
2024-08-16,BLOCK_C,222.0,204.6,91.3,0.0,0,0,True
2024-08-17,BLOCK_A,346.7,278.9,84.2,0.0,0,0,True
2024-08-17,BLOCK_B,279.2,289.1,94.2,0.0,0,0,True
2024-08-17,BLOCK_C,228.7,179.1,80.0,0.0,0,0,True
2024-08-18,BLOCK_A,345.3,288.4,86.5,5.3,0,0,True
2024-08-18,BLOCK_B,279.3,199.9,78.5,5.3,0,0,True
2024-08-18,BLOCK_C,217.9,169.2,87.7,5.3,0,0,True
2024-08-19,BLOCK_A,334.5,265.0,78.3,0.0,0,0,True
2024-08-19,BLOCK_B,280.3,226.2,81.5,0.0,0,0,True
2024-08-19,BLOCK_C,222.5,204.6,90.9,0.0,0,0,True
2024-08-20,BLOCK_A,335.1,261.7,76.4,0.0,0,0,True
2024-08-20,BLOCK_B,292.9,264.2,95.6,0.0,0,0,True
2024-08-20,BLOCK_C,221.6,191.2,82.5,0.0,0,0,True
2024-08-21,BLOCK_A,344.9,150.6,64.1,40.0,0,0,True
2024-08-21,BLOCK_B,281.1,82.5,75.9,40.0,1,0,True
2024-08-21,BLOCK_C,218.8,63.9,59.5,40.0,1,0,True
2024-08-22,BLOCK_A,323.8,132.2,63.4,43.1,0,0,True
2024-08-22,BLOCK_B,283.2,93.4,56.1,43.1,0,0,True
2024-08-22,BLOCK_C,225.1,43.0,46.9,43.1,1,0,True
2024-08-23,BLOCK_A,318.9,204.4,84.3,23.3,0,0,True
2024-08-23,BLOCK_B,286.4,144.3,73.8,23.3,0,0,True
2024-08-23,BLOCK_C,230.6,125.5,84.5,23.3,0,0,True
2024-08-24,BLOCK_A,320.5,234.4,69.0,0.0,0,0,True
2024-08-24,BLOCK_B,293.2,238.6,89.2,0.0,0,0,True
2024-08-24,BLOCK_C,228.5,183.3,76.1,0.0,0,0,True
2024-08-25,BLOCK_A,328.8,231.7,86.5,18.1,0,0,True
2024-08-25,BLOCK_B,271.9,196.0,82.4,18.1,0,0,True
2024-08-25,BLOCK_C,212.6,140.5,77.4,18.1,0,0,True
2024-08-26,BLOCK_A,345.9,207.2,81.8,0.0,1,0,True
2024-08-26,BLOCK_B,283.0,282.0,98.0,0.0,0,0,True
2024-08-26,BLOCK_C,213.0,181.0,76.8,0.0,0,0,True
2024-08-27,BLOCK_A,324.2,226.3,87.3,22.0,0,0,True
2024-08-27,BLOCK_B,279.5,184.1,77.5,22.0,0,0,True
2024-08-27,BLOCK_C,213.5,139.6,91.4,22.0,0,0,True
2024-08-28,BLOCK_A,333.4,287.8,84.9,0.0,0,0,True
2024-08-28,BLOCK_B,272.2,251.9,92.2,0.0,0,0,True
2024-08-28,BLOCK_C,211.9,163.7,79.0,0.0,0,0,True
2024-08-29,BLOCK_A,319.9,299.1,91.1,0.0,0,0,True
2024-08-29,BLOCK_B,293.6,221.6,80.9,0.0,0,0,True
2024-08-29,BLOCK_C,222.1,212.0,93.1,0.0,0,0,True
2024-08-30,BLOCK_A,335.9,292.0,85.7,0.0,0,0,True
2024-08-30,BLOCK_B,279.8,180.7,86.1,0.0,0,1,True
2024-08-30,BLOCK_C,229.3,195.8,83.7,0.0,0,0,True
2024-08-31,BLOCK_A,333.5,265.6,83.6,5.3,0,0,True
2024-08-31,BLOCK_B,279.3,227.3,82.2,5.3,0,0,True
2024-08-31,BLOCK_C,211.8,186.2,85.1,5.3,0,0,True
2024-09-01,BLOCK_A,329.1,268.3,92.8,12.5,0,0,True
2024-09-01,BLOCK_B,285.8,199.4,85.0,12.5,0,0,True
2024-09-01,BLOCK_C,216.5,145.6,83.1,12.5,0,0,True
2024-09-02,BLOCK_A,334.1,180.0,78.2,25.2,0,0,True
2024-09-02,BLOCK_B,273.9,163.5,80.9,25.2,0,0,True
2024-09-02,BLOCK_C,211.2,96.3,81.6,25.2,1,0,True
2024-09-03,BLOCK_A,333.8,269.6,80.5,0.0,0,0,True
2024-09-03,BLOCK_B,268.2,233.1,79.5,0.0,0,0,True
2024-09-03,BLOCK_C,210.5,172.3,79.7,0.0,0,0,True
2024-09-04,BLOCK_A,343.0,322.7,92.0,0.0,0,0,True
2024-09-04,BLOCK_B,277.6,165.7,79.3,0.0,1,0,True
2024-09-04,BLOCK_C,213.5,214.5,98.0,0.0,0,0,True
2024-09-05,BLOCK_A,327.5,286.5,87.4,0.0,0,0,True
2024-09-05,BLOCK_B,290.4,234.4,80.3,0.0,0,0,True
2024-09-05,BLOCK_C,218.5,181.5,83.4,0.0,0,0,True
2024-09-06,BLOCK_A,339.3,258.1,87.1,7.5,0,0,True
2024-09-06,BLOCK_B,290.5,216.3,80.7,7.5,0,0,True
2024-09-06,BLOCK_C,227.8,150.6,85.0,7.5,0,0,True
2024-09-07,BLOCK_A,322.2,272.0,85.0,0.0,0,0,True
2024-09-07,BLOCK_B,276.9,267.6,92.6,0.0,0,0,True
2024-09-07,BLOCK_C,225.2,201.6,98.0,0.0,0,0,True
2024-09-08,BLOCK_A,328.5,173.5,75.1,0.0,1,0,True
2024-09-08,BLOCK_B,290.4,270.8,92.2,0.0,0,0,True
2024-09-08,BLOCK_C,219.6,185.6,80.3,0.0,0,0,True
2024-09-09,BLOCK_A,334.4,222.3,85.1,14.9,0,0,True
2024-09-09,BLOCK_B,292.6,210.0,90.0,14.9,0,0,True
2024-09-09,BLOCK_C,220.3,154.0,84.8,14.9,0,0,True
2024-09-10,BLOCK_A,339.0,279.1,81.7,0.0,0,0,True
2024-09-10,BLOCK_B,267.2,240.7,82.7,0.0,0,0,True
2024-09-10,BLOCK_C,212.3,146.4,93.2,0.0,1,0,True
2024-09-11,BLOCK_A,340.9,216.9,71.5,9.7,0,0,True
2024-09-11,BLOCK_B,282.1,217.0,86.8,9.7,0,0,True
2024-09-11,BLOCK_C,224.7,155.1,82.1,9.7,0,0,True
2024-09-12,BLOCK_A,338.5,279.4,91.7,2.6,0,0,True
2024-09-12,BLOCK_B,286.1,220.4,80.5,2.6,0,0,True
2024-09-12,BLOCK_C,209.7,158.0,83.9,2.6,0,0,True
2024-09-13,BLOCK_A,328.9,273.3,82.5,0.0,0,0,True
2024-09-13,BLOCK_B,273.7,234.6,84.7,0.0,0,0,True
2024-09-13,BLOCK_C,217.4,216.5,94.8,0.0,0,0,True
2024-09-14,BLOCK_A,331.6,289.3,86.4,0.0,0,0,True
2024-09-14,BLOCK_B,275.3,185.5,67.4,0.0,0,0,True
2024-09-14,BLOCK_C,225.1,193.2,85.7,0.0,0,0,True
2024-09-15,BLOCK_A,334.4,187.8,90.8,28.0,0,0,True
2024-09-15,BLOCK_B,266.9,164.1,97.9,28.0,0,0,True
2024-09-15,BLOCK_C,220.6,132.5,80.0,28.0,0,0,True
2024-09-16,BLOCK_A,317.2,237.9,89.2,18.1,0,0,True
2024-09-16,BLOCK_B,289.8,178.6,77.1,18.1,0,0,True
2024-09-16,BLOCK_C,221.4,127.3,79.0,18.1,0,0,True
2024-09-17,BLOCK_A,342.2,287.2,80.1,0.0,0,0,True
2024-09-17,BLOCK_B,289.9,231.1,83.5,0.0,0,0,True
2024-09-17,BLOCK_C,227.3,187.3,85.8,0.0,0,0,True
2024-09-18,BLOCK_A,325.0,296.7,90.5,0.0,0,0,True
2024-09-18,BLOCK_B,281.0,212.7,76.1,0.0,0,0,True
2024-09-18,BLOCK_C,229.8,190.5,85.9,0.0,0,0,True
2024-09-19,BLOCK_A,338.0,332.3,97.1,0.0,0,0,True
2024-09-19,BLOCK_B,284.7,238.5,90.1,0.0,0,0,True
2024-09-19,BLOCK_C,213.5,169.1,75.5,0.0,0,0,True
2024-09-20,BLOCK_A,348.0,210.7,78.6,12.1,0,0,True
2024-09-20,BLOCK_B,291.2,156.4,83.4,12.1,0,1,True
2024-09-20,BLOCK_C,217.4,155.3,86.5,12.1,0,0,True
2024-09-21,BLOCK_A,324.9,318.9,98.0,0.0,0,0,True
2024-09-21,BLOCK_B,267.8,258.8,94.3,0.0,0,0,True
2024-09-21,BLOCK_C,218.3,189.2,85.4,0.0,0,0,True
2024-09-22,BLOCK_A,337.0,275.6,85.2,0.0,0,0,True
2024-09-22,BLOCK_B,280.8,240.6,82.2,0.0,0,0,True
2024-09-22,BLOCK_C,228.2,165.5,80.8,0.0,0,0,True
2024-09-23,BLOCK_A,328.3,298.9,90.8,0.0,0,0,True
2024-09-23,BLOCK_B,291.1,183.0,80.7,0.0,0,1,True
2024-09-23,BLOCK_C,217.3,182.6,80.6,0.0,0,0,True
2024-09-24,BLOCK_A,331.2,293.8,87.2,0.0,0,0,True
2024-09-24,BLOCK_B,292.1,212.5,77.5,0.0,0,0,True
2024-09-24,BLOCK_C,211.5,167.5,79.6,0.0,0,0,True
2024-09-25,BLOCK_A,342.0,189.3,76.0,0.0,0,1,True
2024-09-25,BLOCK_B,290.6,196.4,77.1,0.0,0,0,True
2024-09-25,BLOCK_C,216.0,123.1,96.5,0.0,1,1,True
2024-09-26,BLOCK_A,321.0,253.2,74.1,0.0,0,0,True
2024-09-26,BLOCK_B,281.4,234.7,86.5,0.0,0,0,True
2024-09-26,BLOCK_C,220.2,193.1,88.0,0.0,0,0,True
2024-09-27,BLOCK_A,331.8,287.8,86.8,0.0,0,0,True
2024-09-27,BLOCK_B,272.5,201.0,78.4,0.0,0,0,True
2024-09-27,BLOCK_C,209.6,180.9,81.4,0.0,0,0,True
2024-09-28,BLOCK_A,335.5,246.2,75.5,0.0,0,0,True
2024-09-28,BLOCK_B,277.2,212.2,79.8,0.0,0,0,True
2024-09-28,BLOCK_C,229.9,143.7,85.1,0.0,0,1,True
2024-09-29,BLOCK_A,336.6,269.9,80.1,0.0,0,0,True
2024-09-29,BLOCK_B,287.0,269.1,94.4,0.0,0,0,True
2024-09-29,BLOCK_C,217.2,187.9,89.5,0.0,0,0,True
2024-09-30,BLOCK_A,347.4,282.1,80.5,0.0,0,0,True
2024-09-30,BLOCK_B,286.8,196.1,70.7,0.0,0,0,True
2024-09-30,BLOCK_C,225.6,219.7,95.8,0.0,0,0,True
2024-10-01,BLOCK_A,349.6,250.6,82.0,6.8,0,0,True
2024-10-01,BLOCK_B,283.1,207.3,77.5,6.8,0,0,True
2024-10-01,BLOCK_C,216.1,150.5,73.7,6.8,0,0,True
2024-10-02,BLOCK_A,344.6,246.3,72.8,0.0,0,0,True
2024-10-02,BLOCK_B,277.2,217.8,81.3,0.0,0,0,True
2024-10-02,BLOCK_C,218.2,188.7,86.7,0.0,0,0,True
2024-10-03,BLOCK_A,340.1,311.7,93.2,0.0,0,0,True
2024-10-03,BLOCK_B,284.9,229.7,82.9,0.0,0,0,True
2024-10-03,BLOCK_C,230.5,204.5,93.6,0.0,0,0,True
2024-10-04,BLOCK_A,346.3,267.9,77.5,0.0,0,0,True
2024-10-04,BLOCK_B,278.4,260.4,93.2,0.0,0,0,True
2024-10-04,BLOCK_C,209.4,141.9,81.2,0.0,0,1,True
2024-10-05,BLOCK_A,349.5,263.1,81.6,0.0,0,0,True
2024-10-05,BLOCK_B,290.3,227.1,81.5,0.0,0,0,True
2024-10-05,BLOCK_C,223.8,135.0,74.7,0.0,0,1,True
2024-10-06,BLOCK_A,349.9,317.6,97.0,0.0,0,0,True
2024-10-06,BLOCK_B,286.3,247.9,90.4,0.0,0,0,True
2024-10-06,BLOCK_C,221.3,164.3,73.4,0.0,0,0,True
2024-10-07,BLOCK_A,342.0,295.3,88.7,0.0,0,0,True
2024-10-07,BLOCK_B,288.0,294.3,98.0,0.0,0,0,True
2024-10-07,BLOCK_C,215.0,196.0,85.7,0.0,0,0,True
2024-10-08,BLOCK_A,346.1,254.8,79.3,0.0,0,0,True
2024-10-08,BLOCK_B,282.8,235.0,80.3,0.0,0,0,True
2024-10-08,BLOCK_C,217.3,182.8,86.5,0.0,0,0,True
2024-10-09,BLOCK_A,319.0,318.0,95.3,1.0,0,0,True
2024-10-09,BLOCK_B,281.6,213.9,80.8,1.0,0,0,True
2024-10-09,BLOCK_C,220.1,215.8,95.9,1.0,0,0,True
2024-10-10,BLOCK_A,332.7,204.0,65.5,0.0,0,0,True
2024-10-10,BLOCK_B,281.3,257.0,89.7,0.0,0,0,True
2024-10-10,BLOCK_C,221.4,189.6,85.0,0.0,0,0,True
2024-10-11,BLOCK_A,325.1,282.0,81.5,0.0,0,0,True
2024-10-11,BLOCK_B,266.1,211.1,75.4,0.0,0,0,True
2024-10-11,BLOCK_C,218.8,173.4,81.0,0.0,0,0,True
2024-10-12,BLOCK_A,347.2,308.9,91.0,0.0,0,0,True
2024-10-12,BLOCK_B,291.0,266.0,90.1,0.0,0,0,True
2024-10-12,BLOCK_C,210.0,205.1,88.4,0.0,0,0,True
2024-10-13,BLOCK_A,326.4,287.3,85.2,0.0,0,0,True
2024-10-13,BLOCK_B,272.0,222.2,73.8,0.0,0,0,True
2024-10-13,BLOCK_C,226.7,199.4,93.1,0.0,0,0,True
2024-10-14,BLOCK_A,346.8,189.3,77.1,1.9,0,1,True
2024-10-14,BLOCK_B,288.0,222.6,81.6,1.9,0,0,True
2024-10-14,BLOCK_C,221.1,124.0,81.0,1.9,1,0,True
2024-10-15,BLOCK_A,332.8,216.2,75.5,5.7,0,0,True
2024-10-15,BLOCK_B,286.0,216.6,80.3,5.7,0,0,True
2024-10-15,BLOCK_C,222.7,124.7,63.1,5.7,0,0,True
2024-10-16,BLOCK_A,340.9,260.7,79.1,0.0,0,0,True
2024-10-16,BLOCK_B,266.5,232.4,79.0,0.0,0,0,True
2024-10-16,BLOCK_C,212.8,195.8,85.0,0.0,0,0,True
2024-10-17,BLOCK_A,326.6,314.3,92.7,0.0,0,0,True
2024-10-17,BLOCK_B,282.1,184.6,87.1,0.0,1,0,True
2024-10-17,BLOCK_C,212.2,133.2,85.3,0.0,1,0,True
2024-10-18,BLOCK_A,337.2,238.6,71.0,0.0,0,0,True
2024-10-18,BLOCK_B,280.1,216.3,77.4,0.0,0,0,True
2024-10-18,BLOCK_C,223.4,175.3,87.3,0.0,0,0,True
2024-10-19,BLOCK_A,327.8,296.8,89.3,0.0,0,0,True
2024-10-19,BLOCK_B,269.7,210.4,75.2,0.0,0,0,True
2024-10-19,BLOCK_C,223.0,189.2,93.6,0.0,0,0,True
2024-10-20,BLOCK_A,330.3,251.9,79.5,0.0,0,0,True
2024-10-20,BLOCK_B,273.1,212.4,77.2,0.0,0,0,True
2024-10-20,BLOCK_C,221.6,163.6,67.6,0.0,0,0,True
2024-10-21,BLOCK_A,320.1,258.5,75.5,0.0,0,0,True
2024-10-21,BLOCK_B,278.6,266.5,89.9,0.0,0,0,True
2024-10-21,BLOCK_C,215.4,152.5,77.8,0.0,0,0,True
2024-10-22,BLOCK_A,322.1,261.2,79.3,0.0,0,0,True
2024-10-22,BLOCK_B,286.6,208.4,79.2,0.0,0,0,True
2024-10-22,BLOCK_C,227.5,191.9,83.2,0.0,0,0,True
2024-10-23,BLOCK_A,324.9,316.7,98.0,0.0,0,0,True
2024-10-23,BLOCK_B,266.3,221.8,80.7,0.0,0,0,True
2024-10-23,BLOCK_C,215.7,174.3,84.0,0.0,0,0,True
2024-10-24,BLOCK_A,335.4,312.5,91.0,0.0,0,0,True
2024-10-24,BLOCK_B,290.4,213.9,69.7,0.0,0,0,True
2024-10-24,BLOCK_C,209.1,200.7,91.6,0.0,0,0,True
2024-10-25,BLOCK_A,329.8,253.3,79.3,0.0,0,0,True
2024-10-25,BLOCK_B,293.9,234.2,85.7,0.0,0,0,True
2024-10-25,BLOCK_C,211.3,170.6,79.4,0.0,0,0,True
2024-10-26,BLOCK_A,324.0,266.1,76.6,0.0,0,0,True
2024-10-26,BLOCK_B,278.2,250.5,87.6,0.0,0,0,True
2024-10-26,BLOCK_C,229.6,205.0,94.1,0.0,0,0,True
2024-10-27,BLOCK_A,320.0,318.3,94.2,0.0,0,0,True
2024-10-27,BLOCK_B,266.3,255.5,90.4,0.0,0,0,True
2024-10-27,BLOCK_C,210.4,190.0,87.9,0.0,0,0,True
2024-10-28,BLOCK_A,320.6,223.8,65.7,0.0,0,0,True
2024-10-28,BLOCK_B,291.5,231.7,83.4,0.0,0,0,True
2024-10-28,BLOCK_C,217.8,187.1,91.9,0.0,0,0,True
2024-10-29,BLOCK_A,330.9,306.3,90.8,0.0,0,0,True
2024-10-29,BLOCK_B,270.8,221.4,80.7,0.0,0,0,True
2024-10-29,BLOCK_C,217.8,177.1,79.8,0.0,0,0,True
2024-10-30,BLOCK_A,326.5,261.0,77.2,0.0,0,0,True
2024-10-30,BLOCK_B,285.1,263.3,96.5,0.0,0,0,True
2024-10-30,BLOCK_C,219.5,178.5,81.3,0.0,0,0,True
2024-10-31,BLOCK_A,347.3,288.9,88.1,0.0,0,0,True
2024-10-31,BLOCK_B,268.8,227.7,82.8,0.0,0,0,True
2024-10-31,BLOCK_C,221.4,157.3,73.4,0.0,0,0,True
2024-11-01,BLOCK_A,332.8,287.5,87.5,0.0,0,0,True
2024-11-01,BLOCK_B,275.4,223.6,86.0,0.0,0,0,True
2024-11-01,BLOCK_C,211.9,182.0,83.9,0.0,0,0,True
2024-11-02,BLOCK_A,348.4,300.0,90.0,0.0,0,0,True
2024-11-02,BLOCK_B,274.7,223.5,84.7,0.0,0,0,True
2024-11-02,BLOCK_C,211.2,189.5,89.9,0.0,0,0,True
2024-11-03,BLOCK_A,337.4,278.6,83.9,0.0,0,0,True
2024-11-03,BLOCK_B,279.1,151.8,77.5,0.0,1,0,True
2024-11-03,BLOCK_C,211.4,190.4,94.5,0.0,0,0,True
2024-11-04,BLOCK_A,348.2,273.9,79.9,0.0,0,0,True
2024-11-04,BLOCK_B,284.3,227.5,82.0,0.0,0,0,True
2024-11-04,BLOCK_C,229.4,199.0,91.4,0.0,0,0,True
2024-11-05,BLOCK_A,327.6,278.5,87.3,0.0,0,0,True
2024-11-05,BLOCK_B,270.9,221.9,81.7,0.0,0,0,True
2024-11-05,BLOCK_C,230.4,169.6,77.5,0.0,0,0,True
2024-11-06,BLOCK_A,326.9,220.2,66.0,0.0,0,0,True
2024-11-06,BLOCK_B,290.6,199.8,70.4,0.0,0,0,True
2024-11-06,BLOCK_C,213.6,169.3,71.1,0.0,0,0,True
2024-11-07,BLOCK_A,319.8,281.8,84.7,0.0,0,0,True
2024-11-07,BLOCK_B,273.8,245.4,92.4,0.0,0,0,True
2024-11-07,BLOCK_C,220.2,191.1,80.9,0.0,0,0,True
2024-11-08,BLOCK_A,343.1,335.8,97.8,0.0,0,0,True
2024-11-08,BLOCK_B,275.3,203.6,79.8,0.0,0,0,True
2024-11-08,BLOCK_C,230.1,197.3,90.8,0.0,0,0,True
2024-11-09,BLOCK_A,336.0,246.1,78.9,5.8,0,0,True
2024-11-09,BLOCK_B,274.1,257.6,91.2,5.8,0,0,True
2024-11-09,BLOCK_C,215.0,156.7,78.5,5.8,0,0,True
2024-11-10,BLOCK_A,322.5,292.3,86.0,0.0,0,0,True
2024-11-10,BLOCK_B,273.3,246.1,89.6,0.0,0,0,True
2024-11-10,BLOCK_C,218.4,182.1,82.8,0.0,0,0,True
2024-11-11,BLOCK_A,349.8,267.2,82.6,0.0,0,0,True
2024-11-11,BLOCK_B,287.3,197.8,78.0,0.0,0,0,True
2024-11-11,BLOCK_C,216.2,182.7,81.5,0.0,0,0,True
2024-11-12,BLOCK_A,337.1,242.1,75.5,0.0,0,0,True
2024-11-12,BLOCK_B,275.7,259.1,87.6,0.0,0,0,True
2024-11-12,BLOCK_C,222.2,186.7,83.7,0.0,0,0,True
2024-11-13,BLOCK_A,317.6,249.2,79.4,0.0,0,0,True
2024-11-13,BLOCK_B,284.9,117.8,70.1,0.0,1,1,True
2024-11-13,BLOCK_C,217.6,165.6,80.0,0.0,0,0,True
2024-11-14,BLOCK_A,328.1,306.7,91.1,0.0,0,0,True
2024-11-14,BLOCK_B,276.1,178.3,90.0,0.0,1,0,True
2024-11-14,BLOCK_C,223.6,180.4,81.7,0.0,0,0,True
2024-11-15,BLOCK_A,325.9,289.7,84.0,0.0,0,0,True
2024-11-15,BLOCK_B,286.0,266.8,89.9,0.0,0,0,True
2024-11-15,BLOCK_C,222.1,160.8,69.5,0.0,0,0,True
2024-11-16,BLOCK_A,326.4,256.9,73.7,0.0,0,0,True
2024-11-16,BLOCK_B,287.4,245.4,84.5,0.0,0,0,True
2024-11-16,BLOCK_C,222.6,187.2,85.1,0.0,0,0,True
2024-11-17,BLOCK_A,333.0,262.1,77.7,0.0,0,0,True
2024-11-17,BLOCK_B,268.1,216.8,82.5,0.0,0,0,True
2024-11-17,BLOCK_C,216.4,176.1,83.8,0.0,0,0,True
2024-11-18,BLOCK_A,320.3,258.2,81.9,0.0,0,0,True
2024-11-18,BLOCK_B,291.2,264.3,92.0,0.0,0,0,True
2024-11-18,BLOCK_C,226.5,162.0,69.7,0.0,0,0,True
2024-11-19,BLOCK_A,349.4,310.4,94.6,0.0,0,0,True
2024-11-19,BLOCK_B,276.4,226.0,82.1,0.0,0,0,True
2024-11-19,BLOCK_C,229.3,177.2,75.0,0.0,0,0,True
2024-11-20,BLOCK_A,339.0,245.1,80.9,0.0,0,0,True
2024-11-20,BLOCK_B,277.7,246.8,90.9,0.0,0,0,True
2024-11-20,BLOCK_C,210.8,179.8,82.7,0.0,0,0,True
2024-11-21,BLOCK_A,325.2,285.9,82.8,0.0,0,0,True
2024-11-21,BLOCK_B,276.7,241.3,84.0,0.0,0,0,True
2024-11-21,BLOCK_C,229.0,165.5,83.3,0.0,0,0,True
2024-11-22,BLOCK_A,337.1,260.4,74.1,0.0,0,0,True
2024-11-22,BLOCK_B,272.0,143.3,72.7,0.0,1,0,True
2024-11-22,BLOCK_C,218.5,163.2,72.4,0.0,0,0,True
2024-11-23,BLOCK_A,347.0,276.5,86.6,0.0,0,0,True
2024-11-23,BLOCK_B,292.8,212.6,77.0,0.0,0,0,True
2024-11-23,BLOCK_C,226.5,180.8,86.4,0.0,0,0,True
2024-11-24,BLOCK_A,332.2,269.6,79.8,0.0,0,0,True
2024-11-24,BLOCK_B,271.4,257.1,90.4,0.0,0,0,True
2024-11-24,BLOCK_C,220.8,187.6,87.8,0.0,0,0,True
2024-11-25,BLOCK_A,342.5,293.7,92.4,0.0,0,0,True
2024-11-25,BLOCK_B,270.3,232.6,79.3,0.0,0,0,True
2024-11-25,BLOCK_C,210.1,140.6,69.9,0.0,0,0,True
2024-11-26,BLOCK_A,318.8,301.0,84.8,0.0,0,0,True
2024-11-26,BLOCK_B,282.1,147.4,51.6,0.0,0,0,True
2024-11-26,BLOCK_C,225.6,192.0,87.5,0.0,0,0,True
2024-11-27,BLOCK_A,338.7,281.6,84.1,0.0,0,0,True
2024-11-27,BLOCK_B,270.4,199.8,70.6,0.0,0,0,True
2024-11-27,BLOCK_C,218.0,181.4,80.9,0.0,0,0,True
2024-11-28,BLOCK_A,320.4,318.4,94.4,0.0,0,0,True
2024-11-28,BLOCK_B,278.2,218.0,82.1,0.0,0,0,True
2024-11-28,BLOCK_C,219.1,161.7,70.7,0.0,0,0,True
2024-11-29,BLOCK_A,335.4,196.2,66.4,8.7,0,0,True
2024-11-29,BLOCK_B,289.3,225.4,89.0,8.7,0,0,True
2024-11-29,BLOCK_C,209.1,165.3,83.9,8.7,0,0,True
2024-11-30,BLOCK_A,342.7,250.5,76.5,0.0,0,0,True
2024-11-30,BLOCK_B,277.9,208.2,76.3,0.0,0,0,True
2024-11-30,BLOCK_C,226.1,156.5,74.8,0.0,0,0,True
2024-12-01,BLOCK_A,336.8,315.6,91.2,0.0,0,0,True
2024-12-01,BLOCK_B,285.1,200.2,73.7,0.0,0,0,True
2024-12-01,BLOCK_C,210.9,189.8,85.1,0.0,0,0,True
2024-12-02,BLOCK_A,323.7,258.0,77.9,0.0,0,0,True
2024-12-02,BLOCK_B,288.5,207.6,78.1,0.0,0,0,True
2024-12-02,BLOCK_C,230.8,212.9,87.4,0.0,0,0,True
2024-12-03,BLOCK_A,317.2,280.1,87.2,0.0,0,0,True
2024-12-03,BLOCK_B,284.6,231.6,79.8,0.0,0,0,True
2024-12-03,BLOCK_C,220.4,190.9,80.4,0.0,0,0,True
2024-12-04,BLOCK_A,336.8,195.0,74.1,0.0,1,0,True
2024-12-04,BLOCK_B,266.4,215.7,78.9,0.0,0,0,True
2024-12-04,BLOCK_C,215.9,175.9,85.0,0.0,0,0,True
2024-12-05,BLOCK_A,319.6,265.2,81.9,0.0,0,0,True
2024-12-05,BLOCK_B,273.2,229.0,84.8,0.0,0,0,True
2024-12-05,BLOCK_C,227.9,162.5,74.1,0.0,0,0,True
2024-12-06,BLOCK_A,334.3,319.1,91.5,0.0,0,0,True
2024-12-06,BLOCK_B,287.8,239.1,89.4,0.0,0,0,True
2024-12-06,BLOCK_C,226.1,180.3,81.5,0.0,0,0,True
2024-12-07,BLOCK_A,343.7,176.6,69.2,0.0,1,0,True
2024-12-07,BLOCK_B,276.9,238.7,84.3,0.0,0,0,True
2024-12-07,BLOCK_C,214.8,186.9,88.3,0.0,0,0,True
2024-12-08,BLOCK_A,337.9,170.4,72.9,0.0,0,1,True
2024-12-08,BLOCK_B,285.5,250.9,97.0,0.0,0,0,True
2024-12-08,BLOCK_C,219.5,135.2,64.3,0.0,0,0,True
2024-12-09,BLOCK_A,346.5,243.3,75.9,0.0,0,0,True
2024-12-09,BLOCK_B,268.3,270.9,94.0,0.0,0,0,True
2024-12-09,BLOCK_C,213.4,155.9,74.4,0.0,0,0,True
2024-12-10,BLOCK_A,341.2,263.6,79.1,0.0,0,0,True
2024-12-10,BLOCK_B,286.1,239.1,88.6,0.0,0,0,True
2024-12-10,BLOCK_C,225.4,203.1,96.4,0.0,0,0,True
2024-12-11,BLOCK_A,330.3,259.7,79.4,0.0,0,0,True
2024-12-11,BLOCK_B,277.0,211.2,78.5,0.0,0,0,True
2024-12-11,BLOCK_C,214.1,209.7,94.5,0.0,0,0,True
2024-12-12,BLOCK_A,338.5,216.3,67.0,0.0,0,0,True
2024-12-12,BLOCK_B,275.0,227.8,84.4,0.0,0,0,True
2024-12-12,BLOCK_C,225.6,192.4,91.0,0.0,0,0,True
2024-12-13,BLOCK_A,341.6,236.9,72.5,0.0,0,0,True
2024-12-13,BLOCK_B,283.9,234.8,87.2,0.0,0,0,True
2024-12-13,BLOCK_C,225.1,207.2,93.9,0.0,0,0,True
2024-12-14,BLOCK_A,344.5,230.4,69.4,0.0,0,0,True
2024-12-14,BLOCK_B,269.9,230.9,81.9,0.0,0,0,True
2024-12-14,BLOCK_C,216.2,174.1,80.6,0.0,0,0,True
2024-12-15,BLOCK_A,320.4,277.8,84.0,0.0,0,0,True
2024-12-15,BLOCK_B,281.7,244.2,85.2,0.0,0,0,True
2024-12-15,BLOCK_C,227.2,157.8,68.8,0.0,0,0,True
2024-12-16,BLOCK_A,322.4,253.9,81.2,0.0,0,0,True
2024-12-16,BLOCK_B,291.8,262.2,89.4,0.0,0,0,True
2024-12-16,BLOCK_C,213.1,182.1,80.8,0.0,0,0,True
2024-12-17,BLOCK_A,329.0,307.6,90.9,0.0,0,0,True
2024-12-17,BLOCK_B,272.0,208.0,75.9,0.0,0,0,True
2024-12-17,BLOCK_C,222.5,203.1,85.2,0.0,0,0,True
2024-12-18,BLOCK_A,328.6,312.2,89.2,0.0,0,0,True
2024-12-18,BLOCK_B,279.1,201.4,73.1,0.0,0,0,True
2024-12-18,BLOCK_C,219.6,197.5,88.4,0.0,0,0,True
2024-12-19,BLOCK_A,343.3,213.8,66.2,0.0,0,0,True
2024-12-19,BLOCK_B,288.2,235.5,82.2,0.0,0,0,True
2024-12-19,BLOCK_C,219.6,189.0,77.4,0.0,0,0,True
2024-12-20,BLOCK_A,318.4,292.8,86.6,0.0,0,0,True
2024-12-20,BLOCK_B,279.5,204.0,70.3,0.0,0,0,True
2024-12-20,BLOCK_C,210.2,163.7,86.8,0.0,0,0,True
2024-12-21,BLOCK_A,337.0,251.1,76.2,0.0,0,0,True
2024-12-21,BLOCK_B,276.5,187.4,69.4,0.0,0,0,True
2024-12-21,BLOCK_C,217.8,163.5,78.1,0.0,0,0,True
2024-12-22,BLOCK_A,321.6,226.5,69.1,0.0,0,0,True
2024-12-22,BLOCK_B,268.3,198.8,70.7,0.0,0,0,True
2024-12-22,BLOCK_C,220.6,157.1,74.2,0.0,0,0,True
2024-12-23,BLOCK_A,323.9,283.2,85.3,0.0,0,0,True
2024-12-23,BLOCK_B,280.6,229.1,77.7,0.0,0,0,True
2024-12-23,BLOCK_C,223.6,197.4,88.1,0.0,0,0,True
2024-12-24,BLOCK_A,331.1,328.1,95.1,0.0,0,0,True
2024-12-24,BLOCK_B,287.1,251.5,84.9,0.0,0,0,True
2024-12-24,BLOCK_C,210.8,149.3,72.8,0.0,0,0,True
2024-12-25,BLOCK_A,333.9,251.7,76.3,0.0,0,0,True
2024-12-25,BLOCK_B,290.8,283.8,94.6,0.0,0,0,True
2024-12-25,BLOCK_C,228.6,191.8,86.9,0.0,0,0,True
2024-12-26,BLOCK_A,333.3,302.0,95.1,0.0,0,0,True
2024-12-26,BLOCK_B,290.4,210.3,80.1,0.0,0,0,True
2024-12-26,BLOCK_C,216.9,171.0,90.2,0.0,0,0,True
2024-12-27,BLOCK_A,343.9,226.0,66.5,0.0,0,0,True
2024-12-27,BLOCK_B,281.6,154.0,75.0,0.0,0,1,True
2024-12-27,BLOCK_C,225.6,155.8,75.8,0.0,0,0,True
2024-12-28,BLOCK_A,319.5,305.8,92.3,0.0,0,0,True
2024-12-28,BLOCK_B,277.8,183.5,80.6,0.0,0,1,True
2024-12-28,BLOCK_C,209.6,179.3,79.2,0.0,0,0,True
2024-12-29,BLOCK_A,341.0,247.4,72.3,0.0,0,0,True
2024-12-29,BLOCK_B,288.8,163.7,80.5,0.0,1,0,True
2024-12-29,BLOCK_C,225.0,169.9,83.4,0.0,0,0,True
2024-12-30,BLOCK_A,346.9,264.7,79.5,0.0,0,0,True
2024-12-30,BLOCK_B,268.1,217.9,80.9,0.0,0,0,True
2024-12-30,BLOCK_C,228.1,135.3,79.6,0.0,0,1,True
2024-12-31,BLOCK_A,328.9,262.9,80.1,0.0,0,0,True
2024-12-31,BLOCK_B,286.7,258.8,91.0,0.0,0,0,True
2024-12-31,BLOCK_C,230.5,203.3,91.3,0.0,0,0,True
2025-01-01,BLOCK_A,316.8,253.5,78.3,0.0,0,0,True
2025-01-01,BLOCK_B,277.8,261.8,86.4,0.0,0,0,True
2025-01-01,BLOCK_C,227.2,205.8,98.0,0.0,0,0,True
2025-01-02,BLOCK_A,338.1,270.3,84.9,0.0,0,0,True
2025-01-02,BLOCK_B,292.0,221.4,78.7,0.0,0,0,True
2025-01-02,BLOCK_C,209.7,180.7,78.5,0.0,0,0,True
2025-01-03,BLOCK_A,349.1,292.6,92.8,0.0,0,0,True
2025-01-03,BLOCK_B,291.6,228.4,75.6,0.0,0,0,True
2025-01-03,BLOCK_C,221.0,190.0,84.1,0.0,0,0,True
2025-01-04,BLOCK_A,348.1,250.7,76.8,0.0,0,0,True
2025-01-04,BLOCK_B,272.4,200.1,72.9,0.0,0,0,True
2025-01-04,BLOCK_C,211.3,154.6,79.4,0.0,0,0,True
2025-01-05,BLOCK_A,342.4,314.3,90.1,0.0,0,0,True
2025-01-05,BLOCK_B,293.1,215.0,78.9,0.0,0,0,True
2025-01-05,BLOCK_C,218.6,220.5,88.6,0.0,0,0,True
2025-01-06,BLOCK_A,323.5,268.2,80.1,0.0,0,0,True
2025-01-06,BLOCK_B,268.9,277.4,97.1,0.0,0,0,True
2025-01-06,BLOCK_C,213.0,176.1,72.0,0.0,0,0,True
2025-01-07,BLOCK_A,316.8,253.8,76.8,0.0,0,0,True
2025-01-07,BLOCK_B,292.4,274.1,95.1,0.0,0,0,True
2025-01-07,BLOCK_C,210.0,178.1,81.6,0.0,0,0,True
2025-01-08,BLOCK_A,336.4,253.1,75.6,0.0,0,0,True
2025-01-08,BLOCK_B,277.1,225.0,85.1,0.0,0,0,True
2025-01-08,BLOCK_C,218.6,198.2,91.7,0.0,0,0,True
2025-01-09,BLOCK_A,330.6,250.7,80.8,0.0,0,0,True
2025-01-09,BLOCK_B,269.1,219.1,83.1,0.0,0,0,True
2025-01-09,BLOCK_C,229.6,185.6,79.6,0.0,0,0,True
2025-01-10,BLOCK_A,345.0,278.5,83.0,0.0,0,0,True
2025-01-10,BLOCK_B,266.1,279.2,98.0,0.0,0,0,True
2025-01-10,BLOCK_C,229.2,205.2,91.5,0.0,0,0,True
2025-01-11,BLOCK_A,322.3,270.5,82.7,0.0,0,0,True
2025-01-11,BLOCK_B,289.5,191.0,75.0,0.0,0,0,True
2025-01-11,BLOCK_C,228.7,152.4,70.9,0.0,0,0,True
2025-01-12,BLOCK_A,325.6,208.1,82.3,0.0,0,1,True
2025-01-12,BLOCK_B,284.9,265.5,91.4,0.0,0,0,True
2025-01-12,BLOCK_C,212.7,199.6,78.7,0.0,0,0,True
2025-01-13,BLOCK_A,326.4,249.9,77.5,0.0,0,0,True
2025-01-13,BLOCK_B,267.0,238.1,87.7,0.0,0,0,True
2025-01-13,BLOCK_C,224.8,139.0,87.2,0.0,1,0,True
2025-01-14,BLOCK_A,345.4,253.9,79.0,0.0,0,0,True
2025-01-14,BLOCK_B,285.9,222.4,86.3,0.0,0,0,True
2025-01-14,BLOCK_C,227.8,165.2,72.3,0.0,0,0,True
2025-01-15,BLOCK_A,330.1,242.6,75.1,0.0,0,0,True
2025-01-15,BLOCK_B,281.4,226.1,76.1,0.0,0,0,True
2025-01-15,BLOCK_C,213.7,205.9,93.0,0.0,0,0,True
2025-01-16,BLOCK_A,347.5,284.9,83.2,0.0,0,0,True
2025-01-16,BLOCK_B,271.2,255.2,83.0,0.0,0,0,True
2025-01-16,BLOCK_C,219.6,195.2,84.3,0.0,0,0,True
2025-01-17,BLOCK_A,331.5,267.1,79.7,0.0,0,0,True
2025-01-17,BLOCK_B,275.1,215.0,83.8,0.0,0,0,True
2025-01-17,BLOCK_C,225.4,183.1,79.5,0.0,0,0,True
2025-01-18,BLOCK_A,318.1,294.2,91.8,0.0,0,0,True
2025-01-18,BLOCK_B,281.1,212.0,80.5,0.0,0,0,True
2025-01-18,BLOCK_C,214.7,145.0,85.8,0.0,1,0,True
2025-01-19,BLOCK_A,345.7,119.4,74.7,23.8,1,0,True
2025-01-19,BLOCK_B,276.4,116.1,91.1,23.8,1,0,True
2025-01-19,BLOCK_C,226.9,80.8,92.4,23.8,1,1,True
2025-01-20,BLOCK_A,331.9,302.3,90.2,0.0,0,0,True
2025-01-20,BLOCK_B,287.4,238.0,79.2,0.0,0,0,True
2025-01-20,BLOCK_C,222.4,179.2,86.7,0.0,0,0,True
2025-01-21,BLOCK_A,324.3,268.9,84.6,0.0,0,0,True
2025-01-21,BLOCK_B,266.2,199.3,79.1,0.0,0,0,True
2025-01-21,BLOCK_C,223.3,182.0,82.1,0.0,0,0,True
2025-01-22,BLOCK_A,317.9,254.4,76.5,0.0,0,0,True
2025-01-22,BLOCK_B,287.1,252.4,87.0,0.0,0,0,True
2025-01-22,BLOCK_C,216.6,178.1,77.1,0.0,0,0,True
2025-01-23,BLOCK_A,326.3,216.9,63.7,0.0,0,0,True
2025-01-23,BLOCK_B,287.8,239.1,81.4,0.0,0,0,True
2025-01-23,BLOCK_C,229.1,176.1,76.7,0.0,0,0,True
2025-01-24,BLOCK_A,344.3,285.4,87.4,0.0,0,0,True
2025-01-24,BLOCK_B,270.8,183.8,92.6,0.0,1,0,True
2025-01-24,BLOCK_C,230.8,163.0,79.1,0.0,0,0,True
2025-01-25,BLOCK_A,334.3,270.3,79.3,0.0,0,0,True
2025-01-25,BLOCK_B,282.7,155.5,76.7,0.0,0,1,True
2025-01-25,BLOCK_C,211.0,188.5,77.5,0.0,0,0,True
2025-01-26,BLOCK_A,319.8,315.0,98.0,3.8,0,0,True
2025-01-26,BLOCK_B,290.0,203.1,78.8,3.8,0,0,True
2025-01-26,BLOCK_C,217.3,189.4,94.5,3.8,0,0,True
2025-01-27,BLOCK_A,318.5,316.5,94.2,0.0,0,0,True
2025-01-27,BLOCK_B,279.9,220.5,70.1,0.0,0,0,True
2025-01-27,BLOCK_C,214.9,151.5,71.2,0.0,0,0,True
2025-01-28,BLOCK_A,345.3,270.6,78.8,0.0,0,0,True
2025-01-28,BLOCK_B,291.6,180.2,69.7,0.0,0,0,True
2025-01-28,BLOCK_C,214.5,198.9,92.7,0.0,0,0,True
2025-01-29,BLOCK_A,345.8,284.1,88.5,0.0,0,0,True
2025-01-29,BLOCK_B,290.1,218.6,80.7,0.0,0,0,True
2025-01-29,BLOCK_C,213.8,187.9,79.6,0.0,0,0,True
2025-01-30,BLOCK_A,333.8,266.2,81.5,0.0,0,0,True
2025-01-30,BLOCK_B,277.3,195.8,71.3,0.0,0,0,True
2025-01-30,BLOCK_C,227.7,190.9,83.4,0.0,0,0,True
2025-01-31,BLOCK_A,332.7,278.1,83.2,0.0,0,0,True
2025-01-31,BLOCK_B,271.7,165.0,76.9,0.0,1,0,True
2025-01-31,BLOCK_C,212.7,160.2,79.5,0.0,0,0,True
2025-02-01,BLOCK_A,330.3,238.1,70.4,0.0,0,0,True
2025-02-01,BLOCK_B,271.2,164.9,82.0,0.0,0,1,True
2025-02-01,BLOCK_C,212.3,199.1,95.1,0.0,0,0,True
2025-02-02,BLOCK_A,346.3,250.7,76.4,0.0,0,0,True
2025-02-02,BLOCK_B,269.1,161.9,80.5,0.0,1,0,True
2025-02-02,BLOCK_C,215.6,199.3,85.6,0.0,0,0,True
2025-02-03,BLOCK_A,318.0,271.6,81.8,0.0,0,0,True
2025-02-03,BLOCK_B,284.5,249.0,86.7,0.0,0,0,True
2025-02-03,BLOCK_C,224.1,145.3,58.9,0.0,0,0,True
2025-02-04,BLOCK_A,337.1,313.6,90.0,0.0,0,0,True
2025-02-04,BLOCK_B,278.6,288.0,98.0,0.0,0,0,True
2025-02-04,BLOCK_C,217.7,177.6,77.1,0.0,0,0,True
2025-02-05,BLOCK_A,345.8,225.6,69.1,0.0,0,0,True
2025-02-05,BLOCK_B,270.6,195.9,66.6,0.0,0,0,True
2025-02-05,BLOCK_C,215.9,195.6,83.3,0.0,0,0,True
2025-02-06,BLOCK_A,349.4,294.8,90.4,0.0,0,0,True
2025-02-06,BLOCK_B,287.4,231.2,86.4,0.0,0,0,True
2025-02-06,BLOCK_C,215.4,171.1,79.3,0.0,0,0,True
2025-02-07,BLOCK_A,333.3,249.6,75.1,0.0,0,0,True
2025-02-07,BLOCK_B,293.4,237.0,79.9,0.0,0,0,True
2025-02-07,BLOCK_C,211.7,166.9,78.6,0.0,0,0,True
2025-02-08,BLOCK_A,319.5,318.2,96.2,0.0,0,0,True
2025-02-08,BLOCK_B,292.5,225.9,78.9,0.0,0,0,True
2025-02-08,BLOCK_C,216.0,173.9,76.4,0.0,0,0,True
2025-02-09,BLOCK_A,345.7,264.4,80.0,0.0,0,0,True
2025-02-09,BLOCK_B,268.7,267.4,92.3,0.0,0,0,True
2025-02-09,BLOCK_C,215.1,160.6,76.5,0.0,0,0,True
2025-02-10,BLOCK_A,344.0,182.9,81.8,0.0,1,0,True
2025-02-10,BLOCK_B,267.6,212.7,76.0,0.0,0,0,True
2025-02-10,BLOCK_C,213.2,208.3,93.4,0.0,0,0,True
2025-02-11,BLOCK_A,347.9,295.0,94.4,0.0,0,0,True
2025-02-11,BLOCK_B,293.9,201.7,75.2,0.0,0,0,True
2025-02-11,BLOCK_C,210.9,208.6,89.9,0.0,0,0,True
2025-02-12,BLOCK_A,342.0,283.6,83.7,0.0,0,0,True
2025-02-12,BLOCK_B,291.1,263.1,94.4,0.0,0,0,True
2025-02-12,BLOCK_C,215.0,129.4,77.6,0.0,0,1,True
2025-02-13,BLOCK_A,322.4,241.7,70.9,0.0,0,0,True
2025-02-13,BLOCK_B,284.3,230.1,82.5,0.0,0,0,True
2025-02-13,BLOCK_C,217.7,128.2,71.5,0.0,0,1,True
2025-02-14,BLOCK_A,329.9,270.9,86.3,2.5,0,0,True
2025-02-14,BLOCK_B,283.5,259.5,96.5,2.5,0,0,True
2025-02-14,BLOCK_C,215.1,160.8,80.9,2.5,0,0,True
2025-02-15,BLOCK_A,334.3,283.7,85.0,0.0,0,0,True
2025-02-15,BLOCK_B,290.3,183.2,63.1,0.0,0,0,True
2025-02-15,BLOCK_C,215.7,194.5,85.7,0.0,0,0,True
2025-02-16,BLOCK_A,337.2,314.1,94.9,0.0,0,0,True
2025-02-16,BLOCK_B,290.7,215.9,77.6,0.0,0,0,True
2025-02-16,BLOCK_C,223.8,188.6,82.8,0.0,0,0,True
2025-02-17,BLOCK_A,325.1,209.6,84.9,0.0,1,0,True
2025-02-17,BLOCK_B,285.1,250.8,87.9,0.0,0,0,True
2025-02-17,BLOCK_C,221.2,213.0,89.4,0.0,0,0,True
2025-02-18,BLOCK_A,325.1,300.4,86.6,0.0,0,0,True
2025-02-18,BLOCK_B,276.6,228.7,79.8,0.0,0,0,True
2025-02-18,BLOCK_C,221.8,191.4,82.5,0.0,0,0,True
2025-02-19,BLOCK_A,347.5,172.8,72.9,0.0,1,0,True
2025-02-19,BLOCK_B,270.0,116.4,72.5,0.0,1,1,True
2025-02-19,BLOCK_C,227.3,129.7,69.0,0.0,0,1,True
2025-02-20,BLOCK_A,337.2,281.6,87.4,0.0,0,0,True
2025-02-20,BLOCK_B,290.1,214.6,79.3,0.0,0,0,True
2025-02-20,BLOCK_C,214.3,177.3,91.8,0.0,0,0,True
2025-02-21,BLOCK_A,349.0,266.7,79.3,0.0,0,0,True
2025-02-21,BLOCK_B,275.8,228.6,87.4,0.0,0,0,True
2025-02-21,BLOCK_C,225.9,158.2,71.5,0.0,0,0,True
2025-02-22,BLOCK_A,343.0,211.7,86.3,0.0,0,1,True
2025-02-22,BLOCK_B,271.6,202.9,76.0,0.0,0,0,True
2025-02-22,BLOCK_C,209.2,167.8,77.9,0.0,0,0,True
2025-02-23,BLOCK_A,322.9,298.1,90.5,0.0,0,0,True
2025-02-23,BLOCK_B,279.9,259.1,94.6,0.0,0,0,True
2025-02-23,BLOCK_C,223.3,207.8,94.8,0.0,0,0,True
2025-02-24,BLOCK_A,333.3,274.6,81.3,0.0,0,0,True
2025-02-24,BLOCK_B,271.8,227.7,78.4,0.0,0,0,True
2025-02-24,BLOCK_C,221.9,135.4,93.5,0.0,1,0,True
2025-02-25,BLOCK_A,330.6,277.8,83.3,0.0,0,0,True
2025-02-25,BLOCK_B,287.5,200.6,77.4,0.0,0,0,True
2025-02-25,BLOCK_C,209.6,178.9,86.0,0.0,0,0,True
2025-02-26,BLOCK_A,319.2,307.7,95.5,0.0,0,0,True
2025-02-26,BLOCK_B,289.7,261.7,93.6,0.0,0,0,True
2025-02-26,BLOCK_C,226.0,188.2,83.1,0.0,0,0,True
2025-02-27,BLOCK_A,348.8,298.4,91.4,0.0,0,0,True
2025-02-27,BLOCK_B,271.0,243.0,87.5,0.0,0,0,True
2025-02-27,BLOCK_C,222.0,168.6,80.2,0.0,0,0,True
2025-02-28,BLOCK_A,349.0,255.1,78.2,0.0,0,0,True
2025-02-28,BLOCK_B,273.9,229.3,83.3,0.0,0,0,True
2025-02-28,BLOCK_C,218.2,208.2,86.9,0.0,0,0,True
2025-03-01,BLOCK_A,339.9,262.7,75.8,0.0,0,0,True
2025-03-01,BLOCK_B,274.3,201.0,70.4,0.0,0,0,True
2025-03-01,BLOCK_C,227.2,165.0,73.2,0.0,0,0,True
2025-03-02,BLOCK_A,328.4,276.5,83.5,0.0,0,0,True
2025-03-02,BLOCK_B,276.0,267.9,92.5,0.0,0,0,True
2025-03-02,BLOCK_C,223.5,136.3,70.8,0.0,0,0,True
2025-03-03,BLOCK_A,327.1,277.2,84.3,0.0,0,0,True
2025-03-03,BLOCK_B,285.7,212.5,67.5,0.0,0,0,True
2025-03-03,BLOCK_C,223.5,165.3,77.1,0.0,0,0,True
2025-03-04,BLOCK_A,330.3,283.8,87.1,0.0,0,0,True
2025-03-04,BLOCK_B,283.0,226.1,80.1,0.0,0,0,True
2025-03-04,BLOCK_C,215.8,181.8,82.0,0.0,0,0,True
2025-03-05,BLOCK_A,343.8,265.4,89.6,4.5,0,0,True
2025-03-05,BLOCK_B,268.6,232.3,89.1,4.5,0,0,True
2025-03-05,BLOCK_C,218.5,180.4,86.9,4.5,0,0,True
2025-03-06,BLOCK_A,318.7,312.6,93.9,0.0,0,0,True
2025-03-06,BLOCK_B,270.3,259.2,89.3,0.0,0,0,True
2025-03-06,BLOCK_C,228.5,200.3,88.4,0.0,0,0,True
2025-03-07,BLOCK_A,345.5,289.9,88.1,0.0,0,0,True
2025-03-07,BLOCK_B,268.3,215.2,79.2,0.0,0,0,True
2025-03-07,BLOCK_C,230.7,170.1,89.9,0.0,0,0,True
2025-03-08,BLOCK_A,316.9,278.8,85.4,0.0,0,0,True
2025-03-08,BLOCK_B,292.0,216.4,83.6,0.0,0,0,True
2025-03-08,BLOCK_C,228.5,190.2,81.3,0.0,0,0,True
2025-03-09,BLOCK_A,330.8,268.1,82.5,5.6,0,0,True
2025-03-09,BLOCK_B,291.6,220.3,84.7,5.6,0,0,True
2025-03-09,BLOCK_C,218.5,181.5,82.2,5.6,0,0,True
2025-03-10,BLOCK_A,348.3,257.3,83.0,0.0,0,0,True
2025-03-10,BLOCK_B,276.0,214.3,78.6,0.0,0,0,True
2025-03-10,BLOCK_C,226.6,200.7,90.5,0.0,0,0,True
2025-03-11,BLOCK_A,331.6,266.5,79.4,0.0,0,0,True
2025-03-11,BLOCK_B,272.9,201.4,88.7,0.0,0,1,True
2025-03-11,BLOCK_C,220.0,173.2,76.5,0.0,0,0,True
2025-03-12,BLOCK_A,332.5,255.8,75.5,0.0,0,0,True
2025-03-12,BLOCK_B,272.7,207.0,78.8,0.0,0,0,True
2025-03-12,BLOCK_C,226.1,127.0,77.8,0.0,1,0,True
2025-03-13,BLOCK_A,317.4,324.0,92.4,0.6,0,0,True
2025-03-13,BLOCK_B,277.5,189.3,71.4,0.6,0,0,True
2025-03-13,BLOCK_C,211.9,171.5,80.6,0.6,0,0,True
2025-03-14,BLOCK_A,349.6,235.6,77.2,0.0,0,0,True
2025-03-14,BLOCK_B,270.0,200.5,72.7,0.0,0,0,True
2025-03-14,BLOCK_C,219.0,154.6,76.2,0.0,0,0,True
2025-03-15,BLOCK_A,327.6,304.9,90.3,0.0,0,0,True
2025-03-15,BLOCK_B,293.7,244.8,86.3,0.0,0,0,True
2025-03-15,BLOCK_C,220.5,199.8,86.7,0.0,0,0,True
2025-03-16,BLOCK_A,336.2,250.8,76.6,0.0,0,0,True
2025-03-16,BLOCK_B,288.8,172.6,72.5,0.0,0,1,True
2025-03-16,BLOCK_C,227.3,179.4,84.8,0.0,0,0,True
2025-03-17,BLOCK_A,317.7,269.4,82.4,0.0,0,0,True
2025-03-17,BLOCK_B,280.8,264.4,92.8,0.0,0,0,True
2025-03-17,BLOCK_C,226.6,164.4,72.3,0.0,0,0,True
2025-03-18,BLOCK_A,337.3,284.3,83.4,0.0,0,0,True
2025-03-18,BLOCK_B,276.7,189.4,89.1,0.0,1,0,True
2025-03-18,BLOCK_C,210.9,185.1,81.2,0.0,0,0,True
2025-03-19,BLOCK_A,328.0,238.3,76.9,0.0,0,0,True
2025-03-19,BLOCK_B,275.8,249.9,90.1,0.0,0,0,True
2025-03-19,BLOCK_C,230.0,190.8,86.8,0.0,0,0,True
2025-03-20,BLOCK_A,320.4,306.9,89.8,0.0,0,0,True
2025-03-20,BLOCK_B,272.8,192.8,72.7,0.0,0,0,True
2025-03-20,BLOCK_C,213.7,168.0,87.2,0.0,0,0,True
2025-03-21,BLOCK_A,323.7,193.4,83.9,0.0,1,0,True
2025-03-21,BLOCK_B,268.1,220.4,79.1,0.0,0,0,True
2025-03-21,BLOCK_C,216.2,195.0,86.0,0.0,0,0,True
2025-03-22,BLOCK_A,329.7,283.6,80.5,0.0,0,0,True
2025-03-22,BLOCK_B,287.0,221.1,78.9,0.0,0,0,True
2025-03-22,BLOCK_C,217.0,191.9,84.5,0.0,0,0,True
2025-03-23,BLOCK_A,324.3,242.2,73.8,0.0,0,0,True
2025-03-23,BLOCK_B,292.8,261.0,94.4,0.0,0,0,True
2025-03-23,BLOCK_C,213.6,143.7,65.6,0.0,0,0,True
2025-03-24,BLOCK_A,331.7,286.7,86.0,0.0,0,0,True
2025-03-24,BLOCK_B,287.7,229.4,85.7,0.0,0,0,True
2025-03-24,BLOCK_C,216.2,182.8,90.7,0.0,0,0,True
2025-03-25,BLOCK_A,328.4,332.7,98.0,0.0,0,0,True
2025-03-25,BLOCK_B,274.6,235.2,85.8,0.0,0,0,True
2025-03-25,BLOCK_C,218.0,214.2,98.0,0.0,0,0,True
2025-03-26,BLOCK_A,318.7,309.7,93.3,0.0,0,0,True
2025-03-26,BLOCK_B,293.6,242.0,85.1,0.0,0,0,True
2025-03-26,BLOCK_C,229.7,204.3,92.4,0.0,0,0,True
2025-03-27,BLOCK_A,334.0,261.8,80.0,0.0,0,0,True
2025-03-27,BLOCK_B,279.0,260.0,94.3,0.0,0,0,True
2025-03-27,BLOCK_C,213.0,170.1,76.5,0.0,0,0,True
2025-03-28,BLOCK_A,335.2,309.7,93.1,0.0,0,0,True
2025-03-28,BLOCK_B,277.1,222.4,80.2,0.0,0,0,True
2025-03-28,BLOCK_C,227.8,205.6,87.7,0.0,0,0,True
2025-03-29,BLOCK_A,344.7,318.9,92.5,0.0,0,0,True
2025-03-29,BLOCK_B,273.1,256.1,93.4,0.0,0,0,True
2025-03-29,BLOCK_C,216.6,194.6,89.8,0.0,0,0,True
2025-03-30,BLOCK_A,325.9,258.1,76.4,0.0,0,0,True
2025-03-30,BLOCK_B,271.3,267.4,89.8,0.0,0,0,True
2025-03-30,BLOCK_C,218.0,213.6,90.8,0.0,0,0,True
2025-03-31,BLOCK_A,337.2,270.6,77.9,0.0,0,0,True
2025-03-31,BLOCK_B,289.0,201.7,71.2,0.0,0,0,True
2025-03-31,BLOCK_C,224.3,203.8,93.0,0.0,0,0,True
2025-04-01,BLOCK_A,349.4,293.2,86.4,0.0,0,0,True
2025-04-01,BLOCK_B,269.8,207.7,73.7,0.0,0,0,True
2025-04-01,BLOCK_C,217.6,201.4,91.6,0.0,0,0,True
2025-04-02,BLOCK_A,317.9,285.1,87.6,0.0,0,0,True
2025-04-02,BLOCK_B,280.7,234.2,84.6,0.0,0,0,True
2025-04-02,BLOCK_C,225.7,184.9,82.0,0.0,0,0,True
2025-04-03,BLOCK_A,338.5,251.1,78.2,0.0,0,0,True
2025-04-03,BLOCK_B,271.7,230.1,83.2,0.0,0,0,True
2025-04-03,BLOCK_C,220.1,145.2,69.9,0.0,0,1,True
2025-04-04,BLOCK_A,318.4,232.0,68.2,0.0,0,0,True
2025-04-04,BLOCK_B,292.1,242.2,92.2,0.0,0,0,True
2025-04-04,BLOCK_C,214.5,220.3,88.3,0.0,0,0,True
2025-04-05,BLOCK_A,320.8,216.5,86.8,0.0,0,1,True
2025-04-05,BLOCK_B,267.7,247.5,89.4,0.0,0,0,True
2025-04-05,BLOCK_C,218.4,170.0,81.7,0.0,0,0,True
2025-04-06,BLOCK_A,349.7,250.7,77.1,0.0,0,0,True
2025-04-06,BLOCK_B,278.3,250.1,83.8,0.0,0,0,True
2025-04-06,BLOCK_C,209.6,145.7,90.8,0.0,1,0,True
2025-04-07,BLOCK_A,328.4,286.1,85.9,0.0,0,0,True
2025-04-07,BLOCK_B,290.1,241.5,82.3,0.0,0,0,True
2025-04-07,BLOCK_C,225.2,202.1,92.2,0.0,0,0,True
2025-04-08,BLOCK_A,336.0,313.4,94.9,0.0,0,0,True
2025-04-08,BLOCK_B,268.4,238.4,82.3,0.0,0,0,True
2025-04-08,BLOCK_C,223.8,187.3,87.2,0.0,0,0,True
2025-04-09,BLOCK_A,341.0,271.8,83.8,0.0,0,0,True
2025-04-09,BLOCK_B,284.8,202.2,85.6,0.0,0,0,True
2025-04-09,BLOCK_C,218.8,97.3,66.5,0.0,1,0,True
2025-04-10,BLOCK_A,316.7,237.6,74.2,0.0,0,0,True
2025-04-10,BLOCK_B,280.2,268.9,90.8,0.0,0,0,True
2025-04-10,BLOCK_C,220.4,190.3,80.6,0.0,0,0,True
2025-04-11,BLOCK_A,342.0,253.1,79.0,0.0,0,0,True
2025-04-11,BLOCK_B,272.5,266.1,93.7,0.0,0,0,True
2025-04-11,BLOCK_C,230.8,168.9,69.7,0.0,0,0,True
2025-04-12,BLOCK_A,323.2,305.7,92.0,0.0,0,0,True
2025-04-12,BLOCK_B,282.5,229.2,79.1,0.0,0,0,True
2025-04-12,BLOCK_C,224.2,185.1,76.2,0.0,0,0,True
2025-04-13,BLOCK_A,330.5,307.9,94.5,0.0,0,0,True
2025-04-13,BLOCK_B,266.6,175.1,84.6,0.0,1,0,True
2025-04-13,BLOCK_C,213.4,188.9,74.8,0.0,0,0,True
2025-04-14,BLOCK_A,319.1,287.1,80.3,0.0,0,0,True
2025-04-14,BLOCK_B,268.1,174.9,83.5,0.0,0,1,True
2025-04-14,BLOCK_C,218.3,179.5,82.1,0.0,0,0,True
2025-04-15,BLOCK_A,343.6,176.9,86.4,0.0,1,0,True
2025-04-15,BLOCK_B,273.2,272.8,96.3,0.0,0,0,True
2025-04-15,BLOCK_C,211.6,184.4,78.2,0.0,0,0,True
2025-04-16,BLOCK_A,346.9,286.6,83.5,0.0,0,0,True
2025-04-16,BLOCK_B,292.2,207.3,74.5,0.0,0,0,True
2025-04-16,BLOCK_C,220.1,156.0,67.6,0.0,0,0,True
2025-04-17,BLOCK_A,344.6,304.7,93.4,0.0,0,0,True
2025-04-17,BLOCK_B,269.5,208.5,75.8,0.0,0,0,True
2025-04-17,BLOCK_C,218.7,145.9,68.3,0.0,0,0,True
2025-04-18,BLOCK_A,327.7,326.2,95.8,0.0,0,0,True
2025-04-18,BLOCK_B,283.0,209.5,83.6,0.0,0,0,True
2025-04-18,BLOCK_C,211.3,200.4,93.6,0.0,0,0,True
2025-04-19,BLOCK_A,336.7,277.0,83.0,0.0,0,0,True
2025-04-19,BLOCK_B,267.2,291.9,96.4,0.0,0,0,True
2025-04-19,BLOCK_C,225.3,155.8,76.5,0.0,0,0,True
2025-04-20,BLOCK_A,331.7,300.9,88.2,0.0,0,0,True
2025-04-20,BLOCK_B,292.3,203.7,71.1,0.0,0,0,True
2025-04-20,BLOCK_C,223.3,171.1,74.1,0.0,0,0,True
2025-04-21,BLOCK_A,319.4,255.8,78.6,0.0,0,0,True
2025-04-21,BLOCK_B,280.1,256.1,91.8,0.0,0,0,True
2025-04-21,BLOCK_C,224.5,183.4,87.8,0.0,0,0,True
2025-04-22,BLOCK_A,342.4,291.1,91.3,0.0,0,0,True
2025-04-22,BLOCK_B,284.1,244.0,84.5,0.0,0,0,True
2025-04-22,BLOCK_C,219.4,149.4,81.1,0.0,0,1,True
2025-04-23,BLOCK_A,338.0,309.6,88.0,0.0,0,0,True
2025-04-23,BLOCK_B,275.9,256.8,91.8,0.0,0,0,True
2025-04-23,BLOCK_C,228.6,210.2,96.4,0.0,0,0,True
2025-04-24,BLOCK_A,331.2,268.4,81.4,0.0,0,0,True
2025-04-24,BLOCK_B,266.8,213.2,75.0,0.0,0,0,True
2025-04-24,BLOCK_C,214.0,177.6,80.3,0.0,0,0,True
2025-04-25,BLOCK_A,319.2,303.1,95.9,1.7,0,0,True
2025-04-25,BLOCK_B,269.3,216.7,79.9,1.7,0,0,True
2025-04-25,BLOCK_C,222.1,151.9,73.6,1.7,0,0,True
2025-04-26,BLOCK_A,336.4,224.3,67.6,0.0,0,0,True
2025-04-26,BLOCK_B,266.7,216.4,77.5,0.0,0,0,True
2025-04-26,BLOCK_C,228.1,196.2,96.9,0.0,0,0,True
2025-04-27,BLOCK_A,346.7,300.0,87.1,0.0,0,0,True
2025-04-27,BLOCK_B,282.7,222.0,79.0,0.0,0,0,True
2025-04-27,BLOCK_C,213.2,183.8,89.7,0.0,0,0,True
2025-04-28,BLOCK_A,325.5,242.2,75.5,0.0,0,0,True
2025-04-28,BLOCK_B,293.5,234.6,77.9,0.0,0,0,True
2025-04-28,BLOCK_C,224.6,182.2,85.7,0.0,0,0,True
2025-04-29,BLOCK_A,333.4,254.7,74.0,0.0,0,0,True
2025-04-29,BLOCK_B,275.3,235.4,93.2,0.0,0,0,True
2025-04-29,BLOCK_C,215.6,175.7,85.8,0.0,0,0,True
2025-04-30,BLOCK_A,341.6,281.9,84.9,0.0,0,0,True
2025-04-30,BLOCK_B,274.1,214.4,76.4,0.0,0,0,True
2025-04-30,BLOCK_C,226.0,177.6,80.7,0.0,0,0,True
2025-05-01,BLOCK_A,323.8,287.2,86.1,0.0,0,0,True
2025-05-01,BLOCK_B,272.8,203.8,77.7,0.0,0,0,True
2025-05-01,BLOCK_C,213.4,222.3,98.0,0.0,0,0,True
2025-05-02,BLOCK_A,332.9,307.1,93.4,0.0,0,0,True
2025-05-02,BLOCK_B,268.5,243.0,83.6,0.0,0,0,True
2025-05-02,BLOCK_C,220.6,203.6,92.0,0.0,0,0,True
2025-05-03,BLOCK_A,345.5,299.4,91.2,0.0,0,0,True
2025-05-03,BLOCK_B,283.4,239.1,82.4,0.0,0,0,True
2025-05-03,BLOCK_C,217.3,131.5,70.4,0.0,1,0,True
2025-05-04,BLOCK_A,332.4,285.2,87.1,0.0,0,0,True
2025-05-04,BLOCK_B,273.6,227.6,83.2,0.0,0,0,True
2025-05-04,BLOCK_C,223.1,186.1,87.0,0.0,0,0,True
2025-05-05,BLOCK_A,335.8,321.2,98.0,0.0,0,0,True
2025-05-05,BLOCK_B,283.3,164.5,82.0,0.0,1,0,True
2025-05-05,BLOCK_C,217.0,184.4,77.6,0.0,0,0,True
2025-05-06,BLOCK_A,328.5,298.0,96.4,0.0,0,0,True
2025-05-06,BLOCK_B,290.9,250.6,91.1,0.0,0,0,True
2025-05-06,BLOCK_C,216.2,187.8,84.7,0.0,0,0,True
2025-05-07,BLOCK_A,349.6,234.0,70.6,0.0,0,0,True
2025-05-07,BLOCK_B,268.1,249.1,88.4,0.0,0,0,True
2025-05-07,BLOCK_C,230.9,125.7,76.2,0.0,1,0,True
2025-05-08,BLOCK_A,317.4,289.0,89.1,0.0,0,0,True
2025-05-08,BLOCK_B,286.9,224.0,85.4,0.0,0,0,True
2025-05-08,BLOCK_C,230.5,170.1,77.4,0.0,0,0,True
2025-05-09,BLOCK_A,334.1,253.3,81.2,0.0,0,0,True
2025-05-09,BLOCK_B,277.0,255.3,89.3,0.0,0,0,True
2025-05-09,BLOCK_C,214.0,213.9,98.0,0.0,0,0,True
2025-05-10,BLOCK_A,336.6,279.2,81.7,0.0,0,0,True
2025-05-10,BLOCK_B,267.4,176.0,81.8,0.0,1,0,True
2025-05-10,BLOCK_C,213.1,219.3,95.0,0.0,0,0,True
2025-05-11,BLOCK_A,344.7,303.3,89.4,0.0,0,0,True
2025-05-11,BLOCK_B,275.0,241.0,84.4,0.0,0,0,True
2025-05-11,BLOCK_C,219.3,181.5,78.6,0.0,0,0,True
2025-05-12,BLOCK_A,328.8,294.4,84.1,0.0,0,0,True
2025-05-12,BLOCK_B,270.3,228.2,79.9,0.0,0,0,True
2025-05-12,BLOCK_C,225.1,153.8,75.2,0.0,0,0,True
2025-05-13,BLOCK_A,346.1,295.0,91.8,0.0,0,0,True
2025-05-13,BLOCK_B,277.2,180.3,65.3,0.0,0,0,True
2025-05-13,BLOCK_C,213.7,190.2,85.7,0.0,0,0,True
2025-05-14,BLOCK_A,326.1,256.3,84.9,8.0,0,0,True
2025-05-14,BLOCK_B,278.5,198.9,83.4,8.0,0,0,True
2025-05-14,BLOCK_C,216.5,131.0,67.5,8.0,0,0,True
2025-05-15,BLOCK_A,324.6,279.7,83.0,0.0,0,0,True
2025-05-15,BLOCK_B,290.3,206.1,72.9,0.0,0,0,True
2025-05-15,BLOCK_C,215.5,201.3,86.6,0.0,0,0,True
2025-05-16,BLOCK_A,344.5,260.8,77.7,0.0,0,0,True
2025-05-16,BLOCK_B,286.6,246.6,87.8,0.0,0,0,True
2025-05-16,BLOCK_C,213.7,216.3,94.8,0.0,0,0,True
2025-05-17,BLOCK_A,319.2,300.4,93.4,0.0,0,0,True
2025-05-17,BLOCK_B,281.5,179.8,69.3,0.0,0,0,True
2025-05-17,BLOCK_C,209.6,184.8,83.4,0.0,0,0,True
2025-05-18,BLOCK_A,344.8,273.8,78.1,0.0,0,0,True
2025-05-18,BLOCK_B,274.2,241.5,85.5,0.0,0,0,True
2025-05-18,BLOCK_C,210.9,174.3,81.7,0.0,0,0,True
2025-05-19,BLOCK_A,328.8,230.2,84.0,18.3,0,0,True
2025-05-19,BLOCK_B,285.9,238.1,95.5,18.3,0,0,True
2025-05-19,BLOCK_C,229.0,134.8,81.0,18.3,0,0,True
2025-05-20,BLOCK_A,334.5,201.4,70.7,0.0,0,1,True
2025-05-20,BLOCK_B,286.8,262.4,89.5,0.0,0,0,True
2025-05-20,BLOCK_C,209.5,195.8,82.7,0.0,0,0,True
2025-05-21,BLOCK_A,343.5,233.1,70.9,1.7,0,0,True
2025-05-21,BLOCK_B,273.5,213.8,83.7,1.7,0,0,True
2025-05-21,BLOCK_C,219.0,192.5,84.6,1.7,0,0,True
2025-05-22,BLOCK_A,335.8,321.9,98.0,0.0,0,0,True
2025-05-22,BLOCK_B,292.4,198.7,72.6,0.0,0,0,True
2025-05-22,BLOCK_C,215.4,161.4,79.3,0.0,0,0,True
2025-05-23,BLOCK_A,337.0,315.4,90.8,0.0,0,0,True
2025-05-23,BLOCK_B,269.6,249.8,86.8,0.0,0,0,True
2025-05-23,BLOCK_C,230.3,209.4,93.4,0.0,0,0,True
2025-05-24,BLOCK_A,339.5,310.3,87.4,0.0,0,0,True
2025-05-24,BLOCK_B,273.6,248.6,90.0,0.0,0,0,True
2025-05-24,BLOCK_C,224.5,200.7,92.3,0.0,0,0,True
2025-05-25,BLOCK_A,327.4,304.7,90.6,0.0,0,0,True
2025-05-25,BLOCK_B,278.0,241.4,86.3,0.0,0,0,True
2025-05-25,BLOCK_C,209.6,168.5,75.9,0.0,0,0,True
2025-05-26,BLOCK_A,330.9,274.2,80.6,0.0,0,0,True
2025-05-26,BLOCK_B,288.7,177.9,79.1,0.0,0,1,True
2025-05-26,BLOCK_C,214.2,177.5,77.2,0.0,0,0,True
2025-05-27,BLOCK_A,349.4,245.6,77.7,0.0,0,0,True
2025-05-27,BLOCK_B,279.7,256.6,95.0,0.0,0,0,True
2025-05-27,BLOCK_C,209.7,174.3,78.6,0.0,0,0,True
2025-05-28,BLOCK_A,343.9,279.8,89.0,0.0,0,0,True
2025-05-28,BLOCK_B,289.0,257.7,89.3,0.0,0,0,True
2025-05-28,BLOCK_C,211.6,185.8,85.4,0.0,0,0,True
2025-05-29,BLOCK_A,319.4,263.0,84.4,0.0,0,0,True
2025-05-29,BLOCK_B,283.4,189.3,67.7,0.0,0,0,True
2025-05-29,BLOCK_C,209.6,162.7,80.4,0.0,0,0,True
2025-05-30,BLOCK_A,335.0,304.5,93.7,0.0,0,0,True
2025-05-30,BLOCK_B,287.5,225.2,82.8,0.0,0,0,True
2025-05-30,BLOCK_C,213.8,202.8,89.1,0.0,0,0,True
2025-05-31,BLOCK_A,328.7,291.3,89.9,0.0,0,0,True
2025-05-31,BLOCK_B,277.3,244.8,86.6,0.0,0,0,True
2025-05-31,BLOCK_C,226.1,174.8,78.7,0.0,0,0,True
2025-06-01,BLOCK_A,344.2,235.8,75.4,0.0,0,0,True
2025-06-01,BLOCK_B,284.6,154.8,78.5,0.0,1,0,True
2025-06-01,BLOCK_C,215.4,170.8,77.3,0.0,0,0,True
2025-06-02,BLOCK_A,337.2,237.0,70.1,0.0,0,0,True
2025-06-02,BLOCK_B,272.3,249.5,88.3,0.0,0,0,True
2025-06-02,BLOCK_C,230.9,181.3,85.4,0.0,0,0,True
2025-06-03,BLOCK_A,331.2,243.6,76.7,0.0,0,0,True
2025-06-03,BLOCK_B,288.4,199.1,71.8,0.0,0,0,True
2025-06-03,BLOCK_C,213.6,194.9,90.0,0.0,0,0,True
2025-06-04,BLOCK_A,325.8,257.5,70.7,0.0,0,0,True
2025-06-04,BLOCK_B,269.9,220.2,79.7,0.0,0,0,True
2025-06-04,BLOCK_C,224.7,198.2,94.8,0.0,0,0,True
2025-06-05,BLOCK_A,318.9,285.8,85.5,0.9,0,0,True
2025-06-05,BLOCK_B,273.7,224.1,87.3,0.9,0,0,True
2025-06-05,BLOCK_C,225.1,154.9,79.5,0.9,0,0,True
2025-06-06,BLOCK_A,346.7,295.4,88.6,0.0,0,0,True
2025-06-06,BLOCK_B,292.1,135.4,74.3,0.0,1,0,True
2025-06-06,BLOCK_C,224.9,177.3,78.7,0.0,0,0,True
2025-06-07,BLOCK_A,321.9,274.4,81.5,0.0,0,0,True
2025-06-07,BLOCK_B,278.8,227.9,83.0,0.0,0,0,True
2025-06-07,BLOCK_C,221.9,174.0,86.4,0.0,0,0,True
2025-06-08,BLOCK_A,345.8,162.8,72.7,0.0,1,0,True
2025-06-08,BLOCK_B,281.0,195.9,90.1,0.0,0,1,True
2025-06-08,BLOCK_C,210.6,147.9,67.1,0.0,0,0,True
2025-06-09,BLOCK_A,328.3,160.1,89.0,20.9,1,0,True
2025-06-09,BLOCK_B,289.9,112.3,70.2,20.9,1,0,True
2025-06-09,BLOCK_C,228.6,80.5,74.0,20.9,1,0,True
2025-06-10,BLOCK_A,347.8,254.8,80.1,2.5,0,0,True
2025-06-10,BLOCK_B,287.2,222.1,81.2,2.5,0,0,True
2025-06-10,BLOCK_C,214.8,201.4,93.0,2.5,0,0,True
2025-06-11,BLOCK_A,324.6,269.3,80.9,0.0,0,0,True
2025-06-11,BLOCK_B,290.1,134.7,74.0,0.0,1,0,True
2025-06-11,BLOCK_C,228.5,127.0,82.4,0.0,1,0,True
2025-06-12,BLOCK_A,345.9,212.8,69.6,5.2,0,0,True
2025-06-12,BLOCK_B,273.3,187.8,70.5,5.2,0,0,True
2025-06-12,BLOCK_C,226.0,139.2,73.0,5.2,0,0,True
2025-06-13,BLOCK_A,332.8,258.6,77.4,0.0,0,0,True
2025-06-13,BLOCK_B,282.1,239.6,89.9,0.0,0,0,True
2025-06-13,BLOCK_C,219.7,154.6,94.7,0.0,0,1,True
2025-06-14,BLOCK_A,333.7,302.0,89.3,0.0,0,0,True
2025-06-14,BLOCK_B,271.0,232.7,86.6,0.0,0,0,True
2025-06-14,BLOCK_C,223.2,149.6,66.6,0.0,0,0,True
2025-06-15,BLOCK_A,334.4,251.5,70.8,0.0,0,0,True
2025-06-15,BLOCK_B,292.3,231.5,83.2,0.0,0,0,True
2025-06-15,BLOCK_C,228.9,173.8,79.1,0.0,0,0,True
2025-06-16,BLOCK_A,318.7,158.6,64.3,0.0,1,0,True
2025-06-16,BLOCK_B,277.0,239.2,85.3,0.0,0,0,True
2025-06-16,BLOCK_C,230.3,214.6,98.0,0.0,0,0,True
2025-06-17,BLOCK_A,333.5,312.8,91.3,0.0,0,0,True
2025-06-17,BLOCK_B,278.9,238.4,86.3,0.0,0,0,True
2025-06-17,BLOCK_C,221.1,199.1,92.6,0.0,0,0,True
2025-06-18,BLOCK_A,317.8,129.6,55.5,40.6,0,0,True
2025-06-18,BLOCK_B,281.9,128.5,66.3,40.6,0,0,True
2025-06-18,BLOCK_C,227.5,65.4,47.5,40.6,0,1,True
2025-06-19,BLOCK_A,320.7,264.3,81.9,2.5,0,0,True
2025-06-19,BLOCK_B,271.7,220.2,87.0,2.5,0,0,True
2025-06-19,BLOCK_C,228.3,160.1,78.6,2.5,0,0,True
2025-06-20,BLOCK_A,324.9,247.2,88.2,14.6,0,0,True
2025-06-20,BLOCK_B,284.1,191.7,82.4,14.6,0,0,True
2025-06-20,BLOCK_C,217.6,113.4,63.3,14.6,0,0,True
2025-06-21,BLOCK_A,318.1,267.5,80.2,0.0,0,0,True
2025-06-21,BLOCK_B,279.2,213.8,80.3,0.0,0,0,True
2025-06-21,BLOCK_C,231.0,184.4,81.5,0.0,0,0,True
2025-06-22,BLOCK_A,339.3,246.7,78.0,0.0,0,0,True
2025-06-22,BLOCK_B,290.9,247.4,89.2,0.0,0,0,True
2025-06-22,BLOCK_C,229.5,166.1,82.1,0.0,0,0,True
2025-06-23,BLOCK_A,320.4,238.2,72.1,0.0,0,0,True
2025-06-23,BLOCK_B,279.4,233.9,84.5,0.0,0,0,True
2025-06-23,BLOCK_C,228.5,187.6,83.4,0.0,0,0,True
2025-06-24,BLOCK_A,331.3,264.0,79.8,0.0,0,0,True
2025-06-24,BLOCK_B,281.2,283.5,95.9,0.0,0,0,True
2025-06-24,BLOCK_C,227.4,187.8,85.5,0.0,0,0,True
2025-06-25,BLOCK_A,345.0,208.5,87.6,19.1,0,0,True
2025-06-25,BLOCK_B,270.4,145.2,69.1,19.1,0,0,True
2025-06-25,BLOCK_C,215.9,150.8,85.1,19.1,0,0,True
2025-06-26,BLOCK_A,337.6,91.5,57.5,48.4,1,0,True
2025-06-26,BLOCK_B,287.4,135.0,70.2,48.4,0,0,True
2025-06-26,BLOCK_C,210.7,61.3,56.4,48.4,1,0,True
2025-06-27,BLOCK_A,330.9,247.7,92.1,12.4,0,0,True
2025-06-27,BLOCK_B,293.5,208.0,86.0,12.4,0,0,True
2025-06-27,BLOCK_C,220.4,150.6,75.2,12.4,0,0,True
2025-06-28,BLOCK_A,331.7,109.4,59.0,48.4,1,0,True
2025-06-28,BLOCK_B,281.2,47.5,41.4,48.4,0,1,True
2025-06-28,BLOCK_C,216.5,57.4,57.6,48.4,1,0,True
2025-06-29,BLOCK_A,319.5,311.7,94.4,0.0,0,0,True
2025-06-29,BLOCK_B,271.2,279.5,97.1,0.0,0,0,True
2025-06-29,BLOCK_C,225.2,192.4,84.5,0.0,0,0,True
2025-06-30,BLOCK_A,322.5,209.1,71.8,13.7,0,0,True
2025-06-30,BLOCK_B,279.0,192.8,87.0,13.7,0,0,True
2025-06-30,BLOCK_C,209.8,155.3,87.2,13.7,0,0,True
2025-07-01,BLOCK_A,346.9,308.0,98.0,4.9,0,0,True
2025-07-01,BLOCK_B,276.8,229.9,92.6,4.9,0,0,True
2025-07-01,BLOCK_C,212.3,134.5,73.6,4.9,0,0,True
2025-07-02,BLOCK_A,323.1,190.7,60.6,5.0,0,0,True
2025-07-02,BLOCK_B,282.6,170.1,81.5,5.0,0,1,True
2025-07-02,BLOCK_C,224.6,200.8,93.6,5.0,0,0,True
2025-07-03,BLOCK_A,328.1,207.4,87.8,0.0,0,1,True
2025-07-03,BLOCK_B,286.5,259.4,89.6,0.0,0,0,True
2025-07-03,BLOCK_C,216.9,180.2,83.3,0.0,0,0,True
2025-07-04,BLOCK_A,317.0,283.0,83.2,0.0,0,0,True
2025-07-04,BLOCK_B,282.3,250.1,90.9,0.0,0,0,True
2025-07-04,BLOCK_C,227.9,181.0,82.4,0.0,0,0,True
2025-07-05,BLOCK_A,318.5,282.6,94.8,10.2,0,0,True
2025-07-05,BLOCK_B,268.5,191.0,79.3,10.2,0,0,True
2025-07-05,BLOCK_C,229.9,155.8,84.3,10.2,0,0,True
2025-07-06,BLOCK_A,323.5,215.2,83.8,0.0,0,1,True
2025-07-06,BLOCK_B,273.0,238.1,90.5,0.0,0,0,True
2025-07-06,BLOCK_C,219.6,136.7,86.6,0.0,1,0,True
2025-07-07,BLOCK_A,343.2,214.9,71.2,0.0,0,0,True
2025-07-07,BLOCK_B,272.7,217.7,82.9,0.0,0,0,True
2025-07-07,BLOCK_C,223.3,206.8,90.7,0.0,0,0,True
2025-07-08,BLOCK_A,337.0,266.3,76.1,0.0,0,0,True
2025-07-08,BLOCK_B,272.9,254.7,84.5,0.0,0,0,True
2025-07-08,BLOCK_C,222.2,203.4,98.0,0.0,0,0,True
2025-07-09,BLOCK_A,325.3,291.3,91.2,0.0,0,0,True
2025-07-09,BLOCK_B,285.1,182.3,70.7,0.0,0,0,True
2025-07-09,BLOCK_C,224.2,189.7,85.1,0.0,0,0,True
2025-07-10,BLOCK_A,321.9,315.1,92.2,0.0,0,0,True
2025-07-10,BLOCK_B,267.2,228.4,80.3,0.0,0,0,True
2025-07-10,BLOCK_C,210.5,159.3,72.7,0.0,0,0,True
2025-07-11,BLOCK_A,326.1,247.5,92.3,15.1,0,0,True
2025-07-11,BLOCK_B,275.2,191.1,93.4,15.1,0,0,True
2025-07-11,BLOCK_C,209.9,109.7,67.2,15.1,0,0,True
2025-07-12,BLOCK_A,349.5,255.7,80.1,0.0,0,0,True
2025-07-12,BLOCK_B,278.1,210.6,76.5,0.0,0,0,True
2025-07-12,BLOCK_C,215.6,211.6,89.3,0.0,0,0,True
2025-07-13,BLOCK_A,328.3,213.2,80.3,16.1,0,0,True
2025-07-13,BLOCK_B,283.5,206.7,91.7,16.1,0,0,True
2025-07-13,BLOCK_C,229.3,142.2,78.3,16.1,0,0,True
2025-07-14,BLOCK_A,334.8,335.2,98.0,0.0,0,0,True
2025-07-14,BLOCK_B,269.0,210.3,71.4,0.0,0,0,True
2025-07-14,BLOCK_C,223.6,174.3,72.3,0.0,0,0,True
2025-07-15,BLOCK_A,341.9,290.6,98.0,10.8,0,0,True
2025-07-15,BLOCK_B,267.5,184.6,75.8,10.8,0,0,True
2025-07-15,BLOCK_C,212.4,163.3,92.5,10.8,0,0,True
2025-07-16,BLOCK_A,316.6,305.8,89.3,0.0,0,0,True
2025-07-16,BLOCK_B,291.4,279.7,98.0,0.0,0,0,True
2025-07-16,BLOCK_C,216.1,177.3,79.3,0.0,0,0,True
2025-07-17,BLOCK_A,318.2,327.1,98.0,0.0,0,0,True
2025-07-17,BLOCK_B,288.9,251.8,91.2,0.0,0,0,True
2025-07-17,BLOCK_C,210.0,144.0,72.3,0.0,0,0,True
2025-07-18,BLOCK_A,318.4,211.5,86.6,19.0,0,0,True
2025-07-18,BLOCK_B,277.3,207.1,90.6,19.0,0,0,True
2025-07-18,BLOCK_C,221.1,128.2,83.9,19.0,0,0,True
2025-07-19,BLOCK_A,335.7,187.1,74.8,0.9,0,1,True
2025-07-19,BLOCK_B,292.6,261.4,93.2,0.9,0,0,True
2025-07-19,BLOCK_C,219.6,202.8,80.6,0.9,0,0,True
2025-07-20,BLOCK_A,336.8,243.2,75.6,2.8,0,0,True
2025-07-20,BLOCK_B,289.2,213.7,81.3,2.8,0,0,True
2025-07-20,BLOCK_C,215.4,188.2,82.8,2.8,0,0,True
2025-07-21,BLOCK_A,328.6,140.6,79.7,0.0,1,1,True
2025-07-21,BLOCK_B,277.1,202.5,98.0,0.0,1,0,True
2025-07-21,BLOCK_C,209.5,176.4,78.2,0.0,0,0,True
2025-07-22,BLOCK_A,337.6,279.1,85.3,3.1,0,0,True
2025-07-22,BLOCK_B,274.7,215.4,72.9,3.1,0,0,True
2025-07-22,BLOCK_C,209.6,185.6,88.4,3.1,0,0,True
2025-07-23,BLOCK_A,325.6,244.8,76.5,0.0,0,0,True
2025-07-23,BLOCK_B,279.8,222.2,75.3,0.0,0,0,True
2025-07-23,BLOCK_C,226.2,215.9,93.1,0.0,0,0,True
2025-07-24,BLOCK_A,318.5,80.6,58.9,34.3,1,0,True
2025-07-24,BLOCK_B,293.3,94.4,53.4,34.3,1,0,True
2025-07-24,BLOCK_C,229.2,73.3,56.6,34.3,0,0,True
2025-07-25,BLOCK_A,342.0,175.3,89.3,17.4,1,0,True
2025-07-25,BLOCK_B,288.1,227.3,98.0,17.4,0,0,True
2025-07-25,BLOCK_C,223.0,170.7,98.0,17.4,0,0,True
2025-07-26,BLOCK_A,346.8,265.1,84.0,0.0,0,0,True
2025-07-26,BLOCK_B,288.3,238.3,86.9,0.0,0,0,True
2025-07-26,BLOCK_C,219.4,215.6,91.5,0.0,0,0,True
2025-07-27,BLOCK_A,333.5,266.6,83.9,0.0,0,0,True
2025-07-27,BLOCK_B,280.8,242.2,89.3,0.0,0,0,True
2025-07-27,BLOCK_C,228.7,214.3,93.5,0.0,0,0,True
2025-07-28,BLOCK_A,346.9,222.7,69.2,0.0,0,0,True
2025-07-28,BLOCK_B,268.1,130.2,50.5,0.0,0,0,True
2025-07-28,BLOCK_C,222.5,174.2,78.8,0.0,0,0,True
2025-07-29,BLOCK_A,321.4,278.7,83.7,2.9,0,0,True
2025-07-29,BLOCK_B,288.2,236.8,87.9,2.9,0,0,True
2025-07-29,BLOCK_C,224.0,189.5,87.9,2.9,0,0,True
2025-07-30,BLOCK_A,318.7,286.1,93.7,7.3,0,0,True
2025-07-30,BLOCK_B,271.7,202.3,83.2,7.3,0,0,True
2025-07-30,BLOCK_C,209.7,122.0,84.0,7.3,0,1,True
2025-07-31,BLOCK_A,344.6,263.0,77.7,0.0,0,0,True
2025-07-31,BLOCK_B,267.0,242.0,85.3,0.0,0,0,True
2025-07-31,BLOCK_C,223.9,203.3,87.5,0.0,0,0,True
2025-08-01,BLOCK_A,317.2,281.5,84.3,0.0,0,0,True
2025-08-01,BLOCK_B,285.3,205.1,79.5,0.0,0,0,True
2025-08-01,BLOCK_C,218.5,195.3,95.0,0.0,0,0,True
2025-08-02,BLOCK_A,339.0,224.1,83.6,19.8,0,0,True
2025-08-02,BLOCK_B,278.1,156.2,77.0,19.8,0,0,True
2025-08-02,BLOCK_C,225.4,176.2,91.1,19.8,0,0,True
2025-08-03,BLOCK_A,325.1,213.9,87.5,0.0,0,1,True
2025-08-03,BLOCK_B,289.2,267.5,91.0,0.0,0,0,True
2025-08-03,BLOCK_C,229.6,182.3,79.6,0.0,0,0,True
2025-08-04,BLOCK_A,348.8,195.1,78.5,20.6,0,0,True
2025-08-04,BLOCK_B,292.7,133.1,86.6,20.6,1,0,True
2025-08-04,BLOCK_C,219.7,105.6,67.3,20.6,0,0,True
2025-08-05,BLOCK_A,322.1,310.3,90.3,0.0,0,0,True
2025-08-05,BLOCK_B,270.7,227.4,81.6,0.0,0,0,True
2025-08-05,BLOCK_C,215.9,167.1,81.6,0.0,0,0,True
2025-08-06,BLOCK_A,333.8,244.8,80.2,0.0,0,0,True
2025-08-06,BLOCK_B,290.4,239.2,85.9,0.0,0,0,True
2025-08-06,BLOCK_C,230.4,186.3,82.8,0.0,0,0,True
2025-08-07,BLOCK_A,347.0,319.0,94.0,0.0,0,0,True
2025-08-07,BLOCK_B,289.2,259.8,85.9,0.0,0,0,True
2025-08-07,BLOCK_C,219.4,192.6,90.4,0.0,0,0,True
2025-08-08,BLOCK_A,324.8,243.5,92.1,18.9,0,0,True
2025-08-08,BLOCK_B,289.8,151.8,74.6,18.9,0,0,True
2025-08-08,BLOCK_C,210.5,151.7,98.0,18.9,0,0,True
2025-08-09,BLOCK_A,338.7,218.3,77.0,13.8,0,0,True
2025-08-09,BLOCK_B,290.9,210.4,90.6,13.8,0,0,True
2025-08-09,BLOCK_C,217.4,158.0,84.3,13.8,0,0,True
2025-08-10,BLOCK_A,320.5,257.2,78.0,0.0,0,0,True
2025-08-10,BLOCK_B,274.0,144.0,80.7,0.0,1,0,True
2025-08-10,BLOCK_C,216.0,192.8,85.8,0.0,0,0,True
2025-08-11,BLOCK_A,331.5,297.2,90.5,0.0,0,0,True
2025-08-11,BLOCK_B,268.9,265.1,85.3,0.0,0,0,True
2025-08-11,BLOCK_C,224.8,177.0,84.1,0.0,0,0,True
2025-08-12,BLOCK_A,321.2,255.5,76.2,0.0,0,0,True
2025-08-12,BLOCK_B,280.4,222.5,82.5,0.0,0,0,True
2025-08-12,BLOCK_C,210.7,183.8,88.6,0.0,0,0,True
2025-08-13,BLOCK_A,335.4,292.5,87.6,0.0,0,0,True
2025-08-13,BLOCK_B,275.9,284.4,98.0,0.0,0,0,True
2025-08-13,BLOCK_C,214.2,166.4,80.2,0.0,0,0,True
2025-08-14,BLOCK_A,338.1,318.6,94.5,0.0,0,0,True
2025-08-14,BLOCK_B,280.8,236.1,84.1,0.0,0,0,True
2025-08-14,BLOCK_C,229.5,175.7,76.4,0.0,0,0,True
2025-08-15,BLOCK_A,345.0,251.4,71.6,0.0,0,0,True
2025-08-15,BLOCK_B,286.3,241.7,84.9,0.0,0,0,True
2025-08-15,BLOCK_C,222.9,196.5,90.1,0.0,0,0,True
2025-08-16,BLOCK_A,334.8,226.6,75.8,6.2,0,0,True
2025-08-16,BLOCK_B,288.4,248.3,98.0,6.2,0,0,True
2025-08-16,BLOCK_C,218.0,185.3,87.7,6.2,0,0,True
2025-08-17,BLOCK_A,348.4,157.8,70.2,80.0,0,0,True
2025-08-17,BLOCK_B,292.8,137.6,68.9,80.0,0,0,True
2025-08-17,BLOCK_C,214.2,71.2,52.4,80.0,0,0,True
2025-08-18,BLOCK_A,342.8,297.8,90.8,0.0,0,0,True
2025-08-18,BLOCK_B,274.2,282.0,98.0,0.0,0,0,True
2025-08-18,BLOCK_C,228.8,183.1,83.1,0.0,0,0,True
2025-08-19,BLOCK_A,324.6,194.7,68.8,10.0,0,0,True
2025-08-19,BLOCK_B,293.3,214.4,78.4,10.0,0,0,True
2025-08-19,BLOCK_C,213.7,161.3,87.8,10.0,0,0,True
2025-08-20,BLOCK_A,320.1,224.5,75.6,9.3,0,0,True
2025-08-20,BLOCK_B,286.3,157.1,68.3,9.3,0,0,True
2025-08-20,BLOCK_C,220.3,186.2,96.5,9.3,0,0,True
2025-08-21,BLOCK_A,319.3,214.3,75.6,17.5,0,0,True
2025-08-21,BLOCK_B,283.2,178.3,81.0,17.5,0,0,True
2025-08-21,BLOCK_C,222.1,166.4,93.9,17.5,0,0,True
2025-08-22,BLOCK_A,337.0,308.8,90.3,0.0,0,0,True
2025-08-22,BLOCK_B,272.0,258.6,94.1,0.0,0,0,True
2025-08-22,BLOCK_C,220.8,156.8,74.6,0.0,0,0,True
2025-08-23,BLOCK_A,344.0,134.0,71.3,27.3,1,0,True
2025-08-23,BLOCK_B,287.9,172.8,87.8,27.3,0,0,True
2025-08-23,BLOCK_C,225.5,93.2,89.7,27.3,1,0,True
2025-08-24,BLOCK_A,327.3,242.1,80.8,0.0,0,0,True
2025-08-24,BLOCK_B,276.1,205.5,78.7,0.0,0,0,True
2025-08-24,BLOCK_C,211.7,159.7,78.5,0.0,0,0,True
2025-08-25,BLOCK_A,327.4,327.0,98.0,0.0,0,0,True
2025-08-25,BLOCK_B,281.3,260.2,93.7,0.0,0,0,True
2025-08-25,BLOCK_C,221.3,202.2,90.6,0.0,0,0,True
2025-08-26,BLOCK_A,331.1,258.5,77.3,0.0,0,0,True
2025-08-26,BLOCK_B,267.7,169.6,86.7,0.0,1,0,True
2025-08-26,BLOCK_C,221.8,211.7,94.1,0.0,0,0,True
2025-08-27,BLOCK_A,333.3,301.5,89.8,0.0,0,0,True
2025-08-27,BLOCK_B,266.1,225.3,80.2,0.0,0,0,True
2025-08-27,BLOCK_C,221.1,190.9,89.9,0.0,0,0,True
2025-08-28,BLOCK_A,322.3,177.1,76.5,0.0,1,0,True
2025-08-28,BLOCK_B,285.4,225.5,77.6,0.0,0,0,True
2025-08-28,BLOCK_C,218.7,213.8,90.7,0.0,0,0,True
2025-08-29,BLOCK_A,338.5,256.7,79.2,0.0,0,0,True
2025-08-29,BLOCK_B,272.4,255.6,87.2,0.0,0,0,True
2025-08-29,BLOCK_C,229.2,186.5,87.4,0.0,0,0,True
2025-08-30,BLOCK_A,338.3,196.1,77.8,0.0,0,1,True
2025-08-30,BLOCK_B,285.1,244.4,89.4,0.0,0,0,True
2025-08-30,BLOCK_C,230.2,187.4,89.5,0.0,0,0,True
2025-08-31,BLOCK_A,328.3,305.5,87.7,0.0,0,0,True
2025-08-31,BLOCK_B,272.6,248.9,87.5,0.0,0,0,True
2025-08-31,BLOCK_C,218.0,183.5,82.7,0.0,0,0,True
2025-09-01,BLOCK_A,340.1,304.0,89.0,0.0,0,0,True
2025-09-01,BLOCK_B,279.7,220.9,82.4,0.0,0,0,True
2025-09-01,BLOCK_C,212.6,191.9,83.5,0.0,0,0,True
2025-09-02,BLOCK_A,347.4,252.9,78.5,0.0,0,0,True
2025-09-02,BLOCK_B,266.6,223.9,79.6,0.0,0,0,True
2025-09-02,BLOCK_C,217.9,182.3,73.5,0.0,0,0,True
2025-09-03,BLOCK_A,346.5,260.1,79.7,0.0,0,0,True
2025-09-03,BLOCK_B,280.4,197.4,76.9,0.0,0,0,True
2025-09-03,BLOCK_C,220.9,170.9,80.6,0.0,0,0,True
2025-09-04,BLOCK_A,329.6,256.4,79.7,1.2,0,0,True
2025-09-04,BLOCK_B,279.0,162.4,72.3,1.2,1,0,True
2025-09-04,BLOCK_C,217.1,179.0,77.5,1.2,0,0,True
2025-09-05,BLOCK_A,328.6,290.9,85.7,0.4,0,0,True
2025-09-05,BLOCK_B,291.0,218.0,76.6,0.4,0,0,True
2025-09-05,BLOCK_C,219.0,203.4,92.5,0.4,0,0,True
2025-09-06,BLOCK_A,318.4,116.3,61.7,45.9,0,0,True
2025-09-06,BLOCK_B,292.2,53.4,47.8,45.9,1,0,True
2025-09-06,BLOCK_C,224.0,115.5,80.4,45.9,0,0,True
2025-09-07,BLOCK_A,334.8,285.2,86.5,1.4,0,0,True
2025-09-07,BLOCK_B,292.1,260.3,98.0,1.4,0,0,True
2025-09-07,BLOCK_C,227.4,170.3,84.8,1.4,0,0,True
2025-09-08,BLOCK_A,333.6,260.8,73.3,0.0,0,0,True
2025-09-08,BLOCK_B,292.1,216.8,85.4,0.0,0,0,True
2025-09-08,BLOCK_C,230.9,210.3,97.3,0.0,0,0,True
2025-09-09,BLOCK_A,334.8,250.3,75.7,0.0,0,0,True
2025-09-09,BLOCK_B,291.8,202.8,77.0,0.0,0,0,True
2025-09-09,BLOCK_C,230.1,220.5,93.2,0.0,0,0,True
2025-09-10,BLOCK_A,336.7,298.7,88.7,0.0,0,0,True
2025-09-10,BLOCK_B,292.0,234.6,83.2,0.0,0,0,True
2025-09-10,BLOCK_C,226.3,182.5,84.0,0.0,0,0,True
2025-09-11,BLOCK_A,327.3,200.9,89.6,23.7,0,0,True
2025-09-11,BLOCK_B,284.0,122.9,89.8,23.7,1,0,True
2025-09-11,BLOCK_C,226.2,91.8,76.0,23.7,1,0,True
2025-09-12,BLOCK_A,327.5,202.0,76.3,0.0,0,1,True
2025-09-12,BLOCK_B,277.0,223.4,82.6,0.0,0,0,True
2025-09-12,BLOCK_C,210.0,198.4,93.3,0.0,0,0,True
2025-09-13,BLOCK_A,335.4,241.9,83.7,9.9,0,0,True
2025-09-13,BLOCK_B,279.6,237.0,98.0,9.9,0,0,True
2025-09-13,BLOCK_C,228.2,177.4,82.8,9.9,0,0,True
2025-09-14,BLOCK_A,331.9,311.4,93.6,0.0,0,0,True
2025-09-14,BLOCK_B,275.7,225.2,75.8,0.0,0,0,True
2025-09-14,BLOCK_C,214.3,206.3,92.7,0.0,0,0,True
2025-09-15,BLOCK_A,319.3,141.1,61.1,45.2,0,0,True
2025-09-15,BLOCK_B,284.2,98.7,60.2,45.2,0,0,True
2025-09-15,BLOCK_C,209.4,116.5,74.4,45.2,0,0,True
2025-09-16,BLOCK_A,319.5,246.8,71.6,0.0,0,0,True
2025-09-16,BLOCK_B,285.8,227.9,84.8,0.0,0,0,True
2025-09-16,BLOCK_C,227.8,207.5,91.0,0.0,0,0,True
2025-09-17,BLOCK_A,328.6,274.2,84.2,0.0,0,0,True
2025-09-17,BLOCK_B,284.0,243.0,85.4,0.0,0,0,True
2025-09-17,BLOCK_C,226.0,147.3,86.2,0.0,0,1,True
2025-09-18,BLOCK_A,320.0,281.5,86.4,0.0,0,0,True
2025-09-18,BLOCK_B,274.1,190.0,72.4,0.0,0,0,True
2025-09-18,BLOCK_C,222.4,183.5,80.6,0.0,0,0,True
2025-09-19,BLOCK_A,347.7,268.6,81.2,0.0,0,0,True
2025-09-19,BLOCK_B,279.4,209.0,73.3,0.0,0,0,True
2025-09-19,BLOCK_C,218.5,192.6,78.8,0.0,0,0,True
2025-09-20,BLOCK_A,338.9,200.1,79.7,0.4,1,0,True
2025-09-20,BLOCK_B,273.4,215.0,80.4,0.4,0,0,True
2025-09-20,BLOCK_C,221.6,162.6,75.3,0.4,0,0,True
2025-09-21,BLOCK_A,320.6,277.8,86.5,0.0,0,0,True
2025-09-21,BLOCK_B,282.7,149.8,78.8,0.0,1,0,True
2025-09-21,BLOCK_C,217.8,201.6,87.6,0.0,0,0,True
2025-09-22,BLOCK_A,340.5,159.5,77.2,64.3,0,0,True
2025-09-22,BLOCK_B,266.5,99.7,60.1,64.3,0,0,True
2025-09-22,BLOCK_C,215.1,97.4,61.5,64.3,0,0,True
2025-09-23,BLOCK_A,337.0,259.1,91.7,10.7,0,0,True
2025-09-23,BLOCK_B,273.4,172.4,71.5,10.7,0,0,True
2025-09-23,BLOCK_C,214.9,155.3,82.1,10.7,0,0,True
2025-09-24,BLOCK_A,337.5,270.7,79.5,0.0,0,0,True
2025-09-24,BLOCK_B,284.9,208.8,75.2,0.0,0,0,True
2025-09-24,BLOCK_C,212.9,194.1,94.0,0.0,0,0,True
2025-09-25,BLOCK_A,330.9,267.3,94.2,11.5,0,0,True
2025-09-25,BLOCK_B,266.3,201.2,82.4,11.5,0,0,True
2025-09-25,BLOCK_C,219.4,123.9,72.4,11.5,0,0,True
2025-09-26,BLOCK_A,337.1,252.4,76.0,0.0,0,0,True
2025-09-26,BLOCK_B,285.6,235.7,92.1,0.0,0,0,True
2025-09-26,BLOCK_C,215.4,184.9,86.2,0.0,0,0,True
2025-09-27,BLOCK_A,330.2,261.8,87.3,13.0,0,0,True
2025-09-27,BLOCK_B,279.8,158.1,69.6,13.0,0,0,True
2025-09-27,BLOCK_C,223.4,142.7,84.2,13.0,0,0,True
2025-09-28,BLOCK_A,342.3,302.7,93.9,0.0,0,0,True
2025-09-28,BLOCK_B,270.2,220.2,77.5,0.0,0,0,True
2025-09-28,BLOCK_C,217.5,134.7,81.8,0.0,0,1,True
2025-09-29,BLOCK_A,347.7,222.1,72.4,0.0,0,0,True
2025-09-29,BLOCK_B,270.7,231.3,83.4,0.0,0,0,True
2025-09-29,BLOCK_C,213.6,198.2,92.3,0.0,0,0,True
2025-09-30,BLOCK_A,335.3,225.8,73.4,11.3,0,0,True
2025-09-30,BLOCK_B,267.4,218.2,91.5,11.3,0,0,True
2025-09-30,BLOCK_C,221.6,178.7,88.0,11.3,0,0,True
2025-10-01,BLOCK_A,338.1,298.6,94.1,0.0,0,0,True
2025-10-01,BLOCK_B,274.6,247.0,94.9,0.0,0,0,True
2025-10-01,BLOCK_C,225.7,169.9,77.0,0.0,0,0,True
2025-10-02,BLOCK_A,327.4,274.0,82.8,0.0,0,0,True
2025-10-02,BLOCK_B,288.3,236.4,80.4,0.0,0,0,True
2025-10-02,BLOCK_C,210.0,174.5,78.5,0.0,0,0,True
2025-10-03,BLOCK_A,334.6,257.0,81.0,0.0,0,0,True
2025-10-03,BLOCK_B,270.2,219.7,76.3,0.0,0,0,True
2025-10-03,BLOCK_C,219.0,145.0,86.7,0.0,1,0,True
2025-10-04,BLOCK_A,317.2,325.9,96.7,0.0,0,0,True
2025-10-04,BLOCK_B,286.3,258.6,90.4,0.0,0,0,True
2025-10-04,BLOCK_C,219.4,197.8,88.2,0.0,0,0,True
2025-10-05,BLOCK_A,335.9,280.3,87.2,0.0,0,0,True
2025-10-05,BLOCK_B,286.9,237.5,85.8,0.0,0,0,True
2025-10-05,BLOCK_C,216.3,174.7,82.7,0.0,0,0,True
2025-10-06,BLOCK_A,339.7,283.3,82.0,0.0,0,0,True
2025-10-06,BLOCK_B,285.9,275.8,98.0,0.0,0,0,True
2025-10-06,BLOCK_C,226.8,188.1,82.6,0.0,0,0,True
2025-10-07,BLOCK_A,334.9,283.2,81.9,0.0,0,0,True
2025-10-07,BLOCK_B,284.9,236.1,85.7,0.0,0,0,True
2025-10-07,BLOCK_C,211.9,199.0,89.0,0.0,0,0,True
2025-10-08,BLOCK_A,319.4,262.7,76.9,0.0,0,0,True
2025-10-08,BLOCK_B,291.2,211.2,70.3,0.0,0,0,True
2025-10-08,BLOCK_C,216.2,212.1,98.0,0.0,0,0,True
2025-10-09,BLOCK_A,329.6,246.0,77.8,0.0,0,0,True
2025-10-09,BLOCK_B,282.1,215.9,80.2,0.0,0,0,True
2025-10-09,BLOCK_C,209.8,120.3,74.5,0.0,1,0,True
2025-10-10,BLOCK_A,320.4,239.0,76.9,0.0,0,0,True
2025-10-10,BLOCK_B,268.4,226.8,83.2,0.0,0,0,True
2025-10-10,BLOCK_C,218.3,190.9,84.8,0.0,0,0,True
2025-10-11,BLOCK_A,342.1,246.8,70.2,0.0,0,0,True
2025-10-11,BLOCK_B,293.9,269.3,97.1,0.0,0,0,True
2025-10-11,BLOCK_C,218.0,142.9,64.6,0.0,0,0,True
2025-10-12,BLOCK_A,324.2,276.1,80.6,0.0,0,0,True
2025-10-12,BLOCK_B,274.5,223.9,81.8,0.0,0,0,True
2025-10-12,BLOCK_C,222.9,213.0,92.9,0.0,0,0,True
2025-10-13,BLOCK_A,327.3,226.5,96.7,0.0,1,0,True
2025-10-13,BLOCK_B,287.8,268.0,92.6,0.0,0,0,True
2025-10-13,BLOCK_C,224.0,187.8,85.5,0.0,0,0,True
2025-10-14,BLOCK_A,339.8,274.8,81.2,0.0,0,0,True
2025-10-14,BLOCK_B,275.2,215.3,78.1,0.0,0,0,True
2025-10-14,BLOCK_C,212.6,185.7,81.2,0.0,0,0,True
2025-10-15,BLOCK_A,335.8,320.2,95.0,0.0,0,0,True
2025-10-15,BLOCK_B,278.6,246.9,85.1,0.0,0,0,True
2025-10-15,BLOCK_C,210.0,177.3,88.8,0.0,0,0,True
2025-10-16,BLOCK_A,326.1,330.8,97.2,0.0,0,0,True
2025-10-16,BLOCK_B,267.5,233.2,85.4,0.0,0,0,True
2025-10-16,BLOCK_C,227.3,180.8,80.9,0.0,0,0,True
2025-10-17,BLOCK_A,342.8,253.0,77.7,0.0,0,0,True
2025-10-17,BLOCK_B,274.9,233.7,85.5,0.0,0,0,True
2025-10-17,BLOCK_C,212.2,137.2,89.7,0.0,0,1,True
2025-10-18,BLOCK_A,326.3,260.5,77.3,0.0,0,0,True
2025-10-18,BLOCK_B,271.9,242.8,79.6,0.0,0,0,True
2025-10-18,BLOCK_C,212.2,193.4,91.4,0.0,0,0,True
2025-10-19,BLOCK_A,319.3,285.7,83.6,0.0,0,0,True
2025-10-19,BLOCK_B,280.4,230.8,85.0,0.0,0,0,True
2025-10-19,BLOCK_C,222.8,205.2,88.5,0.0,0,0,True
2025-10-20,BLOCK_A,318.1,263.9,79.9,0.0,0,0,True
2025-10-20,BLOCK_B,281.5,230.1,81.7,0.0,0,0,True
2025-10-20,BLOCK_C,217.2,203.1,93.0,0.0,0,0,True
2025-10-21,BLOCK_A,321.6,309.6,88.9,0.0,0,0,True
2025-10-21,BLOCK_B,290.4,263.8,97.6,0.0,0,0,True
2025-10-21,BLOCK_C,219.5,153.0,75.9,0.0,0,0,True
2025-10-22,BLOCK_A,347.8,257.8,79.2,0.0,0,0,True
2025-10-22,BLOCK_B,272.7,202.3,76.1,0.0,0,0,True
2025-10-22,BLOCK_C,211.3,208.5,91.6,0.0,0,0,True
2025-10-23,BLOCK_A,329.6,250.5,79.0,0.0,0,0,True
2025-10-23,BLOCK_B,279.1,252.2,87.7,0.0,0,0,True
2025-10-23,BLOCK_C,225.5,157.4,75.7,0.0,0,0,True
2025-10-24,BLOCK_A,318.7,253.6,75.0,0.0,0,0,True
2025-10-24,BLOCK_B,269.6,211.9,76.7,0.0,0,0,True
2025-10-24,BLOCK_C,229.7,150.0,73.8,0.0,0,0,True
2025-10-25,BLOCK_A,337.8,332.8,97.0,0.0,0,0,True
2025-10-25,BLOCK_B,272.1,238.9,83.3,0.0,0,0,True
2025-10-25,BLOCK_C,220.5,174.7,77.1,0.0,0,0,True
2025-10-26,BLOCK_A,320.5,246.6,69.9,0.0,0,0,True
2025-10-26,BLOCK_B,266.3,253.3,85.6,0.0,0,0,True
2025-10-26,BLOCK_C,210.2,184.6,79.5,0.0,0,0,True
2025-10-27,BLOCK_A,348.3,275.7,82.4,0.0,0,0,True
2025-10-27,BLOCK_B,293.0,215.5,76.5,0.0,0,0,True
2025-10-27,BLOCK_C,213.8,193.0,95.1,0.0,0,0,True
2025-10-28,BLOCK_A,348.0,222.6,89.2,0.0,1,0,True
2025-10-28,BLOCK_B,283.0,263.3,94.9,0.0,0,0,True
2025-10-28,BLOCK_C,230.5,187.2,89.5,0.0,0,0,True
2025-10-29,BLOCK_A,323.0,242.9,73.4,0.0,0,0,True
2025-10-29,BLOCK_B,267.7,230.1,81.3,0.0,0,0,True
2025-10-29,BLOCK_C,219.3,163.4,74.3,0.0,0,0,True
2025-10-30,BLOCK_A,329.1,297.5,85.3,0.0,0,0,True
2025-10-30,BLOCK_B,272.8,260.4,92.8,0.0,0,0,True
2025-10-30,BLOCK_C,228.9,230.9,96.3,0.0,0,0,True
2025-10-31,BLOCK_A,329.9,299.5,85.0,0.0,0,0,True
2025-10-31,BLOCK_B,274.6,241.8,81.0,0.0,0,0,True
2025-10-31,BLOCK_C,220.2,209.0,85.0,0.0,0,0,True
2025-11-01,BLOCK_A,321.0,279.1,86.1,0.0,0,0,True
2025-11-01,BLOCK_B,277.4,267.6,93.4,0.0,0,0,True
2025-11-01,BLOCK_C,210.9,180.4,92.3,0.0,0,0,True
2025-11-02,BLOCK_A,344.0,306.8,94.5,0.0,0,0,True
2025-11-02,BLOCK_B,275.6,222.4,81.3,0.0,0,0,True
2025-11-02,BLOCK_C,215.9,182.1,81.5,0.0,0,0,True
2025-11-03,BLOCK_A,318.1,255.4,81.1,0.0,0,0,True
2025-11-03,BLOCK_B,280.3,246.2,91.2,0.0,0,0,True
2025-11-03,BLOCK_C,220.0,166.1,70.5,0.0,0,0,True
2025-11-04,BLOCK_A,345.1,289.1,83.2,0.0,0,0,True
2025-11-04,BLOCK_B,293.8,228.0,84.7,0.0,0,0,True
2025-11-04,BLOCK_C,226.2,171.0,76.3,0.0,0,0,True
2025-11-05,BLOCK_A,341.6,308.4,88.8,0.0,0,0,True
2025-11-05,BLOCK_B,275.2,235.0,86.3,0.0,0,0,True
2025-11-05,BLOCK_C,224.2,161.9,74.2,0.0,0,0,True
2025-11-06,BLOCK_A,320.4,297.0,87.2,0.0,0,0,True
2025-11-06,BLOCK_B,284.7,221.6,77.0,0.0,0,0,True
2025-11-06,BLOCK_C,217.0,202.5,88.3,0.0,0,0,True
2025-11-07,BLOCK_A,325.9,254.9,87.5,4.8,0,0,True
2025-11-07,BLOCK_B,275.1,245.8,91.5,4.8,0,0,True
2025-11-07,BLOCK_C,220.7,163.4,70.9,4.8,0,0,True
2025-11-08,BLOCK_A,347.1,236.8,72.7,0.0,0,0,True
2025-11-08,BLOCK_B,278.3,245.2,87.6,0.0,0,0,True
2025-11-08,BLOCK_C,213.7,183.5,81.0,0.0,0,0,True
2025-11-09,BLOCK_A,335.0,290.6,80.3,0.0,0,0,True
2025-11-09,BLOCK_B,289.8,245.3,82.6,0.0,0,0,True
2025-11-09,BLOCK_C,219.8,167.0,83.4,0.0,0,0,True
2025-11-10,BLOCK_A,325.3,303.7,87.3,0.0,0,0,True
2025-11-10,BLOCK_B,282.8,235.4,81.9,0.0,0,0,True
2025-11-10,BLOCK_C,220.9,201.6,92.3,0.0,0,0,True
2025-11-11,BLOCK_A,348.2,310.0,91.1,0.0,0,0,True
2025-11-11,BLOCK_B,283.3,234.0,85.5,0.0,0,0,True
2025-11-11,BLOCK_C,216.9,218.6,97.4,0.0,0,0,True
2025-11-12,BLOCK_A,329.9,274.5,79.8,0.0,0,0,True
2025-11-12,BLOCK_B,276.1,231.4,79.4,0.0,0,0,True
2025-11-12,BLOCK_C,217.5,196.0,91.4,0.0,0,0,True
2025-11-13,BLOCK_A,340.0,216.0,84.7,0.0,0,1,True
2025-11-13,BLOCK_B,273.0,227.7,82.0,0.0,0,0,True
2025-11-13,BLOCK_C,228.0,196.2,88.3,0.0,0,0,True
2025-11-14,BLOCK_A,325.9,278.7,81.4,0.0,0,0,True
2025-11-14,BLOCK_B,284.6,158.2,74.4,0.0,0,1,True
2025-11-14,BLOCK_C,221.2,165.7,77.2,0.0,0,0,True
2025-11-15,BLOCK_A,325.8,242.7,97.1,0.0,1,0,True
2025-11-15,BLOCK_B,278.1,246.3,89.1,0.0,0,0,True
2025-11-15,BLOCK_C,216.4,201.9,89.6,0.0,0,0,True
2025-11-16,BLOCK_A,335.7,297.6,91.8,0.0,0,0,True
2025-11-16,BLOCK_B,288.5,243.1,82.1,0.0,0,0,True
2025-11-16,BLOCK_C,225.4,196.2,85.5,0.0,0,0,True
2025-11-17,BLOCK_A,331.1,318.3,94.1,0.0,0,0,True
2025-11-17,BLOCK_B,269.2,278.3,96.8,0.0,0,0,True
2025-11-17,BLOCK_C,230.5,205.7,93.3,0.0,0,0,True
2025-11-18,BLOCK_A,343.9,289.4,86.5,0.0,0,0,True
2025-11-18,BLOCK_B,279.8,224.0,81.3,0.0,0,0,True
2025-11-18,BLOCK_C,211.3,197.5,90.4,0.0,0,0,True
2025-11-19,BLOCK_A,344.3,294.0,85.6,0.0,0,0,True
2025-11-19,BLOCK_B,273.8,245.2,83.9,0.0,0,0,True
2025-11-19,BLOCK_C,217.7,195.5,84.3,0.0,0,0,True
2025-11-20,BLOCK_A,337.6,261.5,81.8,0.0,0,0,True
2025-11-20,BLOCK_B,270.5,147.2,69.8,0.0,0,1,True
2025-11-20,BLOCK_C,212.3,175.3,77.0,0.0,0,0,True
2025-11-21,BLOCK_A,331.2,264.7,78.6,0.0,0,0,True
2025-11-21,BLOCK_B,268.9,259.3,97.0,0.0,0,0,True
2025-11-21,BLOCK_C,224.8,197.1,93.3,0.0,0,0,True
2025-11-22,BLOCK_A,332.1,325.1,98.0,0.0,0,0,True
2025-11-22,BLOCK_B,284.1,212.9,75.3,0.0,0,0,True
2025-11-22,BLOCK_C,219.8,139.2,82.7,0.0,1,0,True
2025-11-23,BLOCK_A,342.6,233.3,69.7,0.0,0,0,True
2025-11-23,BLOCK_B,294.0,273.2,93.9,0.0,0,0,True
2025-11-23,BLOCK_C,226.9,186.2,84.6,0.0,0,0,True
2025-11-24,BLOCK_A,318.2,243.9,77.0,0.0,0,0,True
2025-11-24,BLOCK_B,266.8,220.1,72.3,0.0,0,0,True
2025-11-24,BLOCK_C,224.6,187.4,88.6,0.0,0,0,True
2025-11-25,BLOCK_A,339.3,255.5,81.5,2.4,0,0,True
2025-11-25,BLOCK_B,293.6,225.9,83.8,2.4,0,0,True
2025-11-25,BLOCK_C,230.4,167.4,74.3,2.4,0,0,True
2025-11-26,BLOCK_A,329.6,296.9,86.1,0.0,0,0,True
2025-11-26,BLOCK_B,271.4,144.9,73.4,0.0,1,0,True
2025-11-26,BLOCK_C,220.8,151.6,85.4,0.0,0,0,True
2025-11-27,BLOCK_A,328.6,293.6,85.6,0.0,0,0,True
2025-11-27,BLOCK_B,266.0,239.6,84.7,0.0,0,0,True
2025-11-27,BLOCK_C,223.5,202.5,90.3,0.0,0,0,True
2025-11-28,BLOCK_A,329.6,309.2,92.5,0.0,0,0,True
2025-11-28,BLOCK_B,273.3,255.5,92.9,0.0,0,0,True
2025-11-28,BLOCK_C,210.4,182.8,83.9,0.0,0,0,True
2025-11-29,BLOCK_A,321.1,282.0,86.4,0.0,0,0,True
2025-11-29,BLOCK_B,268.2,208.1,75.1,0.0,0,0,True
2025-11-29,BLOCK_C,221.9,184.6,81.5,0.0,0,0,True
2025-11-30,BLOCK_A,321.0,298.1,89.1,0.0,0,0,True
2025-11-30,BLOCK_B,277.2,208.4,87.5,0.0,0,1,True
2025-11-30,BLOCK_C,224.6,159.6,75.0,0.0,0,0,True
2025-12-01,BLOCK_A,323.4,216.5,69.9,0.0,0,0,True
2025-12-01,BLOCK_B,266.1,236.7,84.6,0.0,0,0,True
2025-12-01,BLOCK_C,211.6,193.6,84.8,0.0,0,0,True
2025-12-02,BLOCK_A,318.3,254.3,80.1,0.0,0,0,True
2025-12-02,BLOCK_B,278.5,202.2,79.6,0.0,0,0,True
2025-12-02,BLOCK_C,229.6,194.8,83.2,0.0,0,0,True
2025-12-03,BLOCK_A,347.4,257.9,76.5,0.0,0,0,True
2025-12-03,BLOCK_B,287.0,219.3,80.1,0.0,0,0,True
2025-12-03,BLOCK_C,223.5,169.6,76.0,0.0,0,0,True
2025-12-04,BLOCK_A,336.5,242.2,78.8,0.0,0,0,True
2025-12-04,BLOCK_B,266.8,234.6,83.3,0.0,0,0,True
2025-12-04,BLOCK_C,220.9,142.9,70.9,0.0,0,0,True
2025-12-05,BLOCK_A,335.2,197.1,81.2,0.0,1,0,True
2025-12-05,BLOCK_B,293.4,251.9,85.8,0.0,0,0,True
2025-12-05,BLOCK_C,230.6,156.8,74.9,0.0,0,0,True
2025-12-06,BLOCK_A,326.8,245.4,71.3,0.0,0,0,True
2025-12-06,BLOCK_B,290.7,264.5,87.8,0.0,0,0,True
2025-12-06,BLOCK_C,215.4,191.5,83.4,0.0,0,0,True
2025-12-07,BLOCK_A,348.6,242.0,75.7,0.0,0,0,True
2025-12-07,BLOCK_B,272.5,238.6,77.7,0.0,0,0,True
2025-12-07,BLOCK_C,226.6,169.4,77.8,0.0,0,0,True
2025-12-08,BLOCK_A,324.5,239.3,72.4,0.0,0,0,True
2025-12-08,BLOCK_B,267.5,258.2,85.9,0.0,0,0,True
2025-12-08,BLOCK_C,228.9,199.3,88.1,0.0,0,0,True
2025-12-09,BLOCK_A,340.4,280.6,83.2,0.0,0,0,True
2025-12-09,BLOCK_B,293.4,210.8,78.8,0.0,0,0,True
2025-12-09,BLOCK_C,209.5,138.6,89.9,0.0,1,0,True
2025-12-10,BLOCK_A,348.4,278.1,82.7,0.0,0,0,True
2025-12-10,BLOCK_B,286.9,210.9,72.7,0.0,0,0,True
2025-12-10,BLOCK_C,228.2,190.9,93.4,0.0,0,0,True
2025-12-11,BLOCK_A,341.7,264.3,83.1,0.0,0,0,True
2025-12-11,BLOCK_B,286.5,202.3,74.0,0.0,0,0,True
2025-12-11,BLOCK_C,225.0,196.4,98.0,0.0,0,0,True
2025-12-12,BLOCK_A,339.4,273.8,83.2,0.0,0,0,True
2025-12-12,BLOCK_B,293.9,240.3,84.0,0.0,0,0,True
2025-12-12,BLOCK_C,216.0,160.9,73.7,0.0,0,0,True
2025-12-13,BLOCK_A,320.8,264.4,80.8,0.7,0,0,True
2025-12-13,BLOCK_B,266.9,259.8,89.1,0.7,0,0,True
2025-12-13,BLOCK_C,230.8,140.9,74.5,0.7,0,0,True
2025-12-14,BLOCK_A,330.5,276.4,83.7,2.1,0,0,True
2025-12-14,BLOCK_B,287.6,205.0,72.7,2.1,0,0,True
2025-12-14,BLOCK_C,225.3,165.9,82.9,2.1,0,0,True
2025-12-15,BLOCK_A,342.0,291.1,90.0,0.0,0,0,True
2025-12-15,BLOCK_B,270.5,246.0,84.7,0.0,0,0,True
2025-12-15,BLOCK_C,213.8,111.6,74.0,0.0,0,1,True
2025-12-16,BLOCK_A,349.3,278.1,82.9,0.0,0,0,True
2025-12-16,BLOCK_B,266.7,230.0,83.2,0.0,0,0,True
2025-12-16,BLOCK_C,210.9,197.9,85.1,0.0,0,0,True
2025-12-17,BLOCK_A,333.6,323.0,91.3,0.0,0,0,True
2025-12-17,BLOCK_B,284.0,251.9,87.7,0.0,0,0,True
2025-12-17,BLOCK_C,213.4,221.7,97.0,0.0,0,0,True
2025-12-18,BLOCK_A,319.2,304.8,92.6,0.0,0,0,True
2025-12-18,BLOCK_B,291.1,216.2,78.1,0.0,0,0,True
2025-12-18,BLOCK_C,225.1,177.2,74.8,0.0,0,0,True
2025-12-19,BLOCK_A,327.0,277.7,92.7,5.9,0,0,True
2025-12-19,BLOCK_B,287.8,187.7,69.8,5.9,0,0,True
2025-12-19,BLOCK_C,209.3,180.4,83.8,5.9,0,0,True
2025-12-20,BLOCK_A,333.6,219.8,72.5,0.0,0,0,True
2025-12-20,BLOCK_B,269.5,267.1,93.8,0.0,0,0,True
2025-12-20,BLOCK_C,217.2,200.5,83.0,0.0,0,0,True
2025-12-21,BLOCK_A,325.7,256.9,79.4,0.0,0,0,True
2025-12-21,BLOCK_B,281.9,226.0,83.1,0.0,0,0,True
2025-12-21,BLOCK_C,218.3,189.0,87.2,0.0,0,0,True
2025-12-22,BLOCK_A,334.6,135.3,58.2,0.0,1,0,True
2025-12-22,BLOCK_B,276.3,244.6,86.7,0.0,0,0,True
2025-12-22,BLOCK_C,218.8,160.7,95.1,0.0,0,1,True
2025-12-23,BLOCK_A,346.1,331.2,98.0,0.0,0,0,True
2025-12-23,BLOCK_B,272.6,247.9,89.0,0.0,0,0,True
2025-12-23,BLOCK_C,214.9,195.0,95.1,0.0,0,0,True
2025-12-24,BLOCK_A,324.7,264.8,80.1,0.0,0,0,True
2025-12-24,BLOCK_B,286.1,259.2,91.4,0.0,0,0,True
2025-12-24,BLOCK_C,217.8,138.5,70.4,0.0,0,0,True
2025-12-25,BLOCK_A,328.0,260.7,78.9,0.0,0,0,True
2025-12-25,BLOCK_B,274.2,232.6,80.0,0.0,0,0,True
2025-12-25,BLOCK_C,230.9,159.7,76.8,0.0,0,0,True
2025-12-26,BLOCK_A,324.6,271.1,78.5,0.0,0,0,True
2025-12-26,BLOCK_B,290.9,236.9,81.7,0.0,0,0,True
2025-12-26,BLOCK_C,218.6,139.4,72.2,0.0,0,1,True
2025-12-27,BLOCK_A,346.3,235.0,69.4,0.0,0,0,True
2025-12-27,BLOCK_B,285.1,186.2,90.0,0.0,1,0,True
2025-12-27,BLOCK_C,223.6,194.8,85.5,0.0,0,0,True
2025-12-28,BLOCK_A,341.3,243.3,70.6,0.0,0,0,True
2025-12-28,BLOCK_B,288.1,206.8,78.0,0.0,0,0,True
2025-12-28,BLOCK_C,220.3,210.5,96.2,0.0,0,0,True
2025-12-29,BLOCK_A,335.7,259.5,72.3,0.0,0,0,True
2025-12-29,BLOCK_B,282.7,248.0,88.9,0.0,0,0,True
2025-12-29,BLOCK_C,210.5,180.6,76.6,0.0,0,0,True
2025-12-30,BLOCK_A,322.8,292.7,88.8,0.0,0,0,True
2025-12-30,BLOCK_B,268.3,246.5,79.0,0.0,0,0,True
2025-12-30,BLOCK_C,219.0,176.9,77.8,0.0,0,0,True
2025-12-31,BLOCK_A,324.2,292.6,82.3,0.0,0,0,True
2025-12-31,BLOCK_B,268.4,254.1,88.9,0.0,0,0,True
2025-12-31,BLOCK_C,225.6,176.0,77.9,0.0,0,0,True
2026-01-01,BLOCK_A,332.4,312.5,90.5,0.0,0,0,True
2026-01-01,BLOCK_B,281.3,247.1,89.3,0.0,0,0,True
2026-01-01,BLOCK_C,222.2,180.2,82.6,0.0,0,0,True
2026-01-02,BLOCK_A,326.3,298.2,87.7,0.0,0,0,True
2026-01-02,BLOCK_B,274.0,226.1,79.0,0.0,0,0,True
2026-01-02,BLOCK_C,223.8,214.9,91.7,0.0,0,0,True
2026-01-03,BLOCK_A,333.6,302.7,95.9,0.0,0,0,True
2026-01-03,BLOCK_B,277.4,208.0,77.1,0.0,0,0,True
2026-01-03,BLOCK_C,219.6,188.4,85.1,0.0,0,0,True
2026-01-04,BLOCK_A,321.5,253.4,81.7,0.0,0,0,True
2026-01-04,BLOCK_B,281.0,239.5,78.8,0.0,0,0,True
2026-01-04,BLOCK_C,219.4,224.9,96.3,0.0,0,0,True
2026-01-05,BLOCK_A,345.0,295.2,86.1,0.0,0,0,True
2026-01-05,BLOCK_B,271.7,205.5,97.0,0.0,0,1,True
2026-01-05,BLOCK_C,230.0,181.1,79.2,0.0,0,0,True
2026-01-06,BLOCK_A,333.4,204.7,64.7,0.0,0,0,True
2026-01-06,BLOCK_B,267.8,261.5,95.8,0.0,0,0,True
2026-01-06,BLOCK_C,224.1,178.5,87.8,0.0,0,0,True
2026-01-07,BLOCK_A,337.3,278.8,82.6,0.0,0,0,True
2026-01-07,BLOCK_B,268.1,195.1,67.5,0.0,0,0,True
2026-01-07,BLOCK_C,209.1,118.1,75.9,0.0,1,0,True
2026-01-08,BLOCK_A,323.6,232.9,68.9,0.0,0,0,True
2026-01-08,BLOCK_B,273.5,220.2,77.3,0.0,0,0,True
2026-01-08,BLOCK_C,223.7,122.9,56.5,0.0,0,0,True
2026-01-09,BLOCK_A,333.3,329.5,98.0,0.0,0,0,True
2026-01-09,BLOCK_B,277.6,224.6,88.1,0.0,0,0,True
2026-01-09,BLOCK_C,224.3,193.6,85.4,0.0,0,0,True
2026-01-10,BLOCK_A,321.9,273.4,83.9,0.0,0,0,True
2026-01-10,BLOCK_B,271.9,277.5,98.0,0.0,0,0,True
2026-01-10,BLOCK_C,230.5,183.0,80.5,0.0,0,0,True
2026-01-11,BLOCK_A,320.0,271.8,77.7,0.0,0,0,True
2026-01-11,BLOCK_B,266.7,183.0,63.8,0.0,0,0,True
2026-01-11,BLOCK_C,222.7,137.8,84.8,0.0,0,1,True
2026-01-12,BLOCK_A,335.9,255.6,77.1,0.0,0,0,True
2026-01-12,BLOCK_B,269.2,248.9,75.4,0.0,0,0,True
2026-01-12,BLOCK_C,226.8,175.5,76.8,0.0,0,0,True
2026-01-13,BLOCK_A,319.0,323.0,98.0,0.0,0,0,True
2026-01-13,BLOCK_B,283.6,231.3,83.4,0.0,0,0,True
2026-01-13,BLOCK_C,230.9,183.1,80.5,0.0,0,0,True
2026-01-14,BLOCK_A,347.6,301.8,92.1,0.0,0,0,True
2026-01-14,BLOCK_B,292.3,172.5,58.0,0.0,0,0,True
2026-01-14,BLOCK_C,216.1,190.9,84.6,0.0,0,0,True
2026-01-15,BLOCK_A,349.0,247.8,75.8,0.0,0,0,True
2026-01-15,BLOCK_B,270.5,268.8,94.7,0.0,0,0,True
2026-01-15,BLOCK_C,210.0,152.0,71.8,0.0,0,0,True
2026-01-16,BLOCK_A,343.2,283.6,84.7,0.0,0,0,True
2026-01-16,BLOCK_B,287.7,227.3,76.4,0.0,0,0,True
2026-01-16,BLOCK_C,222.6,176.5,79.1,0.0,0,0,True
2026-01-17,BLOCK_A,322.4,257.6,80.2,0.0,0,0,True
2026-01-17,BLOCK_B,292.5,258.8,89.2,0.0,0,0,True
2026-01-17,BLOCK_C,220.7,160.3,92.0,0.0,0,1,True
2026-01-18,BLOCK_A,319.9,280.2,85.6,0.0,0,0,True
2026-01-18,BLOCK_B,291.7,202.0,74.6,0.0,0,0,True
2026-01-18,BLOCK_C,210.4,171.8,81.9,0.0,0,0,True
2026-01-19,BLOCK_A,342.8,252.1,75.4,0.0,0,0,True
2026-01-19,BLOCK_B,268.4,231.8,79.4,0.0,0,0,True
2026-01-19,BLOCK_C,228.8,147.5,73.2,0.0,0,0,True
2026-01-20,BLOCK_A,348.4,272.7,86.3,3.6,0,0,True
2026-01-20,BLOCK_B,287.1,230.6,89.3,3.6,0,0,True
2026-01-20,BLOCK_C,224.7,177.4,78.9,3.6,0,0,True
2026-01-21,BLOCK_A,349.2,282.6,81.0,0.0,0,0,True
2026-01-21,BLOCK_B,270.6,154.7,60.2,0.0,0,0,True
2026-01-21,BLOCK_C,222.3,168.2,75.2,0.0,0,0,True
2026-01-22,BLOCK_A,330.4,330.0,98.0,0.0,0,0,True
2026-01-22,BLOCK_B,291.3,221.8,75.9,0.0,0,0,True
2026-01-22,BLOCK_C,216.1,199.5,84.7,0.0,0,0,True
2026-01-23,BLOCK_A,317.3,266.5,80.5,0.0,0,0,True
2026-01-23,BLOCK_B,279.1,231.4,79.5,0.0,0,0,True
2026-01-23,BLOCK_C,218.4,178.2,77.7,0.0,0,0,True
2026-01-24,BLOCK_A,319.6,301.5,90.5,0.0,0,0,True
2026-01-24,BLOCK_B,274.5,202.0,72.9,0.0,0,0,True
2026-01-24,BLOCK_C,216.6,199.5,81.2,0.0,0,0,True
2026-01-25,BLOCK_A,340.3,176.0,79.3,0.0,1,0,True
2026-01-25,BLOCK_B,275.0,245.8,88.8,0.0,0,0,True
2026-01-25,BLOCK_C,222.2,157.6,76.9,0.0,0,0,True
2026-01-26,BLOCK_A,334.3,175.7,74.6,0.0,1,0,True
2026-01-26,BLOCK_B,269.0,227.7,80.5,0.0,0,0,True
2026-01-26,BLOCK_C,210.6,201.2,85.6,0.0,0,0,True
2026-01-27,BLOCK_A,341.7,256.8,74.8,0.9,0,0,True
2026-01-27,BLOCK_B,274.8,217.5,83.6,0.9,0,0,True
2026-01-27,BLOCK_C,225.8,166.8,68.6,0.9,0,0,True
2026-01-28,BLOCK_A,321.4,289.7,85.0,0.0,0,0,True
2026-01-28,BLOCK_B,286.9,188.0,69.3,0.0,0,0,True
2026-01-28,BLOCK_C,222.1,160.0,73.9,0.0,0,0,True
2026-01-29,BLOCK_A,333.1,256.8,80.6,0.0,0,0,True
2026-01-29,BLOCK_B,285.5,196.5,70.0,0.0,0,0,True
2026-01-29,BLOCK_C,220.5,215.6,77.7,0.0,0,0,True
2026-01-30,BLOCK_A,330.3,324.8,91.8,0.0,0,0,True
2026-01-30,BLOCK_B,292.5,226.3,81.9,0.0,0,0,True
2026-01-30,BLOCK_C,211.9,193.4,78.5,0.0,0,0,True
2026-01-31,BLOCK_A,340.0,341.5,98.0,0.0,0,0,True
2026-01-31,BLOCK_B,268.2,253.2,94.0,0.0,0,0,True
2026-01-31,BLOCK_C,221.2,129.9,73.3,0.0,0,1,True
2026-02-01,BLOCK_A,338.9,268.0,80.7,0.0,0,0,True
2026-02-01,BLOCK_B,267.8,227.5,82.0,0.0,0,0,True
2026-02-01,BLOCK_C,216.1,178.5,79.1,0.0,0,0,True
2026-02-02,BLOCK_A,336.7,303.9,91.2,0.0,0,0,True
2026-02-02,BLOCK_B,272.5,209.6,72.2,0.0,0,0,True
2026-02-02,BLOCK_C,222.5,157.6,76.4,0.0,0,0,True
2026-02-03,BLOCK_A,342.7,231.8,72.0,0.0,0,0,True
2026-02-03,BLOCK_B,278.8,214.2,80.2,0.0,0,0,True
2026-02-03,BLOCK_C,209.5,159.9,75.3,0.0,0,0,True
2026-02-04,BLOCK_A,349.0,234.1,70.3,0.0,0,0,True
2026-02-04,BLOCK_B,285.8,280.9,95.9,0.0,0,0,True
2026-02-04,BLOCK_C,226.7,166.5,75.3,0.0,0,0,True
2026-02-05,BLOCK_A,332.9,287.1,90.4,2.0,0,0,True
2026-02-05,BLOCK_B,271.4,198.8,77.2,2.0,0,0,True
2026-02-05,BLOCK_C,225.6,199.9,94.5,2.0,0,0,True
2026-02-06,BLOCK_A,337.4,301.0,87.1,0.0,0,0,True
2026-02-06,BLOCK_B,268.0,238.4,85.1,0.0,0,0,True
2026-02-06,BLOCK_C,227.2,131.2,76.9,0.0,1,0,True
2026-02-07,BLOCK_A,344.5,238.8,74.6,0.0,0,0,True
2026-02-07,BLOCK_B,287.8,206.5,71.7,0.0,0,0,True
2026-02-07,BLOCK_C,226.8,198.5,92.0,0.0,0,0,True
2026-02-08,BLOCK_A,331.3,260.8,77.7,0.0,0,0,True
2026-02-08,BLOCK_B,280.2,234.5,83.5,0.0,0,0,True
2026-02-08,BLOCK_C,210.4,177.4,84.8,0.0,0,0,True
2026-02-09,BLOCK_A,330.1,298.1,85.8,0.0,0,0,True
2026-02-09,BLOCK_B,273.7,154.2,76.2,0.0,0,1,True
2026-02-09,BLOCK_C,214.1,194.6,85.1,0.0,0,0,True
2026-02-10,BLOCK_A,346.4,247.6,78.9,0.0,0,0,True
2026-02-10,BLOCK_B,288.8,252.5,90.0,0.0,0,0,True
2026-02-10,BLOCK_C,224.6,204.2,92.2,0.0,0,0,True
2026-02-11,BLOCK_A,338.5,275.0,83.9,0.0,0,0,True
2026-02-11,BLOCK_B,272.0,262.0,93.0,0.0,0,0,True
2026-02-11,BLOCK_C,215.1,134.3,81.8,0.0,1,0,True
2026-02-12,BLOCK_A,320.9,279.1,83.3,0.0,0,0,True
2026-02-12,BLOCK_B,291.2,204.4,76.5,0.0,0,0,True
2026-02-12,BLOCK_C,222.1,164.4,72.4,0.0,0,0,True
2026-02-13,BLOCK_A,343.3,215.7,92.9,0.0,1,0,True
2026-02-13,BLOCK_B,293.1,215.7,77.4,0.0,0,0,True
2026-02-13,BLOCK_C,217.5,153.4,68.6,0.0,0,0,True
2026-02-14,BLOCK_A,347.6,284.7,82.0,0.0,0,0,True
2026-02-14,BLOCK_B,273.1,235.6,86.0,0.0,0,0,True
2026-02-14,BLOCK_C,209.1,164.7,76.1,0.0,0,0,True
2026-02-15,BLOCK_A,331.0,341.1,98.0,0.0,0,0,True
2026-02-15,BLOCK_B,289.0,198.6,68.9,0.0,0,0,True
2026-02-15,BLOCK_C,222.7,183.4,83.6,0.0,0,0,True
2026-02-16,BLOCK_A,317.4,203.5,88.4,1.7,1,0,True
2026-02-16,BLOCK_B,269.3,250.4,92.3,1.7,0,0,True
2026-02-16,BLOCK_C,216.7,183.3,83.9,1.7,0,0,True
2026-02-17,BLOCK_A,335.8,275.4,77.6,0.0,0,0,True
2026-02-17,BLOCK_B,283.0,274.7,98.0,0.0,0,0,True
2026-02-17,BLOCK_C,229.9,184.0,80.4,0.0,0,0,True
2026-02-18,BLOCK_A,334.9,286.3,83.5,0.0,0,0,True
2026-02-18,BLOCK_B,267.9,189.5,76.3,0.0,0,0,True
2026-02-18,BLOCK_C,222.4,192.3,89.8,0.0,0,0,True
2026-02-19,BLOCK_A,325.6,289.8,90.6,0.0,0,0,True
2026-02-19,BLOCK_B,268.6,221.3,83.2,0.0,0,0,True
2026-02-19,BLOCK_C,230.3,217.5,93.7,0.0,0,0,True
2026-02-20,BLOCK_A,334.8,227.7,74.6,0.0,0,0,True
2026-02-20,BLOCK_B,276.1,219.3,80.3,0.0,0,0,True
2026-02-20,BLOCK_C,212.0,164.1,75.8,0.0,0,0,True
2026-02-21,BLOCK_A,343.5,338.2,97.2,0.0,0,0,True
2026-02-21,BLOCK_B,289.7,259.8,93.0,0.0,0,0,True
2026-02-21,BLOCK_C,225.5,177.8,77.6,0.0,0,0,True
2026-02-22,BLOCK_A,340.7,193.5,82.2,3.6,1,0,True
2026-02-22,BLOCK_B,274.1,184.2,79.2,3.6,0,0,True
2026-02-22,BLOCK_C,218.4,203.6,90.4,3.6,0,0,True
2026-02-23,BLOCK_A,322.6,323.4,92.1,0.0,0,0,True
2026-02-23,BLOCK_B,291.5,237.4,83.0,0.0,0,0,True
2026-02-23,BLOCK_C,211.9,199.8,88.3,0.0,0,0,True
2026-02-24,BLOCK_A,347.9,232.5,69.8,0.0,0,0,True
2026-02-24,BLOCK_B,271.8,264.8,97.6,0.0,0,0,True
2026-02-24,BLOCK_C,209.4,208.5,88.9,0.0,0,0,True
2026-02-25,BLOCK_A,342.5,203.4,76.6,3.6,1,0,True
2026-02-25,BLOCK_B,277.5,225.9,79.1,3.6,0,0,True
2026-02-25,BLOCK_C,211.9,200.9,94.4,3.6,0,0,True
2026-02-26,BLOCK_A,328.0,228.6,71.7,0.0,0,0,True
2026-02-26,BLOCK_B,266.4,247.5,87.9,0.0,0,0,True
2026-02-26,BLOCK_C,223.8,214.4,97.6,0.0,0,0,True
2026-02-27,BLOCK_A,324.1,302.0,91.0,0.0,0,0,True
2026-02-27,BLOCK_B,290.1,287.1,98.0,0.0,0,0,True
2026-02-27,BLOCK_C,224.0,154.5,81.9,0.0,0,0,True
2026-02-28,BLOCK_A,327.2,220.9,95.5,0.0,1,0,True
2026-02-28,BLOCK_B,289.2,217.1,72.5,0.0,0,0,True
2026-02-28,BLOCK_C,222.9,163.4,75.4,0.0,0,0,True
2026-03-01,BLOCK_A,332.4,304.0,91.2,0.0,0,0,True
2026-03-01,BLOCK_B,276.9,256.7,90.0,0.0,0,0,True
2026-03-01,BLOCK_C,217.6,183.5,82.5,0.0,0,0,True
2026-03-02,BLOCK_A,328.3,284.5,86.6,0.0,0,0,True
2026-03-02,BLOCK_B,266.3,268.1,90.4,0.0,0,0,True
2026-03-02,BLOCK_C,213.6,203.6,89.8,0.0,0,0,True
2026-03-03,BLOCK_A,322.2,301.1,85.2,0.0,0,0,True
2026-03-03,BLOCK_B,293.1,267.3,98.0,0.0,0,0,True
2026-03-03,BLOCK_C,217.8,161.5,70.2,0.0,0,0,True
2026-03-04,BLOCK_A,320.8,262.7,79.1,0.0,0,0,True
2026-03-04,BLOCK_B,279.4,196.9,69.1,0.0,0,0,True
2026-03-04,BLOCK_C,216.0,198.3,84.4,0.0,0,0,True
2026-03-05,BLOCK_A,349.4,266.3,75.4,0.0,0,0,True
2026-03-05,BLOCK_B,293.5,255.2,90.1,0.0,0,0,True
2026-03-05,BLOCK_C,228.9,192.6,80.8,0.0,0,0,True
2026-03-06,BLOCK_A,325.1,267.7,88.6,0.0,0,0,True
2026-03-06,BLOCK_B,269.1,257.1,93.2,0.0,0,0,True
2026-03-06,BLOCK_C,216.5,176.0,76.5,0.0,0,0,True
2026-03-07,BLOCK_A,333.5,194.0,62.5,0.0,0,0,True
2026-03-07,BLOCK_B,278.7,238.5,86.3,0.0,0,0,True
2026-03-07,BLOCK_C,230.1,160.0,75.3,0.0,0,0,True
2026-03-08,BLOCK_A,335.3,295.0,91.1,0.0,0,0,True
2026-03-08,BLOCK_B,282.2,204.9,68.7,0.0,0,0,True
2026-03-08,BLOCK_C,225.5,153.6,72.9,0.0,0,0,True
2026-03-09,BLOCK_A,321.2,255.5,75.8,0.0,0,0,True
2026-03-09,BLOCK_B,276.3,268.5,97.3,0.0,0,0,True
2026-03-09,BLOCK_C,210.3,185.0,87.1,0.0,0,0,True
2026-03-10,BLOCK_A,342.7,284.7,86.4,0.0,0,0,True
2026-03-10,BLOCK_B,283.2,248.4,92.1,0.0,0,0,True
2026-03-10,BLOCK_C,217.1,214.5,90.2,0.0,0,0,True
2026-03-11,BLOCK_A,334.6,285.4,80.4,1.3,0,0,True
2026-03-11,BLOCK_B,281.6,230.0,86.4,1.3,0,0,True
2026-03-11,BLOCK_C,219.3,214.4,98.0,1.3,0,0,True
2026-03-12,BLOCK_A,336.3,283.7,85.1,0.0,0,0,True
2026-03-12,BLOCK_B,277.4,192.2,73.3,0.0,0,0,True
2026-03-12,BLOCK_C,209.8,183.0,80.0,0.0,0,0,True
2026-03-13,BLOCK_A,343.7,266.3,84.4,0.0,0,0,True
2026-03-13,BLOCK_B,283.1,235.0,81.4,0.0,0,0,True
2026-03-13,BLOCK_C,228.4,172.4,74.0,0.0,0,0,True
2026-03-14,BLOCK_A,322.5,328.1,98.0,0.0,0,0,True
2026-03-14,BLOCK_B,282.7,232.3,81.5,0.0,0,0,True
2026-03-14,BLOCK_C,215.9,212.3,93.6,0.0,0,0,True
2026-03-15,BLOCK_A,323.2,246.4,81.1,10.2,0,0,True
2026-03-15,BLOCK_B,270.9,203.4,81.8,10.2,0,0,True
2026-03-15,BLOCK_C,211.3,145.2,83.2,10.2,0,0,True
2026-03-16,BLOCK_A,340.3,305.0,88.0,0.0,0,0,True
2026-03-16,BLOCK_B,285.9,228.7,83.0,0.0,0,0,True
2026-03-16,BLOCK_C,224.8,159.7,71.2,0.0,0,0,True
2026-03-17,BLOCK_A,327.4,189.1,79.2,0.0,1,0,True
2026-03-17,BLOCK_B,283.6,224.4,97.5,0.0,0,1,True
2026-03-17,BLOCK_C,211.3,160.8,75.0,0.0,0,0,True
2026-03-18,BLOCK_A,341.7,301.2,87.3,0.0,0,0,True
2026-03-18,BLOCK_B,293.8,214.5,78.7,0.0,0,0,True
2026-03-18,BLOCK_C,230.7,204.1,87.3,0.0,0,0,True
2026-03-19,BLOCK_A,348.1,234.2,74.0,0.0,0,0,True
2026-03-19,BLOCK_B,292.5,250.4,89.4,0.0,0,0,True
2026-03-19,BLOCK_C,219.6,207.4,83.6,0.0,0,0,True
2026-03-20,BLOCK_A,347.0,238.2,75.8,0.0,0,0,True
2026-03-20,BLOCK_B,274.0,237.5,85.5,0.0,0,0,True
2026-03-20,BLOCK_C,225.9,198.7,84.5,0.0,0,0,True
2026-03-21,BLOCK_A,317.8,243.8,73.6,0.0,0,0,True
2026-03-21,BLOCK_B,278.7,261.4,94.7,0.0,0,0,True
2026-03-21,BLOCK_C,210.6,173.1,84.8,0.0,0,0,True
2026-03-22,BLOCK_A,338.0,302.0,92.5,0.7,0,0,True
2026-03-22,BLOCK_B,274.4,273.4,94.8,0.7,0,0,True
2026-03-22,BLOCK_C,216.5,203.0,84.7,0.7,0,0,True
2026-03-23,BLOCK_A,329.8,241.5,70.8,0.0,0,0,True
2026-03-23,BLOCK_B,289.6,208.1,76.5,0.0,0,0,True
2026-03-23,BLOCK_C,225.8,186.7,89.4,0.0,0,0,True
2026-03-24,BLOCK_A,345.6,274.4,78.2,0.0,0,0,True
2026-03-24,BLOCK_B,266.7,201.1,71.1,0.0,0,0,True
2026-03-24,BLOCK_C,221.7,192.9,87.4,0.0,0,0,True
2026-03-25,BLOCK_A,331.2,226.8,68.8,0.0,0,0,True
2026-03-25,BLOCK_B,282.2,213.9,71.8,0.0,0,0,True
2026-03-25,BLOCK_C,211.9,129.8,82.6,0.0,1,0,True
2026-03-26,BLOCK_A,318.7,297.7,89.7,0.0,0,0,True
2026-03-26,BLOCK_B,291.9,218.3,78.7,0.0,0,0,True
2026-03-26,BLOCK_C,219.3,216.3,92.9,0.0,0,0,True
2026-03-27,BLOCK_A,347.0,268.8,82.7,0.0,0,0,True
2026-03-27,BLOCK_B,267.6,254.4,96.8,0.0,0,0,True
2026-03-27,BLOCK_C,223.6,161.5,73.0,0.0,0,0,True
2026-03-28,BLOCK_A,319.1,293.3,93.6,4.1,0,0,True
2026-03-28,BLOCK_B,277.5,206.9,83.7,4.1,0,0,True
2026-03-28,BLOCK_C,227.6,186.0,91.9,4.1,0,0,True
2026-03-29,BLOCK_A,317.1,318.6,98.0,0.0,0,0,True
2026-03-29,BLOCK_B,293.2,153.3,74.1,0.0,1,0,True
2026-03-29,BLOCK_C,210.8,175.7,84.8,0.0,0,0,True
2026-03-30,BLOCK_A,342.4,289.7,86.3,0.0,0,0,True
2026-03-30,BLOCK_B,272.3,288.1,98.0,0.0,0,0,True
2026-03-30,BLOCK_C,209.7,176.0,78.1,0.0,0,0,True
2026-03-31,BLOCK_A,323.8,293.5,85.0,0.0,0,0,True
2026-03-31,BLOCK_B,269.5,233.0,77.3,0.0,0,0,True
2026-03-31,BLOCK_C,227.5,176.6,81.8,0.0,0,0,True
2026-04-01,BLOCK_A,317.0,285.3,86.1,0.0,0,0,True
2026-04-01,BLOCK_B,279.2,264.9,93.7,0.0,0,0,True
2026-04-01,BLOCK_C,225.7,128.2,79.5,0.0,1,0,True
2026-04-02,BLOCK_A,336.1,275.9,82.8,0.0,0,0,True
2026-04-02,BLOCK_B,270.8,226.8,82.4,0.0,0,0,True
2026-04-02,BLOCK_C,226.8,169.5,75.9,0.0,0,0,True
2026-04-03,BLOCK_A,345.7,296.4,91.4,0.0,0,0,True
2026-04-03,BLOCK_B,273.0,236.9,82.5,0.0,0,0,True
2026-04-03,BLOCK_C,223.2,165.8,76.0,0.0,0,0,True
2026-04-04,BLOCK_A,323.4,238.2,76.3,0.0,0,0,True
2026-04-04,BLOCK_B,266.3,210.0,82.9,0.0,0,0,True
2026-04-04,BLOCK_C,213.0,132.8,79.7,0.0,0,1,True
2026-04-05,BLOCK_A,334.6,265.2,80.2,0.0,0,0,True
2026-04-05,BLOCK_B,280.3,244.5,88.0,0.0,0,0,True
2026-04-05,BLOCK_C,224.4,182.1,85.0,0.0,0,0,True
2026-04-06,BLOCK_A,322.9,258.2,92.5,0.0,0,1,True
2026-04-06,BLOCK_B,281.4,207.0,72.4,0.0,0,0,True
2026-04-06,BLOCK_C,224.7,205.1,91.7,0.0,0,0,True
2026-04-07,BLOCK_A,329.8,266.0,81.0,0.0,0,0,True
2026-04-07,BLOCK_B,275.2,238.8,87.1,0.0,0,0,True
2026-04-07,BLOCK_C,218.1,133.3,67.3,0.0,0,0,True
2026-04-08,BLOCK_A,343.2,277.4,83.4,0.0,0,0,True
2026-04-08,BLOCK_B,292.5,250.2,84.7,0.0,0,0,True
2026-04-08,BLOCK_C,222.4,213.4,94.2,0.0,0,0,True
2026-04-09,BLOCK_A,328.1,257.9,79.8,0.0,0,0,True
2026-04-09,BLOCK_B,285.5,243.9,87.0,0.0,0,0,True
2026-04-09,BLOCK_C,228.9,152.8,71.7,0.0,0,0,True
2026-04-10,BLOCK_A,338.6,271.3,83.4,0.0,0,0,True
2026-04-10,BLOCK_B,281.5,202.0,69.5,0.0,0,0,True
2026-04-10,BLOCK_C,231.0,198.3,84.6,0.0,0,0,True
2026-04-11,BLOCK_A,323.7,254.8,77.8,0.0,0,0,True
2026-04-11,BLOCK_B,267.8,246.4,84.3,0.0,0,0,True
2026-04-11,BLOCK_C,215.4,141.7,66.9,0.0,0,0,True
2026-04-12,BLOCK_A,326.4,310.5,92.9,0.0,0,0,True
2026-04-12,BLOCK_B,281.6,211.3,73.4,0.0,0,0,True
2026-04-12,BLOCK_C,229.3,184.9,87.2,0.0,0,0,True
2026-04-13,BLOCK_A,329.6,185.6,71.0,0.0,0,1,True
2026-04-13,BLOCK_B,289.3,242.9,85.6,0.0,0,0,True
2026-04-13,BLOCK_C,209.3,198.2,86.8,0.0,0,0,True
2026-04-14,BLOCK_A,334.3,294.9,86.5,0.0,0,0,True
2026-04-14,BLOCK_B,291.2,193.0,92.4,0.0,0,1,True
2026-04-14,BLOCK_C,216.9,174.3,83.9,0.0,0,0,True
2026-04-15,BLOCK_A,336.9,283.2,86.6,0.0,0,0,True
2026-04-15,BLOCK_B,281.6,247.8,89.1,0.0,0,0,True
2026-04-15,BLOCK_C,216.9,153.0,73.6,0.0,0,0,True
2026-04-16,BLOCK_A,323.0,255.8,76.9,0.0,0,0,True
2026-04-16,BLOCK_B,279.9,242.4,87.6,0.0,0,0,True
2026-04-16,BLOCK_C,217.3,194.7,85.8,0.0,0,0,True
2026-04-17,BLOCK_A,317.7,276.5,85.8,0.0,0,0,True
2026-04-17,BLOCK_B,286.2,266.0,92.5,0.0,0,0,True
2026-04-17,BLOCK_C,229.1,182.2,82.9,0.0,0,0,True
2026-04-18,BLOCK_A,338.3,282.4,83.5,0.3,0,0,True
2026-04-18,BLOCK_B,273.2,198.5,72.0,0.3,0,0,True
2026-04-18,BLOCK_C,228.7,191.0,84.3,0.3,0,0,True
2026-04-19,BLOCK_A,339.0,304.9,88.8,0.0,0,0,True
2026-04-19,BLOCK_B,285.4,237.1,85.3,0.0,0,0,True
2026-04-19,BLOCK_C,215.9,131.7,84.2,0.0,1,0,True
2026-04-20,BLOCK_A,346.1,317.9,91.6,0.0,0,0,True
2026-04-20,BLOCK_B,289.2,211.8,79.6,0.0,0,0,True
2026-04-20,BLOCK_C,213.4,176.5,84.5,0.0,0,0,True
2026-04-21,BLOCK_A,318.2,277.4,79.4,0.0,0,0,True
2026-04-21,BLOCK_B,291.7,220.6,78.6,0.0,0,0,True
2026-04-21,BLOCK_C,225.0,202.4,92.2,0.0,0,0,True
2026-04-22,BLOCK_A,340.2,294.7,84.5,0.0,0,0,True
2026-04-22,BLOCK_B,276.0,201.3,70.3,0.0,0,0,True
2026-04-22,BLOCK_C,211.7,193.5,89.9,0.0,0,0,True
2026-04-23,BLOCK_A,330.8,330.9,94.6,0.0,0,0,True
2026-04-23,BLOCK_B,290.2,223.7,79.3,0.0,0,0,True
2026-04-23,BLOCK_C,219.3,197.2,97.6,0.0,0,0,True
2026-04-24,BLOCK_A,322.8,180.4,74.4,0.0,1,0,True
2026-04-24,BLOCK_B,284.2,162.6,72.9,0.0,0,1,True
2026-04-24,BLOCK_C,222.4,222.5,98.0,0.0,0,0,True
2026-04-25,BLOCK_A,349.2,293.9,86.2,0.0,0,0,True
2026-04-25,BLOCK_B,289.5,262.4,93.9,0.0,0,0,True
2026-04-25,BLOCK_C,224.4,192.7,85.7,0.0,0,0,True
2026-04-26,BLOCK_A,332.5,294.2,84.9,0.1,0,0,True
2026-04-26,BLOCK_B,289.2,244.8,83.6,0.1,0,0,True
2026-04-26,BLOCK_C,225.1,176.6,79.0,0.1,0,0,True
2026-04-27,BLOCK_A,346.0,241.9,71.6,0.7,0,0,True
2026-04-27,BLOCK_B,293.6,231.8,83.3,0.7,0,0,True
2026-04-27,BLOCK_C,223.2,185.7,88.6,0.7,0,0,True
2026-04-28,BLOCK_A,341.7,211.0,79.4,13.9,0,0,True
2026-04-28,BLOCK_B,267.6,180.3,74.4,13.9,0,0,True
2026-04-28,BLOCK_C,222.3,180.8,88.0,13.9,0,0,True
2026-04-29,BLOCK_A,332.2,239.8,90.1,0.0,0,1,True
2026-04-29,BLOCK_B,271.0,198.7,73.5,0.0,0,0,True
2026-04-29,BLOCK_C,215.5,186.9,84.0,0.0,0,0,True
2026-04-30,BLOCK_A,349.0,302.7,90.7,0.0,0,0,True
2026-04-30,BLOCK_B,267.5,254.2,93.0,0.0,0,0,True
2026-04-30,BLOCK_C,215.8,201.1,91.9,0.0,0,0,True
2026-05-01,BLOCK_A,318.2,265.5,77.8,0.0,0,0,True
2026-05-01,BLOCK_B,278.6,287.1,98.0,0.0,0,0,True
2026-05-01,BLOCK_C,225.9,159.9,84.2,0.0,0,0,True
2026-05-02,BLOCK_A,318.2,289.5,86.9,0.0,0,0,True
2026-05-02,BLOCK_B,275.3,167.5,73.5,0.0,0,1,True
2026-05-02,BLOCK_C,215.4,180.0,91.6,0.0,0,0,True
2026-05-03,BLOCK_A,331.3,189.0,80.7,0.0,1,0,True
2026-05-03,BLOCK_B,287.0,147.3,78.9,0.0,1,0,True
2026-05-03,BLOCK_C,226.2,173.8,81.6,0.0,0,0,True
2026-05-04,BLOCK_A,328.5,285.5,85.5,0.0,0,0,True
2026-05-04,BLOCK_B,277.3,181.5,65.1,0.0,0,0,True
2026-05-04,BLOCK_C,218.9,179.8,83.1,0.0,0,0,True
2026-05-05,BLOCK_A,317.4,291.9,88.3,0.0,0,0,True
2026-05-05,BLOCK_B,286.4,287.8,98.0,0.0,0,0,True
2026-05-05,BLOCK_C,218.2,172.2,76.7,0.0,0,0,True
2026-05-06,BLOCK_A,334.6,274.4,77.3,0.0,0,0,True
2026-05-06,BLOCK_B,279.0,162.1,76.3,0.0,0,1,True
2026-05-06,BLOCK_C,214.0,179.7,81.9,0.0,0,0,True
2026-05-07,BLOCK_A,336.5,260.3,78.6,0.0,0,0,True
2026-05-07,BLOCK_B,280.7,267.4,92.7,0.0,0,0,True
2026-05-07,BLOCK_C,215.8,185.0,76.6,0.0,0,0,True
2026-05-08,BLOCK_A,344.2,224.2,68.2,0.0,0,0,True
2026-05-08,BLOCK_B,277.8,224.1,79.4,0.0,0,0,True
2026-05-08,BLOCK_C,209.6,164.3,70.7,0.0,0,0,True
2026-05-09,BLOCK_A,340.8,250.2,75.0,0.0,0,0,True
2026-05-09,BLOCK_B,280.4,241.2,83.3,0.0,0,0,True
2026-05-09,BLOCK_C,211.5,157.9,72.3,0.0,0,0,True
2026-05-10,BLOCK_A,319.9,253.8,76.3,0.0,0,0,True
2026-05-10,BLOCK_B,292.9,223.1,83.9,0.0,0,0,True
2026-05-10,BLOCK_C,222.8,167.8,81.4,0.0,0,0,True
2026-05-11,BLOCK_A,322.7,318.2,92.9,0.0,0,0,True
2026-05-11,BLOCK_B,268.8,226.0,83.8,0.0,0,0,True
2026-05-11,BLOCK_C,218.8,213.9,91.2,0.0,0,0,True
2026-05-12,BLOCK_A,343.2,189.5,70.8,0.0,0,1,True
2026-05-12,BLOCK_B,285.6,265.2,96.3,0.0,0,0,True
2026-05-12,BLOCK_C,218.7,184.8,85.9,0.0,0,0,True
2026-05-13,BLOCK_A,326.4,227.0,68.5,0.0,0,0,True
2026-05-13,BLOCK_B,266.0,263.8,91.5,0.0,0,0,True
2026-05-13,BLOCK_C,211.0,198.7,88.2,0.0,0,0,True
2026-05-14,BLOCK_A,328.2,286.4,83.7,0.0,0,0,True
2026-05-14,BLOCK_B,281.7,249.9,85.5,0.0,0,0,True
2026-05-14,BLOCK_C,212.8,192.9,85.1,0.0,0,0,True
2026-05-15,BLOCK_A,324.6,304.6,92.4,2.2,0,0,True
2026-05-15,BLOCK_B,288.0,237.1,85.0,2.2,0,0,True
2026-05-15,BLOCK_C,230.3,176.9,81.6,2.2,0,0,True
2026-05-16,BLOCK_A,323.0,308.5,97.3,0.0,0,0,True
2026-05-16,BLOCK_B,291.8,235.6,81.4,0.0,0,0,True
2026-05-16,BLOCK_C,223.6,141.6,72.5,0.0,0,0,True
2026-05-17,BLOCK_A,339.5,306.0,89.7,0.0,0,0,True
2026-05-17,BLOCK_B,266.2,263.7,94.6,0.0,0,0,True
2026-05-17,BLOCK_C,223.2,193.8,84.1,0.0,0,0,True
2026-05-18,BLOCK_A,335.7,269.8,82.1,0.0,0,0,True
2026-05-18,BLOCK_B,278.3,236.4,78.9,0.0,0,0,True
2026-05-18,BLOCK_C,215.5,174.2,83.4,0.0,0,0,True
2026-05-19,BLOCK_A,318.5,330.4,96.6,0.0,0,0,True
2026-05-19,BLOCK_B,285.9,205.3,73.1,0.0,0,0,True
2026-05-19,BLOCK_C,225.0,215.9,94.2,0.0,0,0,True
2026-05-20,BLOCK_A,322.1,256.0,81.5,0.0,0,0,True
2026-05-20,BLOCK_B,271.9,239.7,86.4,0.0,0,0,True
2026-05-20,BLOCK_C,219.1,154.0,72.6,0.0,0,0,True
2026-05-21,BLOCK_A,342.9,254.9,79.0,0.0,0,0,True
2026-05-21,BLOCK_B,266.1,232.0,80.0,0.0,0,0,True
2026-05-21,BLOCK_C,227.7,192.7,89.0,0.0,0,0,True
2026-05-22,BLOCK_A,324.8,273.7,75.8,0.0,0,0,True
2026-05-22,BLOCK_B,280.3,259.1,94.0,0.0,0,0,True
2026-05-22,BLOCK_C,228.0,227.1,95.6,0.0,0,0,True
2026-05-23,BLOCK_A,317.8,271.6,80.8,0.0,0,0,True
2026-05-23,BLOCK_B,276.5,225.9,83.3,0.0,0,0,True
2026-05-23,BLOCK_C,217.2,188.3,82.2,0.0,0,0,True
2026-05-24,BLOCK_A,346.6,279.7,84.1,0.0,0,0,True
2026-05-24,BLOCK_B,266.4,230.3,81.9,0.0,0,0,True
2026-05-24,BLOCK_C,220.0,199.0,92.0,0.0,0,0,True
2026-05-25,BLOCK_A,328.3,243.2,75.0,0.0,0,0,True
2026-05-25,BLOCK_B,291.7,190.6,67.8,0.0,0,0,True
2026-05-25,BLOCK_C,230.4,149.8,72.4,0.0,0,0,True
2026-05-26,BLOCK_A,337.6,309.6,95.1,0.0,0,0,True
2026-05-26,BLOCK_B,285.5,208.0,75.2,0.0,0,0,True
2026-05-26,BLOCK_C,213.4,159.9,74.0,0.0,0,0,True
2026-05-27,BLOCK_A,324.1,184.9,71.9,0.0,1,0,True
2026-05-27,BLOCK_B,270.8,239.2,82.7,0.0,0,0,True
2026-05-27,BLOCK_C,228.3,143.3,73.0,0.0,0,0,True
2026-05-28,BLOCK_A,324.9,255.1,78.5,0.0,0,0,True
2026-05-28,BLOCK_B,284.4,217.4,80.9,0.0,0,0,True
2026-05-28,BLOCK_C,210.4,200.7,86.7,0.0,0,0,True
2026-05-29,BLOCK_A,335.9,245.4,65.8,0.0,0,0,True
2026-05-29,BLOCK_B,286.8,242.8,89.8,0.0,0,0,True
2026-05-29,BLOCK_C,216.7,195.4,87.1,0.0,0,0,True
2026-05-30,BLOCK_A,330.5,242.1,74.1,0.0,0,0,True
2026-05-30,BLOCK_B,283.8,225.1,78.6,0.0,0,0,True
2026-05-30,BLOCK_C,229.3,206.3,90.6,0.0,0,0,True
2026-05-31,BLOCK_A,345.4,275.1,84.0,0.0,0,0,True
2026-05-31,BLOCK_B,267.3,233.6,78.8,0.0,0,0,True
2026-05-31,BLOCK_C,227.7,119.8,73.7,0.0,1,0,True
2026-06-01,BLOCK_A,338.3,282.4,80.8,0.0,0,0,True
2026-06-01,BLOCK_B,281.3,248.4,88.1,0.0,0,0,True
2026-06-01,BLOCK_C,215.5,185.7,93.8,0.0,0,0,True
2026-06-02,BLOCK_A,344.1,289.4,85.7,0.0,0,0,True
2026-06-02,BLOCK_B,276.8,208.1,74.3,0.0,0,0,True
2026-06-02,BLOCK_C,225.5,173.0,75.6,0.0,0,0,True
2026-06-03,BLOCK_A,332.9,271.4,77.1,0.0,0,0,True
2026-06-03,BLOCK_B,267.0,234.8,83.3,0.0,0,0,True
2026-06-03,BLOCK_C,211.7,188.8,85.8,0.0,0,0,True
2026-06-04,BLOCK_A,338.4,258.4,81.8,0.0,0,0,True
2026-06-04,BLOCK_B,283.8,288.8,96.3,0.0,0,0,True
2026-06-04,BLOCK_C,209.4,164.8,80.4,0.0,0,0,True
2026-06-05,BLOCK_A,346.6,277.8,80.6,0.0,0,0,True
2026-06-05,BLOCK_B,284.4,217.1,81.5,0.0,0,0,True
2026-06-05,BLOCK_C,211.3,190.7,84.9,0.0,0,0,True
2026-06-06,BLOCK_A,349.6,283.0,90.2,0.0,0,0,True
2026-06-06,BLOCK_B,287.2,243.6,79.9,0.0,0,0,True
2026-06-06,BLOCK_C,228.4,173.3,78.5,0.0,0,0,True
2026-06-07,BLOCK_A,345.2,287.1,87.2,0.0,0,0,True
2026-06-07,BLOCK_B,278.3,213.2,78.2,0.0,0,0,True
2026-06-07,BLOCK_C,229.7,134.7,54.7,0.0,0,0,True
2026-06-08,BLOCK_A,346.3,183.0,74.7,0.0,1,0,True
2026-06-08,BLOCK_B,272.6,200.9,74.7,0.0,0,0,True
2026-06-08,BLOCK_C,210.7,209.6,94.7,0.0,0,0,True
2026-06-09,BLOCK_A,348.3,254.0,90.3,0.0,0,1,True
2026-06-09,BLOCK_B,292.3,158.3,77.3,0.0,1,0,True
2026-06-09,BLOCK_C,222.4,206.8,82.9,0.0,0,0,True
2026-06-10,BLOCK_A,317.3,272.2,81.9,0.0,0,0,True
2026-06-10,BLOCK_B,293.9,244.5,88.6,0.0,0,0,True
2026-06-10,BLOCK_C,213.9,192.8,86.5,0.0,0,0,True
2026-06-11,BLOCK_A,349.2,264.0,76.3,0.0,0,0,True
2026-06-11,BLOCK_B,289.9,257.1,86.7,0.0,0,0,True
2026-06-11,BLOCK_C,223.4,188.1,83.6,0.0,0,0,True
2026-06-12,BLOCK_A,317.4,137.0,69.4,59.8,0,0,True
2026-06-12,BLOCK_B,282.9,118.8,60.0,59.8,0,0,True
2026-06-12,BLOCK_C,213.1,66.0,48.5,59.8,1,0,True
2026-06-13,BLOCK_A,348.0,307.5,90.3,0.0,0,0,True
2026-06-13,BLOCK_B,274.1,246.6,86.0,0.0,0,0,True
2026-06-13,BLOCK_C,228.1,150.6,76.6,0.0,0,0,True
2026-06-14,BLOCK_A,328.7,328.5,95.2,0.0,0,0,True
2026-06-14,BLOCK_B,274.5,177.8,66.4,0.0,0,0,True
2026-06-14,BLOCK_C,219.6,185.0,80.3,0.0,0,0,True
2026-06-15,BLOCK_A,331.8,262.9,80.5,0.0,0,0,True
2026-06-15,BLOCK_B,268.0,270.2,93.1,0.0,0,0,True
2026-06-15,BLOCK_C,212.9,195.1,88.1,0.0,0,0,True
2026-06-16,BLOCK_A,327.7,211.3,87.1,0.0,1,0,True
2026-06-16,BLOCK_B,272.1,257.0,92.3,0.0,0,0,True
2026-06-16,BLOCK_C,229.7,208.9,98.0,0.0,0,0,True
2026-06-17,BLOCK_A,333.3,156.2,87.7,24.5,1,0,True
2026-06-17,BLOCK_B,278.2,183.2,93.5,24.5,0,0,True
2026-06-17,BLOCK_C,224.7,86.8,95.7,24.5,1,1,True
2026-06-18,BLOCK_A,324.5,246.3,83.2,10.4,0,0,True
2026-06-18,BLOCK_B,275.0,217.7,93.0,10.4,0,0,True
2026-06-18,BLOCK_C,222.0,157.8,81.1,10.4,0,0,True
2026-06-19,BLOCK_A,327.6,233.8,71.6,0.0,0,0,True
2026-06-19,BLOCK_B,293.9,154.2,70.8,0.0,0,1,True
2026-06-19,BLOCK_C,228.9,200.8,87.6,0.0,0,0,True
2026-06-20,BLOCK_A,325.9,301.7,86.3,0.0,0,0,True
2026-06-20,BLOCK_B,294.0,206.5,72.3,0.0,0,0,True
2026-06-20,BLOCK_C,226.0,182.0,83.0,0.0,0,0,True
2026-06-21,BLOCK_A,325.5,220.0,87.2,19.8,0,0,True
2026-06-21,BLOCK_B,267.9,210.1,98.0,19.8,0,0,True
2026-06-21,BLOCK_C,210.3,146.3,85.3,19.8,0,0,True
2026-06-22,BLOCK_A,341.5,228.7,79.8,9.2,0,0,True
2026-06-22,BLOCK_B,281.5,210.7,77.0,9.2,0,0,True
2026-06-22,BLOCK_C,220.4,176.3,86.6,9.2,0,0,True
2026-06-23,BLOCK_A,331.9,273.1,83.1,2.2,0,0,True
2026-06-23,BLOCK_B,289.8,233.5,88.6,2.2,0,0,True
2026-06-23,BLOCK_C,216.6,169.2,87.0,2.2,0,0,True
2026-06-24,BLOCK_A,339.1,270.7,86.4,5.9,0,0,True
2026-06-24,BLOCK_B,273.1,232.8,90.1,5.9,0,0,True
2026-06-24,BLOCK_C,212.5,194.0,95.7,5.9,0,0,True
2026-06-25,BLOCK_A,341.6,279.1,81.7,0.0,0,0,True
2026-06-25,BLOCK_B,286.0,232.7,78.3,0.0,0,0,True
2026-06-25,BLOCK_C,213.3,161.4,76.6,0.0,0,0,True
2026-06-26,BLOCK_A,318.5,270.7,81.9,0.0,0,0,True
2026-06-26,BLOCK_B,276.9,286.2,95.8,0.0,0,0,True
2026-06-26,BLOCK_C,224.5,184.4,79.1,0.0,0,0,True
2026-06-27,BLOCK_A,321.8,157.4,71.0,11.3,0,1,True
2026-06-27,BLOCK_B,281.5,216.4,86.1,11.3,0,0,True
2026-06-27,BLOCK_C,222.5,111.0,62.8,11.3,0,0,True
2026-06-28,BLOCK_A,342.3,225.5,91.4,7.2,0,1,True
2026-06-28,BLOCK_B,283.8,221.2,85.7,7.2,0,0,True
2026-06-28,BLOCK_C,229.8,117.9,81.3,7.2,1,0,True
2026-06-29,BLOCK_A,330.0,242.2,81.2,10.8,0,0,True
2026-06-29,BLOCK_B,280.0,229.4,95.4,10.8,0,0,True
2026-06-29,BLOCK_C,211.3,145.6,78.1,10.8,0,0,True
2026-06-30,BLOCK_A,348.4,291.9,86.9,0.0,0,0,True
2026-06-30,BLOCK_B,277.6,248.0,90.2,0.0,0,0,True
2026-06-30,BLOCK_C,209.2,132.1,77.6,0.0,1,0,True
2026-07-01,BLOCK_A,339.5,287.4,83.7,0.0,0,0,True
2026-07-01,BLOCK_B,274.5,241.0,81.1,0.0,0,0,True
2026-07-01,BLOCK_C,219.4,210.8,98.0,0.0,0,0,True
2026-07-02,BLOCK_A,346.9,280.9,86.9,0.0,0,0,True
2026-07-02,BLOCK_B,270.2,241.6,84.3,0.0,0,0,True
2026-07-02,BLOCK_C,225.3,187.4,79.1,0.0,0,0,True
2026-07-03,BLOCK_A,318.1,139.1,87.5,23.9,1,0,True
2026-07-03,BLOCK_B,290.3,188.3,92.1,23.9,0,0,True
2026-07-03,BLOCK_C,227.7,112.5,80.1,23.9,0,0,True
2026-07-04,BLOCK_A,336.9,280.1,92.8,6.2,0,0,True
2026-07-04,BLOCK_B,270.1,219.5,76.5,6.2,0,0,True
2026-07-04,BLOCK_C,215.7,161.3,83.9,6.2,0,0,True
2026-07-05,BLOCK_A,320.9,314.8,98.0,0.0,0,0,True
2026-07-05,BLOCK_B,286.4,219.1,77.3,0.0,0,0,True
2026-07-05,BLOCK_C,230.9,213.2,91.8,0.0,0,0,True
2026-07-06,BLOCK_A,342.6,259.5,77.3,0.0,0,0,True
2026-07-06,BLOCK_B,287.7,231.7,85.8,0.0,0,0,True
2026-07-06,BLOCK_C,214.3,127.2,73.8,0.0,1,0,True
2026-07-07,BLOCK_A,347.5,212.6,78.8,19.4,0,0,True
2026-07-07,BLOCK_B,268.1,138.9,69.2,19.4,0,0,True
2026-07-07,BLOCK_C,224.1,145.2,85.6,19.4,0,0,True
2026-07-08,BLOCK_A,344.3,236.6,74.5,0.0,0,0,True
2026-07-08,BLOCK_B,279.9,252.8,82.7,0.0,0,0,True
2026-07-08,BLOCK_C,228.3,191.4,84.3,0.0,0,0,True
2026-07-09,BLOCK_A,320.6,222.3,69.4,0.0,0,0,True
2026-07-09,BLOCK_B,283.8,250.4,90.7,0.0,0,0,True
2026-07-09,BLOCK_C,216.4,187.1,80.2,0.0,0,0,True
2026-07-10,BLOCK_A,332.5,229.4,77.4,6.3,0,0,True
2026-07-10,BLOCK_B,275.0,221.7,83.8,6.3,0,0,True
2026-07-10,BLOCK_C,211.3,188.0,86.7,6.3,0,0,True
2026-07-11,BLOCK_A,344.8,274.0,84.1,0.0,0,0,True
2026-07-11,BLOCK_B,288.6,243.6,90.6,0.0,0,0,True
2026-07-11,BLOCK_C,227.0,183.2,84.1,0.0,0,0,True
2026-07-12,BLOCK_A,320.9,131.4,64.3,30.9,0,0,True
2026-07-12,BLOCK_B,287.2,70.8,66.4,30.9,1,0,True
2026-07-12,BLOCK_C,225.2,68.6,51.9,30.9,0,0,True
2026-07-13,BLOCK_A,334.2,294.6,90.4,0.0,0,0,True
2026-07-13,BLOCK_B,288.0,198.7,72.0,0.0,0,0,True
2026-07-13,BLOCK_C,211.8,159.4,75.7,0.0,0,0,True
2026-07-14,BLOCK_A,338.7,248.2,77.1,0.0,0,0,True
2026-07-14,BLOCK_B,268.1,256.8,89.3,0.0,0,0,True
2026-07-14,BLOCK_C,228.6,201.9,89.5,0.0,0,0,True
2026-07-15,BLOCK_A,333.7,293.4,88.5,0.0,0,0,True
2026-07-15,BLOCK_B,282.4,218.6,76.5,0.0,0,0,True
2026-07-15,BLOCK_C,221.5,172.9,79.9,0.0,0,0,True
2026-07-16,BLOCK_A,318.9,208.8,84.2,17.9,0,0,True
2026-07-16,BLOCK_B,270.0,180.8,75.0,17.9,0,0,True
2026-07-16,BLOCK_C,220.0,161.7,83.3,17.9,0,0,True
2026-07-17,BLOCK_A,337.2,289.2,92.4,0.0,0,0,True
2026-07-17,BLOCK_B,277.5,194.8,83.4,0.0,0,1,True
2026-07-17,BLOCK_C,219.2,131.8,81.5,0.0,1,0,True
2026-07-18,BLOCK_A,331.8,321.9,98.0,0.0,0,0,True
2026-07-18,BLOCK_B,270.3,258.3,96.2,0.0,0,0,True
2026-07-18,BLOCK_C,224.9,164.1,76.0,0.0,0,0,True
2026-07-19,BLOCK_A,348.4,270.5,83.6,0.0,0,0,True
2026-07-19,BLOCK_B,284.0,230.3,77.8,0.0,0,0,True
2026-07-19,BLOCK_C,209.3,167.7,77.4,0.0,0,0,True
2026-07-20,BLOCK_A,344.6,257.1,78.3,0.0,0,0,True
2026-07-20,BLOCK_B,281.4,237.5,86.1,0.0,0,0,True
2026-07-20,BLOCK_C,214.7,159.8,83.9,0.0,0,0,True
2026-07-21,BLOCK_A,324.0,285.0,85.7,0.0,0,0,True
2026-07-21,BLOCK_B,278.6,187.9,63.1,0.0,0,0,True
2026-07-21,BLOCK_C,220.2,142.8,66.1,0.0,0,0,True
2026-07-22,BLOCK_A,340.5,142.5,89.5,29.0,1,0,True
2026-07-22,BLOCK_B,287.6,156.2,90.4,29.0,0,0,True
2026-07-22,BLOCK_C,215.9,116.4,73.7,29.0,0,0,True
2026-07-23,BLOCK_A,330.5,263.2,80.1,0.0,0,0,True
2026-07-23,BLOCK_B,289.8,267.0,96.4,0.0,0,0,True
2026-07-23,BLOCK_C,214.1,153.4,72.0,0.0,0,0,True
2026-07-24,BLOCK_A,319.3,289.0,80.0,0.0,0,0,True
2026-07-24,BLOCK_B,286.3,220.0,76.0,0.0,0,0,True
2026-07-24,BLOCK_C,223.9,168.4,79.5,0.0,0,0,True
2026-07-25,BLOCK_A,329.1,217.6,81.4,0.0,1,0,True
2026-07-25,BLOCK_B,277.8,214.2,77.5,0.0,0,0,True
2026-07-25,BLOCK_C,229.6,172.1,78.6,0.0,0,0,True
2026-07-26,BLOCK_A,322.9,214.5,64.4,0.0,0,0,True
2026-07-26,BLOCK_B,278.8,237.9,78.9,0.0,0,0,True
2026-07-26,BLOCK_C,218.0,191.8,87.2,0.0,0,0,True
2026-07-27,BLOCK_A,346.9,218.6,76.8,11.9,0,0,True
2026-07-27,BLOCK_B,266.6,197.8,86.1,11.9,0,0,True
2026-07-27,BLOCK_C,219.2,157.7,87.5,11.9,0,0,True
2026-07-28,BLOCK_A,345.7,213.3,77.4,14.5,0,0,True
2026-07-28,BLOCK_B,269.7,217.4,87.5,14.5,0,0,True
2026-07-28,BLOCK_C,216.3,162.2,84.4,14.5,0,0,True
2026-07-29,BLOCK_A,330.6,271.9,79.7,0.0,0,0,True
2026-07-29,BLOCK_B,291.8,195.3,98.0,0.0,1,0,True
2026-07-29,BLOCK_C,215.1,173.0,80.9,0.0,0,0,True
2026-07-30,BLOCK_A,330.8,323.1,98.0,0.0,0,0,True
2026-07-30,BLOCK_B,268.8,227.9,81.9,0.0,0,0,True
2026-07-30,BLOCK_C,223.4,156.1,68.8,0.0,0,0,True
2026-07-31,BLOCK_A,321.0,211.8,87.0,21.1,0,0,True
2026-07-31,BLOCK_B,277.7,191.8,95.8,21.1,0,0,True
2026-07-31,BLOCK_C,230.3,140.5,82.2,21.1,0,0,True
2026-08-01,BLOCK_A,318.5,238.5,72.8,0.0,0,0,True
2026-08-01,BLOCK_B,272.5,218.6,74.8,0.0,0,0,True
2026-08-01,BLOCK_C,218.6,132.0,66.9,0.0,0,0,True
2026-08-02,BLOCK_A,337.0,170.2,74.9,0.4,1,0,True
2026-08-02,BLOCK_B,270.3,213.8,76.4,0.4,0,0,True
2026-08-02,BLOCK_C,210.9,196.3,84.3,0.4,0,0,True
2026-08-03,BLOCK_A,319.2,246.2,71.6,0.0,0,0,True
2026-08-03,BLOCK_B,288.0,241.1,87.1,0.0,0,0,True
2026-08-03,BLOCK_C,212.7,149.5,62.0,0.0,0,0,True
2026-08-04,BLOCK_A,324.3,244.6,77.5,0.0,0,0,True
2026-08-04,BLOCK_B,270.1,244.9,88.4,0.0,0,0,True
2026-08-04,BLOCK_C,224.5,210.9,98.0,0.0,0,0,True
2026-08-05,BLOCK_A,343.5,131.2,72.3,28.1,1,0,True
2026-08-05,BLOCK_B,267.8,149.7,82.8,28.1,0,0,True
2026-08-05,BLOCK_C,210.4,112.7,76.4,28.1,0,0,True
2026-08-06,BLOCK_A,333.9,249.7,78.1,0.0,0,0,True
2026-08-06,BLOCK_B,288.9,242.7,89.3,0.0,0,0,True
2026-08-06,BLOCK_C,209.9,166.4,78.3,0.0,0,0,True
2026-08-07,BLOCK_A,325.0,144.3,68.5,38.8,0,0,True
2026-08-07,BLOCK_B,268.2,113.2,67.5,38.8,0,1,True
2026-08-07,BLOCK_C,229.4,91.7,76.3,38.8,1,0,True
2026-08-08,BLOCK_A,341.9,244.4,73.4,0.0,0,0,True
2026-08-08,BLOCK_B,272.0,256.9,85.3,0.0,0,0,True
2026-08-08,BLOCK_C,226.2,187.7,84.1,0.0,0,0,True
2026-08-09,BLOCK_A,339.7,114.0,76.6,65.9,1,0,True
2026-08-09,BLOCK_B,280.2,71.8,55.3,65.9,1,0,True
2026-08-09,BLOCK_C,227.9,88.6,61.6,65.9,1,0,True
2026-08-10,BLOCK_A,338.0,158.7,72.8,7.1,1,0,True
2026-08-10,BLOCK_B,269.1,145.9,76.8,7.1,0,1,True
2026-08-10,BLOCK_C,223.1,181.3,86.1,7.1,0,0,True
2026-08-11,BLOCK_A,331.1,200.1,72.4,10.9,0,0,True
2026-08-11,BLOCK_B,270.6,157.9,71.4,10.9,0,0,True
2026-08-11,BLOCK_C,217.9,156.3,83.5,10.9,0,0,True
2026-08-12,BLOCK_A,328.1,234.1,79.9,7.1,0,0,True
2026-08-12,BLOCK_B,273.5,220.3,85.8,7.1,0,0,True
2026-08-12,BLOCK_C,229.1,142.8,78.3,7.1,0,0,True
2026-08-13,BLOCK_A,341.7,196.0,66.6,11.3,0,0,True
2026-08-13,BLOCK_B,285.5,150.8,66.5,11.3,0,1,True
2026-08-13,BLOCK_C,209.1,165.6,84.1,11.3,0,0,True
2026-08-14,BLOCK_A,345.6,217.9,72.7,10.0,0,0,True
2026-08-14,BLOCK_B,278.1,190.8,76.3,10.0,0,0,True
2026-08-14,BLOCK_C,213.5,107.1,66.2,10.0,0,0,True
2026-08-15,BLOCK_A,328.8,219.0,69.1,11.8,0,0,True
2026-08-15,BLOCK_B,281.1,191.5,77.0,11.8,0,0,True
2026-08-15,BLOCK_C,217.1,150.6,83.5,11.8,0,0,True
2026-08-16,BLOCK_A,317.4,248.6,77.8,5.8,0,0,True
2026-08-16,BLOCK_B,279.2,225.1,87.6,5.8,0,0,True
2026-08-16,BLOCK_C,221.9,191.4,93.3,5.8,0,0,True
2026-08-17,BLOCK_A,334.2,248.7,71.6,0.0,0,0,True
2026-08-17,BLOCK_B,280.5,186.3,85.7,0.0,0,1,True
2026-08-17,BLOCK_C,226.2,188.2,98.0,0.0,0,0,True
2026-08-18,BLOCK_A,345.7,100.0,66.4,11.7,1,1,True
2026-08-18,BLOCK_B,273.7,192.7,82.7,11.7,0,0,True
2026-08-18,BLOCK_C,217.2,146.2,84.7,11.7,0,0,True
2026-08-19,BLOCK_A,342.5,194.5,73.5,0.0,0,1,True
2026-08-19,BLOCK_B,273.9,230.7,81.8,0.0,0,0,True
2026-08-19,BLOCK_C,219.7,175.0,82.9,0.0,0,0,True
2026-08-20,BLOCK_A,322.7,177.0,75.6,18.6,0,0,True
2026-08-20,BLOCK_B,277.1,170.6,81.4,18.6,0,0,True
2026-08-20,BLOCK_C,216.1,153.9,93.3,18.6,0,0,True
2026-08-21,BLOCK_A,343.2,224.0,70.2,0.0,0,0,True
2026-08-21,BLOCK_B,270.1,227.7,77.2,0.0,0,0,True
2026-08-21,BLOCK_C,213.0,185.9,85.3,0.0,0,0,True
2026-08-22,BLOCK_A,324.5,216.4,68.2,1.1,0,0,True
2026-08-22,BLOCK_B,285.2,232.4,80.4,1.1,0,0,True
2026-08-22,BLOCK_C,213.3,182.0,91.2,1.1,0,0,True
2026-08-23,BLOCK_A,328.2,117.9,63.6,21.7,1,0,True
2026-08-23,BLOCK_B,272.6,172.6,89.2,21.7,0,0,True
2026-08-23,BLOCK_C,220.7,111.5,81.7,21.7,1,0,True
2026-08-24,BLOCK_A,327.5,130.6,67.4,31.1,0,0,True
2026-08-24,BLOCK_B,274.6,88.8,43.5,31.1,0,0,True
2026-08-24,BLOCK_C,215.8,66.8,56.1,31.1,0,0,True
2026-08-25,BLOCK_A,328.1,83.6,66.3,52.7,1,1,True
2026-08-25,BLOCK_B,267.0,100.2,59.0,52.7,0,0,True
2026-08-25,BLOCK_C,219.1,79.4,66.4,52.7,1,0,True
2026-08-26,BLOCK_A,330.6,194.8,73.6,0.0,0,1,True
2026-08-26,BLOCK_B,275.0,197.7,74.5,0.0,0,0,True
2026-08-26,BLOCK_C,216.3,166.8,74.6,0.0,0,0,True
2026-08-27,BLOCK_A,344.1,168.2,78.7,53.1,0,0,True
2026-08-27,BLOCK_B,268.5,70.1,55.6,53.1,1,0,True
2026-08-27,BLOCK_C,224.9,82.8,70.8,53.1,1,0,True
2026-08-28,BLOCK_A,339.4,222.5,67.8,0.0,0,0,True
2026-08-28,BLOCK_B,282.8,253.8,92.3,0.0,0,0,True
2026-08-28,BLOCK_C,215.8,161.0,79.0,0.0,0,0,True
2026-08-29,BLOCK_A,349.6,235.3,73.0,0.0,0,0,True
2026-08-29,BLOCK_B,280.7,211.0,79.7,0.0,0,0,True
2026-08-29,BLOCK_C,212.9,175.9,76.5,0.0,0,0,True
2026-08-30,BLOCK_A,317.3,207.0,61.2,0.0,0,0,True
2026-08-30,BLOCK_B,273.1,221.5,80.0,0.0,0,0,True
2026-08-30,BLOCK_C,215.4,181.2,82.7,0.0,0,0,True
2026-08-31,BLOCK_A,343.2,165.4,72.6,5.8,1,0,True
2026-08-31,BLOCK_B,287.9,251.2,95.5,5.8,0,0,True
2026-08-31,BLOCK_C,219.5,199.6,85.5,5.8,0,0,True
