event_id,equipment_id,equipment_model,mine_block_id,event_type,start_time,end_time,duration_hours,cause_code,description,synthetic
EVT-1001,EXC-01,Excavator 120T,BLOCK_A,downtime,2025-01-08 15:30:07,2025-01-08 20:06:07,4.6,BLAST_VIBRATION_CHECK,Safety inspection after bench blast,True
EVT-1002,EXC-01,Excavator 120T,BLOCK_A,downtime,2025-01-16 17:53:10,2025-01-17 10:35:10,16.7,ENGINE_OVERHEAT,Coolant pump failure during high ambient temp,True
EVT-1003,EXC-01,Excavator 120T,BLOCK_A,downtime,2025-01-21 16:30:46,2025-01-21 19:18:46,2.8,HYDRAULIC_LEAK,Hydraulic seal rupture on main boom,True
EVT-1004,EXC-01,Excavator 120T,BLOCK_A,maintenance,2025-01-27 16:22:48,2025-01-27 21:58:48,5.6,SCHEDULED_PM,250-hour routine preventive maintenance inspection,True
EVT-1005,EXC-01,Excavator 120T,BLOCK_A,downtime,2025-02-03 05:59:43,2025-02-03 09:47:43,3.8,ELECTRICAL_FAULT,Alternator circuit grounding issue,True
EVT-1006,EXC-01,Excavator 120T,BLOCK_A,downtime,2025-02-07 12:39:47,2025-02-07 17:21:47,4.7,HYDRAULIC_LEAK,Hydraulic seal rupture on main boom,True
EVT-1007,EXC-01,Excavator 120T,BLOCK_A,downtime,2025-02-11 18:02:36,2025-02-11 21:56:36,3.9,SCHEDULED_PM,250-hour routine preventive maintenance inspection,True
EVT-1008,EXC-01,Excavator 120T,BLOCK_A,maintenance,2025-02-28 09:51:05,2025-02-28 11:21:05,1.5,SCHEDULED_PM,250-hour routine preventive maintenance inspection,True
EVT-1009,EXC-01,Excavator 120T,BLOCK_A,downtime,2025-03-08 09:39:09,2025-03-08 14:57:09,5.3,BLAST_VIBRATION_CHECK,Safety inspection after bench blast,True
EVT-1010,EXC-01,Excavator 120T,BLOCK_A,maintenance,2025-03-13 04:11:18,2025-03-13 07:23:18,3.2,ELECTRICAL_FAULT,Alternator circuit grounding issue,True
EVT-1011,EXC-01,Excavator 120T,BLOCK_A,downtime,2025-03-29 13:48:28,2025-03-29 21:36:28,7.8,SCHEDULED_PM,250-hour routine preventive maintenance inspection,True
EVT-1012,EXC-01,Excavator 120T,BLOCK_A,downtime,2025-04-06 07:12:55,2025-04-06 16:48:55,9.6,TIRE_WEAR,Severe tire gouging from jagged gondite boulders,True
EVT-1013,EXC-01,Excavator 120T,BLOCK_A,downtime,2025-04-14 14:27:31,2025-04-14 17:09:31,2.7,TIRE_WEAR,Severe tire gouging from jagged gondite boulders,True
EVT-1014,EXC-01,Excavator 120T,BLOCK_A,downtime,2025-04-18 13:26:47,2025-04-18 15:26:47,2.0,ELECTRICAL_FAULT,Alternator circuit grounding issue,True
EVT-1015,EXC-01,Excavator 120T,BLOCK_A,downtime,2025-04-26 02:58:39,2025-04-26 05:46:39,2.8,ENGINE_OVERHEAT,Coolant pump failure during high ambient temp,True
EVT-1016,EXC-01,Excavator 120T,BLOCK_A,downtime,2025-05-01 08:54:42,2025-05-01 11:24:42,2.5,TIRE_WEAR,Severe tire gouging from jagged gondite boulders,True
EVT-1017,EXC-01,Excavator 120T,BLOCK_A,downtime,2025-05-07 03:22:57,2025-05-07 06:22:57,3.0,HYDRAULIC_LEAK,Hydraulic seal rupture on main boom,True
EVT-1018,EXC-01,Excavator 120T,BLOCK_A,downtime,2025-05-11 02:56:41,2025-05-11 07:02:41,4.1,TRACK_DAMAGE,Track shoe displacement on haulage floor,True
EVT-1019,EXC-01,Excavator 120T,BLOCK_A,repair,2025-05-16 16:48:00,2025-05-17 00:12:00,7.4,SCHEDULED_PM,250-hour routine preventive maintenance inspection,True
EVT-1020,EXC-01,Excavator 120T,BLOCK_A,downtime,2025-05-21 04:23:54,2025-05-21 14:53:54,10.5,HYDRAULIC_LEAK,Hydraulic seal rupture on main boom,True
EVT-1021,EXC-01,Excavator 120T,BLOCK_A,maintenance,2025-05-27 18:42:34,2025-05-28 03:06:34,8.4,SCHEDULED_PM,250-hour routine preventive maintenance inspection,True
EVT-1022,EXC-01,Excavator 120T,BLOCK_A,downtime,2025-05-30 11:47:23,2025-05-31 02:23:23,14.6,ELECTRICAL_FAULT,Alternator circuit grounding issue,True
EVT-1023,EXC-01,Excavator 120T,BLOCK_A,downtime,2025-06-06 02:40:36,2025-06-06 04:52:36,2.2,TRACK_DAMAGE,Track shoe displacement on haulage floor,True
EVT-1024,EXC-01,Excavator 120T,BLOCK_A,repair,2025-06-11 03:29:30,2025-06-11 07:47:30,4.3,SCHEDULED_PM,250-hour routine preventive maintenance inspection,True
EVT-1025,EXC-01,Excavator 120T,BLOCK_A,repair,2025-06-21 07:03:32,2025-06-21 09:51:32,2.8,TRACK_DAMAGE,Track shoe displacement on haulage floor,True
EVT-1026,EXC-01,Excavator 120T,BLOCK_A,maintenance,2025-06-23 02:35:28,2025-06-23 10:41:28,8.1,BLAST_VIBRATION_CHECK,Safety inspection after bench blast,True
EVT-1027,EXC-01,Excavator 120T,BLOCK_A,downtime,2025-06-27 11:59:18,2025-06-27 17:05:18,5.1,BLAST_VIBRATION_CHECK,Safety inspection after bench blast,True
EVT-1028,EXC-01,Excavator 120T,BLOCK_A,downtime,2025-07-01 10:57:46,2025-07-01 13:51:46,2.9,TRACK_DAMAGE,Track shoe displacement on haulage floor,True
EVT-1029,EXC-01,Excavator 120T,BLOCK_A,repair,2025-07-05 09:39:26,2025-07-05 17:03:26,7.4,TIRE_WEAR,Severe tire gouging from jagged gondite boulders,True
EVT-1030,EXC-01,Excavator 120T,BLOCK_A,downtime,2025-07-11 02:50:13,2025-07-11 10:50:13,8.0,HYDRAULIC_LEAK,Hydraulic seal rupture on main boom,True
EVT-1031,EXC-01,Excavator 120T,BLOCK_A,downtime,2025-07-18 23:33:55,2025-07-19 03:21:55,3.8,ELECTRICAL_FAULT,Alternator circuit grounding issue,True
EVT-1032,EXC-01,Excavator 120T,BLOCK_A,maintenance,2025-07-24 18:43:23,2025-07-25 01:13:23,6.5,TRACK_DAMAGE,Track shoe displacement on haulage floor,True
EVT-1033,EXC-01,Excavator 120T,BLOCK_A,downtime,2025-07-28 02:31:28,2025-07-28 07:07:28,4.6,TRACK_DAMAGE,Track shoe displacement on haulage floor,True
EVT-1034,EXC-01,Excavator 120T,BLOCK_A,downtime,2025-08-01 06:19:28,2025-08-01 10:01:28,3.7,TRACK_DAMAGE,Track shoe displacement on haulage floor,True
EVT-1035,EXC-01,Excavator 120T,BLOCK_A,maintenance,2025-08-07 04:24:45,2025-08-07 08:12:45,3.8,BLAST_VIBRATION_CHECK,Safety inspection after bench blast,True
EVT-1036,EXC-01,Excavator 120T,BLOCK_A,maintenance,2025-08-09 14:50:18,2025-08-09 17:56:18,3.1,SCHEDULED_PM,250-hour routine preventive maintenance inspection,True
EVT-1037,EXC-01,Excavator 120T,BLOCK_A,maintenance,2025-08-12 03:23:29,2025-08-12 08:29:29,5.1,SCHEDULED_PM,250-hour routine preventive maintenance inspection,True
EVT-1038,EXC-01,Excavator 120T,BLOCK_A,maintenance,2025-08-18 15:55:54,2025-08-18 20:13:54,4.3,ENGINE_OVERHEAT,Coolant pump failure during high ambient temp,True
EVT-1039,EXC-01,Excavator 120T,BLOCK_A,maintenance,2025-08-24 01:44:05,2025-08-24 07:56:05,6.2,TRACK_DAMAGE,Track shoe displacement on haulage floor,True
EVT-1040,EXC-01,Excavator 120T,BLOCK_A,repair,2025-09-12 16:33:48,2025-09-12 17:45:48,1.2,BLAST_VIBRATION_CHECK,Safety inspection after bench blast,True
EVT-1041,EXC-01,Excavator 120T,BLOCK_A,maintenance,2025-09-18 05:06:36,2025-09-18 11:24:36,6.3,ENGINE_OVERHEAT,Coolant pump failure during high ambient temp,True
EVT-1042,EXC-01,Excavator 120T,BLOCK_A,maintenance,2025-09-22 07:51:14,2025-09-22 08:51:14,1.0,TIRE_WEAR,Severe tire gouging from jagged gondite boulders,True
EVT-1043,EXC-01,Excavator 120T,BLOCK_A,maintenance,2025-09-26 21:11:26,2025-09-27 03:29:26,6.3,HYDRAULIC_LEAK,Hydraulic seal rupture on main boom,True
EVT-1044,EXC-01,Excavator 120T,BLOCK_A,downtime,2025-09-30 16:14:43,2025-09-30 20:56:43,4.7,HYDRAULIC_LEAK,Hydraulic seal rupture on main boom,True
EVT-1045,EXC-01,Excavator 120T,BLOCK_A,repair,2025-10-03 06:29:54,2025-10-03 07:53:54,1.4,ELECTRICAL_FAULT,Alternator circuit grounding issue,True
EVT-1046,EXC-01,Excavator 120T,BLOCK_A,downtime,2025-10-06 19:04:54,2025-10-06 23:46:54,4.7,ENGINE_OVERHEAT,Coolant pump failure during high ambient temp,True
EVT-1047,EXC-01,Excavator 120T,BLOCK_A,repair,2025-10-09 10:59:30,2025-10-09 17:35:30,6.6,SCHEDULED_PM,250-hour routine preventive maintenance inspection,True
EVT-1048,EXC-01,Excavator 120T,BLOCK_A,repair,2025-10-18 01:06:01,2025-10-18 05:42:01,4.6,TRACK_DAMAGE,Track shoe displacement on haulage floor,True
EVT-1049,EXC-01,Excavator 120T,BLOCK_A,downtime,2025-10-27 05:31:27,2025-10-27 09:49:27,4.3,ELECTRICAL_FAULT,Alternator circuit grounding issue,True
EVT-1050,EXC-01,Excavator 120T,BLOCK_A,downtime,2025-11-04 06:28:24,2025-11-04 09:58:24,3.5,BLAST_VIBRATION_CHECK,Safety inspection after bench blast,True
EVT-1051,EXC-01,Excavator 120T,BLOCK_A,maintenance,2025-11-13 02:52:50,2025-11-13 07:58:50,5.1,TRACK_DAMAGE,Track shoe displacement on haulage floor,True
EVT-1052,EXC-01,Excavator 120T,BLOCK_A,downtime,2025-11-16 15:07:22,2025-11-16 21:01:22,5.9,BLAST_VIBRATION_CHECK,Safety inspection after bench blast,True
EVT-1053,EXC-01,Excavator 120T,BLOCK_A,maintenance,2025-11-23 08:08:56,2025-11-23 12:14:56,4.1,TRACK_DAMAGE,Track shoe displacement on haulage floor,True
EVT-1054,EXC-01,Excavator 120T,BLOCK_A,maintenance,2025-12-07 17:16:46,2025-12-07 21:40:46,4.4,ELECTRICAL_FAULT,Alternator circuit grounding issue,True
EVT-1055,EXC-01,Excavator 120T,BLOCK_A,repair,2025-12-10 08:33:17,2025-12-10 11:09:17,2.6,ELECTRICAL_FAULT,Alternator circuit grounding issue,True
EVT-1056,EXC-01,Excavator 120T,BLOCK_A,downtime,2025-12-18 02:41:38,2025-12-18 10:17:38,7.6,ENGINE_OVERHEAT,Coolant pump failure during high ambient temp,True
EVT-1057,EXC-01,Excavator 120T,BLOCK_A,maintenance,2025-12-21 23:49:57,2025-12-22 02:31:57,2.7,HYDRAULIC_LEAK,Hydraulic seal rupture on main boom,True
EVT-1058,EXC-01,Excavator 120T,BLOCK_A,maintenance,2026-01-01 13:24:08,2026-01-01 18:42:08,5.3,TIRE_WEAR,Severe tire gouging from jagged gondite boulders,True
EVT-1059,EXC-01,Excavator 120T,BLOCK_A,downtime,2026-01-04 19:15:43,2026-01-04 23:33:43,4.3,BLAST_VIBRATION_CHECK,Safety inspection after bench blast,True
EVT-1060,EXC-01,Excavator 120T,BLOCK_A,downtime,2026-01-07 21:51:12,2026-01-08 00:33:12,2.7,BLAST_VIBRATION_CHECK,Safety inspection after bench blast,True
EVT-1061,EXC-01,Excavator 120T,BLOCK_A,downtime,2026-01-16 14:44:19,2026-01-16 23:20:19,8.6,HYDRAULIC_LEAK,Hydraulic seal rupture on main boom,True
EVT-1062,EXC-01,Excavator 120T,BLOCK_A,downtime,2026-01-20 20:52:44,2026-01-20 22:28:44,1.6,SCHEDULED_PM,250-hour routine preventive maintenance inspection,True
EVT-1063,EXC-01,Excavator 120T,BLOCK_A,repair,2026-01-26 23:00:57,2026-01-27 02:48:57,3.8,SCHEDULED_PM,250-hour routine preventive maintenance inspection,True
EVT-1064,EXC-01,Excavator 120T,BLOCK_A,downtime,2026-02-05 08:41:04,2026-02-05 13:23:04,4.7,SCHEDULED_PM,250-hour routine preventive maintenance inspection,True
EVT-1065,EXC-01,Excavator 120T,BLOCK_A,repair,2026-02-17 23:32:37,2026-02-18 11:14:37,11.7,HYDRAULIC_LEAK,Hydraulic seal rupture on main boom,True
EVT-1066,EXC-01,Excavator 120T,BLOCK_A,maintenance,2026-02-22 22:09:03,2026-02-23 04:33:03,6.4,HYDRAULIC_LEAK,Hydraulic seal rupture on main boom,True
EVT-1067,EXC-01,Excavator 120T,BLOCK_A,maintenance,2026-03-02 17:57:24,2026-03-02 19:57:24,2.0,SCHEDULED_PM,250-hour routine preventive maintenance inspection,True
EVT-1068,EXC-01,Excavator 120T,BLOCK_A,maintenance,2026-03-05 01:27:06,2026-03-05 03:09:06,1.7,TIRE_WEAR,Severe tire gouging from jagged gondite boulders,True
EVT-1069,EXC-01,Excavator 120T,BLOCK_A,maintenance,2026-03-14 02:12:12,2026-03-14 12:24:12,10.2,HYDRAULIC_LEAK,Hydraulic seal rupture on main boom,True
EVT-1070,EXC-01,Excavator 120T,BLOCK_A,downtime,2026-03-24 07:46:58,2026-03-24 17:40:58,9.9,ENGINE_OVERHEAT,Coolant pump failure during high ambient temp,True
EVT-1071,EXC-01,Excavator 120T,BLOCK_A,maintenance,2026-03-29 01:33:06,2026-03-29 08:27:06,6.9,BLAST_VIBRATION_CHECK,Safety inspection after bench blast,True
EVT-1072,EXC-01,Excavator 120T,BLOCK_A,repair,2026-04-04 11:39:49,2026-04-04 14:39:49,3.0,TRACK_DAMAGE,Track shoe displacement on haulage floor,True
EVT-1073,EXC-01,Excavator 120T,BLOCK_A,repair,2026-04-11 13:47:31,2026-04-11 16:47:31,3.0,TIRE_WEAR,Severe tire gouging from jagged gondite boulders,True
EVT-1074,EXC-01,Excavator 120T,BLOCK_A,downtime,2026-04-24 22:53:47,2026-04-25 00:41:47,1.8,HYDRAULIC_LEAK,Hydraulic seal rupture on main boom,True
EVT-1075,EXC-01,Excavator 120T,BLOCK_A,repair,2026-05-02 18:15:44,2026-05-03 01:45:44,7.5,TRACK_DAMAGE,Track shoe displacement on haulage floor,True
EVT-1076,EXC-01,Excavator 120T,BLOCK_A,repair,2026-05-10 16:00:48,2026-05-10 18:18:48,2.3,SCHEDULED_PM,250-hour routine preventive maintenance inspection,True
EVT-1077,EXC-01,Excavator 120T,BLOCK_A,maintenance,2026-05-18 10:54:20,2026-05-18 16:18:20,5.4,ENGINE_OVERHEAT,Coolant pump failure during high ambient temp,True
EVT-1078,EXC-01,Excavator 120T,BLOCK_A,downtime,2026-05-24 12:31:11,2026-05-24 17:07:11,4.6,ENGINE_OVERHEAT,Coolant pump failure during high ambient temp,True
EVT-1079,EXC-01,Excavator 120T,BLOCK_A,maintenance,2026-06-10 03:40:32,2026-06-10 07:16:32,3.6,TIRE_WEAR,Severe tire gouging from jagged gondite boulders,True
EVT-1080,EXC-01,Excavator 120T,BLOCK_A,repair,2026-06-15 11:26:18,2026-06-15 14:38:18,3.2,HYDRAULIC_LEAK,Hydraulic seal rupture on main boom,True
EVT-1081,EXC-01,Excavator 120T,BLOCK_A,maintenance,2026-06-20 03:32:21,2026-06-20 09:02:21,5.5,ELECTRICAL_FAULT,Alternator circuit grounding issue,True
EVT-1082,EXC-01,Excavator 120T,BLOCK_A,downtime,2026-06-27 10:50:12,2026-06-27 21:14:12,10.4,TRACK_DAMAGE,Track shoe displacement on haulage floor,True
EVT-1083,EXC-01,Excavator 120T,BLOCK_A,repair,2026-07-05 09:13:29,2026-07-05 15:07:29,5.9,TIRE_WEAR,Severe tire gouging from jagged gondite boulders,True
EVT-1084,EXC-01,Excavator 120T,BLOCK_A,repair,2026-07-12 22:04:14,2026-07-13 02:16:14,4.2,ENGINE_OVERHEAT,Coolant pump failure during high ambient temp,True
EVT-1085,EXC-01,Excavator 120T,BLOCK_A,downtime,2026-07-17 05:11:54,2026-07-17 12:41:54,7.5,SCHEDULED_PM,250-hour routine preventive maintenance inspection,True
EVT-1086,EXC-01,Excavator 120T,BLOCK_A,repair,2026-07-21 01:44:22,2026-07-21 13:14:22,11.5,HYDRAULIC_LEAK,Hydraulic seal rupture on main boom,True
EVT-1087,EXC-01,Excavator 120T,BLOCK_A,maintenance,2026-07-23 17:16:02,2026-07-23 20:10:02,2.9,TIRE_WEAR,Severe tire gouging from jagged gondite boulders,True
EVT-1088,EXC-01,Excavator 120T,BLOCK_A,downtime,2026-07-27 01:26:57,2026-07-27 06:26:57,5.0,TIRE_WEAR,Severe tire gouging from jagged gondite boulders,True
EVT-1089,EXC-01,Excavator 120T,BLOCK_A,maintenance,2026-07-31 13:03:09,2026-07-31 15:39:09,2.6,ENGINE_OVERHEAT,Coolant pump failure during high ambient temp,True
EVT-1090,EXC-01,Excavator 120T,BLOCK_A,downtime,2026-08-04 05:42:53,2026-08-04 16:24:53,10.7,ELECTRICAL_FAULT,Alternator circuit grounding issue,True
EVT-1091,EXC-01,Excavator 120T,BLOCK_A,repair,2026-08-09 17:04:42,2026-08-09 23:10:42,6.1,ENGINE_OVERHEAT,Coolant pump failure during high ambient temp,True
EVT-1092,EXC-01,Excavator 120T,BLOCK_A,downtime,2026-08-17 02:37:31,2026-08-17 07:13:31,4.6,TIRE_WEAR,Severe tire gouging from jagged gondite boulders,True
EVT-1093,EXC-01,Excavator 120T,BLOCK_A,maintenance,2026-08-20 01:25:57,2026-08-20 05:01:57,3.6,ENGINE_OVERHEAT,Coolant pump failure during high ambient temp,True
EVT-1094,EXC-02,Excavator 85T,BLOCK_A,maintenance,2025-01-13 21:45:33,2025-01-14 02:27:33,4.7,BLAST_VIBRATION_CHECK,Safety inspection after bench blast,True
EVT-1095,EXC-02,Excavator 85T,BLOCK_A,downtime,2025-01-20 17:39:41,2025-01-20 23:09:41,5.5,TRACK_DAMAGE,Track shoe displacement on haulage floor,True
EVT-1096,EXC-02,Excavator 85T,BLOCK_A,downtime,2025-01-27 13:41:00,2025-01-27 16:47:00,3.1,BLAST_VIBRATION_CHECK,Safety inspection after bench blast,True
EVT-1097,EXC-02,Excavator 85T,BLOCK_A,maintenance,2025-02-04 09:34:51,2025-02-04 10:40:51,1.1,ELECTRICAL_FAULT,Alternator circuit grounding issue,True
EVT-1098,EXC-02,Excavator 85T,BLOCK_A,repair,2025-02-17 00:37:59,2025-02-17 09:07:59,8.5,ELECTRICAL_FAULT,Alternator circuit grounding issue,True
EVT-1099,EXC-02,Excavator 85T,BLOCK_A,downtime,2025-02-28 03:23:09,2025-02-28 08:41:09,5.3,ENGINE_OVERHEAT,Coolant pump failure during high ambient temp,True
EVT-1100,EXC-02,Excavator 85T,BLOCK_A,downtime,2025-03-06 23:10:40,2025-03-07 08:46:40,9.6,HYDRAULIC_LEAK,Hydraulic seal rupture on main boom,True
EVT-1101,EXC-02,Excavator 85T,BLOCK_A,maintenance,2025-03-13 08:10:03,2025-03-13 10:10:03,2.0,ENGINE_OVERHEAT,Coolant pump failure during high ambient temp,True
EVT-1102,EXC-02,Excavator 85T,BLOCK_A,maintenance,2025-03-16 02:49:53,2025-03-16 07:37:53,4.8,HYDRAULIC_LEAK,Hydraulic seal rupture on main boom,True
EVT-1103,EXC-02,Excavator 85T,BLOCK_A,downtime,2025-03-26 16:08:48,2025-03-26 20:02:48,3.9,BLAST_VIBRATION_CHECK,Safety inspection after bench blast,True
EVT-1104,EXC-02,Excavator 85T,BLOCK_A,downtime,2025-04-03 16:06:40,2025-04-04 04:42:40,12.6,HYDRAULIC_LEAK,Hydraulic seal rupture on main boom,True
EVT-1105,EXC-02,Excavator 85T,BLOCK_A,repair,2025-04-10 00:45:35,2025-04-10 07:03:35,6.3,TIRE_WEAR,Severe tire gouging from jagged gondite boulders,True
EVT-1106,EXC-02,Excavator 85T,BLOCK_A,downtime,2025-04-13 02:32:03,2025-04-13 06:50:03,4.3,SCHEDULED_PM,250-hour routine preventive maintenance inspection,True
EVT-1107,EXC-02,Excavator 85T,BLOCK_A,downtime,2025-04-21 07:05:23,2025-04-21 13:11:23,6.1,BLAST_VIBRATION_CHECK,Safety inspection after bench blast,True
EVT-1108,EXC-02,Excavator 85T,BLOCK_A,maintenance,2025-04-28 06:20:40,2025-04-28 09:44:40,3.4,SCHEDULED_PM,250-hour routine preventive maintenance inspection,True
EVT-1109,EXC-02,Excavator 85T,BLOCK_A,downtime,2025-05-13 19:16:15,2025-05-14 00:52:15,5.6,SCHEDULED_PM,250-hour routine preventive maintenance inspection,True
EVT-1110,EXC-02,Excavator 85T,BLOCK_A,maintenance,2025-05-22 20:44:50,2025-05-23 15:08:50,18.4,ENGINE_OVERHEAT,Coolant pump failure during high ambient temp,True
EVT-1111,EXC-02,Excavator 85T,BLOCK_A,maintenance,2025-05-26 14:46:00,2025-05-26 17:58:00,3.2,TIRE_WEAR,Severe tire gouging from jagged gondite boulders,True
EVT-1112,EXC-02,Excavator 85T,BLOCK_A,downtime,2025-06-02 17:27:00,2025-06-02 22:09:00,4.7,HYDRAULIC_LEAK,Hydraulic seal rupture on main boom,True
EVT-1113,EXC-02,Excavator 85T,BLOCK_A,downtime,2025-06-09 19:56:17,2025-06-09 22:44:17,2.8,ELECTRICAL_FAULT,Alternator circuit grounding issue,True
EVT-1114,EXC-02,Excavator 85T,BLOCK_A,downtime,2025-06-20 22:45:08,2025-06-21 01:21:08,2.6,ELECTRICAL_FAULT,Alternator circuit grounding issue,True
EVT-1115,EXC-02,Excavator 85T,BLOCK_A,maintenance,2025-07-02 08:51:45,2025-07-02 16:15:45,7.4,BLAST_VIBRATION_CHECK,Safety inspection after bench blast,True
EVT-1116,EXC-02,Excavator 85T,BLOCK_A,downtime,2025-07-09 18:35:47,2025-07-09 20:53:47,2.3,BLAST_VIBRATION_CHECK,Safety inspection after bench blast,True
EVT-1117,EXC-02,Excavator 85T,BLOCK_A,repair,2025-07-20 12:47:30,2025-07-20 18:23:30,5.6,HYDRAULIC_LEAK,Hydraulic seal rupture on main boom,True
EVT-1118,EXC-02,Excavator 85T,BLOCK_A,downtime,2025-08-02 06:40:30,2025-08-02 13:46:30,7.1,BLAST_VIBRATION_CHECK,Safety inspection after bench blast,True
EVT-1119,EXC-02,Excavator 85T,BLOCK_A,downtime,2025-08-08 21:59:02,2025-08-09 01:29:02,3.5,TIRE_WEAR,Severe tire gouging from jagged gondite boulders,True
EVT-1120,EXC-02,Excavator 85T,BLOCK_A,downtime,2025-08-12 15:00:44,2025-08-13 00:24:44,9.4,ENGINE_OVERHEAT,Coolant pump failure during high ambient temp,True
EVT-1121,EXC-02,Excavator 85T,BLOCK_A,downtime,2025-08-17 16:01:00,2025-08-18 00:49:00,8.8,ELECTRICAL_FAULT,Alternator circuit grounding issue,True
EVT-1122,EXC-02,Excavator 85T,BLOCK_A,downtime,2025-08-19 22:42:49,2025-08-20 02:12:49,3.5,ENGINE_OVERHEAT,Coolant pump failure during high ambient temp,True
EVT-1123,EXC-02,Excavator 85T,BLOCK_A,downtime,2025-08-23 16:34:19,2025-08-23 18:40:19,2.1,ENGINE_OVERHEAT,Coolant pump failure during high ambient temp,True
EVT-1124,EXC-02,Excavator 85T,BLOCK_A,repair,2025-08-27 14:54:47,2025-08-27 20:48:47,5.9,HYDRAULIC_LEAK,Hydraulic seal rupture on main boom,True
EVT-1125,EXC-02,Excavator 85T,BLOCK_A,downtime,2025-09-06 01:06:59,2025-09-06 05:18:59,4.2,TIRE_WEAR,Severe tire gouging from jagged gondite boulders,True
EVT-1126,EXC-02,Excavator 85T,BLOCK_A,repair,2025-09-11 03:30:23,2025-09-11 08:24:23,4.9,HYDRAULIC_LEAK,Hydraulic seal rupture on main boom,True
EVT-1127,EXC-02,Excavator 85T,BLOCK_A,downtime,2025-09-17 09:44:27,2025-09-17 15:32:27,5.8,SCHEDULED_PM,250-hour routine preventive maintenance inspection,True
EVT-1128,EXC-02,Excavator 85T,BLOCK_A,repair,2025-09-23 19:30:06,2025-09-23 21:24:06,1.9,HYDRAULIC_LEAK,Hydraulic seal rupture on main boom,True
EVT-1129,EXC-02,Excavator 85T,BLOCK_A,repair,2025-09-29 08:54:07,2025-09-29 12:18:07,3.4,TIRE_WEAR,Severe tire gouging from jagged gondite boulders,True
EVT-1130,EXC-02,Excavator 85T,BLOCK_A,downtime,2025-10-06 04:43:31,2025-10-06 16:25:31,11.7,ELECTRICAL_FAULT,Alternator circuit grounding issue,True
EVT-1131,EXC-02,Excavator 85T,BLOCK_A,maintenance,2025-10-11 22:23:20,2025-10-12 03:23:20,5.0,ENGINE_OVERHEAT,Coolant pump failure during high ambient temp,True
EVT-1132,EXC-02,Excavator 85T,BLOCK_A,repair,2025-10-20 17:26:14,2025-10-20 23:32:14,6.1,HYDRAULIC_LEAK,Hydraulic seal rupture on main boom,True
EVT-1133,EXC-02,Excavator 85T,BLOCK_A,downtime,2025-10-26 10:46:09,2025-10-26 15:28:09,4.7,HYDRAULIC_LEAK,Hydraulic seal rupture on main boom,True
EVT-1134,EXC-02,Excavator 85T,BLOCK_A,repair,2025-11-07 06:31:19,2025-11-07 12:31:19,6.0,TRACK_DAMAGE,Track shoe displacement on haulage floor,True
EVT-1135,EXC-02,Excavator 85T,BLOCK_A,repair,2025-11-15 10:01:44,2025-11-15 18:43:44,8.7,TIRE_WEAR,Severe tire gouging from jagged gondite boulders,True
EVT-1136,EXC-02,Excavator 85T,BLOCK_A,maintenance,2025-11-18 12:18:54,2025-11-18 13:42:54,1.4,ELECTRICAL_FAULT,Alternator circuit grounding issue,True
EVT-1137,EXC-02,Excavator 85T,BLOCK_A,maintenance,2025-11-24 09:51:59,2025-11-24 16:39:59,6.8,BLAST_VIBRATION_CHECK,Safety inspection after bench blast,True
EVT-1138,EXC-02,Excavator 85T,BLOCK_A,repair,2025-12-02 03:26:59,2025-12-02 07:38:59,4.2,SCHEDULED_PM,250-hour routine preventive maintenance inspection,True
EVT-1139,EXC-02,Excavator 85T,BLOCK_A,maintenance,2025-12-18 12:05:18,2025-12-18 19:41:18,7.6,ELECTRICAL_FAULT,Alternator circuit grounding issue,True
EVT-1140,EXC-02,Excavator 85T,BLOCK_A,downtime,2025-12-26 02:27:01,2025-12-26 05:57:01,3.5,TRACK_DAMAGE,Track shoe displacement on haulage floor,True
EVT-1141,EXC-02,Excavator 85T,BLOCK_A,downtime,2026-01-03 19:48:15,2026-01-03 23:18:15,3.5,HYDRAULIC_LEAK,Hydraulic seal rupture on main boom,True
EVT-1142,EXC-02,Excavator 85T,BLOCK_A,maintenance,2026-01-06 06:10:04,2026-01-06 08:22:04,2.2,SCHEDULED_PM,250-hour routine preventive maintenance inspection,True
EVT-1143,EXC-02,Excavator 85T,BLOCK_A,downtime,2026-01-12 05:11:52,2026-01-12 09:29:52,4.3,TRACK_DAMAGE,Track shoe displacement on haulage floor,True
EVT-1144,EXC-02,Excavator 85T,BLOCK_A,downtime,2026-01-21 09:18:28,2026-01-21 11:24:28,2.1,SCHEDULED_PM,250-hour routine preventive maintenance inspection,True
EVT-1145,EXC-02,Excavator 85T,BLOCK_A,maintenance,2026-01-25 19:52:59,2026-01-25 23:58:59,4.1,TIRE_WEAR,Severe tire gouging from jagged gondite boulders,True
EVT-1146,EXC-02,Excavator 85T,BLOCK_A,maintenance,2026-01-31 07:41:04,2026-01-31 12:35:04,4.9,HYDRAULIC_LEAK,Hydraulic seal rupture on main boom,True
EVT-1147,EXC-02,Excavator 85T,BLOCK_A,repair,2026-02-07 22:44:54,2026-02-08 01:38:54,2.9,HYDRAULIC_LEAK,Hydraulic seal rupture on main boom,True
EVT-1148,EXC-02,Excavator 85T,BLOCK_A,repair,2026-02-10 12:26:36,2026-02-10 14:14:36,1.8,HYDRAULIC_LEAK,Hydraulic seal rupture on main boom,True
EVT-1149,EXC-02,Excavator 85T,BLOCK_A,maintenance,2026-02-15 15:14:18,2026-02-15 16:50:18,1.6,BLAST_VIBRATION_CHECK,Safety inspection after bench blast,True
EVT-1150,EXC-02,Excavator 85T,BLOCK_A,repair,2026-02-22 15:44:00,2026-02-22 18:14:00,2.5,ELECTRICAL_FAULT,Alternator circuit grounding issue,True
EVT-1151,EXC-02,Excavator 85T,BLOCK_A,downtime,2026-03-04 09:45:59,2026-03-04 11:15:59,1.5,SCHEDULED_PM,250-hour routine preventive maintenance inspection,True
EVT-1152,EXC-02,Excavator 85T,BLOCK_A,downtime,2026-03-08 00:22:52,2026-03-08 05:10:52,4.8,SCHEDULED_PM,250-hour routine preventive maintenance inspection,True
EVT-1153,EXC-02,Excavator 85T,BLOCK_A,downtime,2026-03-13 00:26:06,2026-03-13 19:14:06,18.8,HYDRAULIC_LEAK,Hydraulic seal rupture on main boom,True
EVT-1154,EXC-02,Excavator 85T,BLOCK_A,downtime,2026-03-22 12:21:40,2026-03-22 14:33:40,2.2,SCHEDULED_PM,250-hour routine preventive maintenance inspection,True
EVT-1155,EXC-02,Excavator 85T,BLOCK_A,maintenance,2026-03-30 15:23:59,2026-03-31 14:05:59,22.7,TRACK_DAMAGE,Track shoe displacement on haulage floor,True
EVT-1156,EXC-02,Excavator 85T,BLOCK_A,repair,2026-04-10 07:20:49,2026-04-10 12:02:49,4.7,ENGINE_OVERHEAT,Coolant pump failure during high ambient temp,True
EVT-1157,EXC-02,Excavator 85T,BLOCK_A,maintenance,2026-04-21 12:03:41,2026-04-21 17:21:41,5.3,TRACK_DAMAGE,Track shoe displacement on haulage floor,True
EVT-1158,EXC-02,Excavator 85T,BLOCK_A,downtime,2026-04-22 20:58:54,2026-04-22 22:46:54,1.8,ELECTRICAL_FAULT,Alternator circuit grounding issue,True
EVT-1159,EXC-02,Excavator 85T,BLOCK_A,downtime,2026-04-25 19:02:13,2026-04-25 23:56:13,4.9,BLAST_VIBRATION_CHECK,Safety inspection after bench blast,True
EVT-1160,EXC-02,Excavator 85T,BLOCK_A,downtime,2026-05-02 17:14:00,2026-05-02 20:26:00,3.2,TRACK_DAMAGE,Track shoe displacement on haulage floor,True
EVT-1161,EXC-02,Excavator 85T,BLOCK_A,repair,2026-05-10 21:53:53,2026-05-11 08:59:53,11.1,HYDRAULIC_LEAK,Hydraulic seal rupture on main boom,True
EVT-1162,EXC-02,Excavator 85T,BLOCK_A,downtime,2026-05-17 17:22:43,2026-05-17 18:58:43,1.6,SCHEDULED_PM,250-hour routine preventive maintenance inspection,True
EVT-1163,EXC-02,Excavator 85T,BLOCK_A,repair,2026-05-23 05:40:29,2026-05-23 08:58:29,3.3,HYDRAULIC_LEAK,Hydraulic seal rupture on main boom,True
EVT-1164,EXC-02,Excavator 85T,BLOCK_A,downtime,2026-05-28 13:08:55,2026-05-28 15:50:55,2.7,ENGINE_OVERHEAT,Coolant pump failure during high ambient temp,True
EVT-1165,EXC-02,Excavator 85T,BLOCK_A,maintenance,2026-05-31 11:40:32,2026-05-31 17:04:32,5.4,ENGINE_OVERHEAT,Coolant pump failure during high ambient temp,True
EVT-1166,EXC-02,Excavator 85T,BLOCK_A,repair,2026-06-08 15:57:57,2026-06-08 17:09:57,1.2,HYDRAULIC_LEAK,Hydraulic seal rupture on main boom,True
EVT-1167,EXC-02,Excavator 85T,BLOCK_A,repair,2026-06-12 04:02:46,2026-06-12 14:56:46,10.9,TRACK_DAMAGE,Track shoe displacement on haulage floor,True
EVT-1168,EXC-02,Excavator 85T,BLOCK_A,downtime,2026-06-18 07:19:02,2026-06-18 12:37:02,5.3,ELECTRICAL_FAULT,Alternator circuit grounding issue,True
EVT-1169,EXC-02,Excavator 85T,BLOCK_A,repair,2026-06-26 22:42:11,2026-06-27 03:48:11,5.1,BLAST_VIBRATION_CHECK,Safety inspection after bench blast,True
EVT-1170,EXC-02,Excavator 85T,BLOCK_A,downtime,2026-06-29 13:52:25,2026-06-29 16:04:25,2.2,TIRE_WEAR,Severe tire gouging from jagged gondite boulders,True
EVT-1171,EXC-02,Excavator 85T,BLOCK_A,maintenance,2026-07-04 13:21:54,2026-07-04 20:27:54,7.1,HYDRAULIC_LEAK,Hydraulic seal rupture on main boom,True
EVT-1172,EXC-02,Excavator 85T,BLOCK_A,maintenance,2026-07-08 17:06:27,2026-07-08 23:42:27,6.6,SCHEDULED_PM,250-hour routine preventive maintenance inspection,True
EVT-1173,EXC-02,Excavator 85T,BLOCK_A,downtime,2026-07-16 10:52:41,2026-07-16 20:04:41,9.2,BLAST_VIBRATION_CHECK,Safety inspection after bench blast,True
EVT-1174,EXC-02,Excavator 85T,BLOCK_A,downtime,2026-07-24 20:59:40,2026-07-25 00:41:40,3.7,ENGINE_OVERHEAT,Coolant pump failure during high ambient temp,True
EVT-1175,EXC-02,Excavator 85T,BLOCK_A,downtime,2026-08-01 16:58:07,2026-08-01 18:46:07,1.8,HYDRAULIC_LEAK,Hydraulic seal rupture on main boom,True
EVT-1176,EXC-02,Excavator 85T,BLOCK_A,maintenance,2026-08-09 11:51:11,2026-08-09 14:51:11,3.0,ENGINE_OVERHEAT,Coolant pump failure during high ambient temp,True
EVT-1177,EXC-02,Excavator 85T,BLOCK_A,downtime,2026-08-18 21:07:29,2026-08-19 04:55:29,7.8,SCHEDULED_PM,250-hour routine preventive maintenance inspection,True
EVT-1178,EXC-02,Excavator 85T,BLOCK_A,downtime,2026-08-25 03:09:42,2026-08-25 06:27:42,3.3,TRACK_DAMAGE,Track shoe displacement on haulage floor,True
EVT-1179,EXC-03,Excavator 85T,BLOCK_A,maintenance,2025-01-06 06:59:47,2025-01-06 21:41:47,14.7,TIRE_WEAR,Severe tire gouging from jagged gondite boulders,True
EVT-1180,EXC-03,Excavator 85T,BLOCK_A,downtime,2025-01-15 00:25:38,2025-01-15 02:31:38,2.1,ELECTRICAL_FAULT,Alternator circuit grounding issue,True
EVT-1181,EXC-03,Excavator 85T,BLOCK_A,downtime,2025-01-17 14:32:45,2025-01-17 19:50:45,5.3,TIRE_WEAR,Severe tire gouging from jagged gondite boulders,True
EVT-1182,EXC-03,Excavator 85T,BLOCK_A,downtime,2025-01-27 11:57:30,2025-01-27 15:33:30,3.6,BLAST_VIBRATION_CHECK,Safety inspection after bench blast,True
EVT-1183,EXC-03,Excavator 85T,BLOCK_A,downtime,2025-02-11 17:15:48,2025-02-11 20:45:48,3.5,TRACK_DAMAGE,Track shoe displacement on haulage floor,True
EVT-1184,EXC-03,Excavator 85T,BLOCK_A,downtime,2025-02-20 10:56:34,2025-02-20 17:08:34,6.2,TRACK_DAMAGE,Track shoe displacement on haulage floor,True
EVT-1185,EXC-03,Excavator 85T,BLOCK_A,maintenance,2025-02-27 10:53:57,2025-02-27 12:41:57,1.8,BLAST_VIBRATION_CHECK,Safety inspection after bench blast,True
EVT-1186,EXC-03,Excavator 85T,BLOCK_A,repair,2025-03-09 22:37:40,2025-03-10 05:43:40,7.1,ENGINE_OVERHEAT,Coolant pump failure during high ambient temp,True
EVT-1187,EXC-03,Excavator 85T,BLOCK_A,maintenance,2025-03-14 05:44:20,2025-03-14 11:50:20,6.1,SCHEDULED_PM,250-hour routine preventive maintenance inspection,True
EVT-1188,EXC-03,Excavator 85T,BLOCK_A,maintenance,2025-03-22 05:48:28,2025-03-22 14:48:28,9.0,SCHEDULED_PM,250-hour routine preventive maintenance inspection,True
EVT-1189,EXC-03,Excavator 85T,BLOCK_A,downtime,2025-03-28 00:58:34,2025-03-28 06:16:34,5.3,HYDRAULIC_LEAK,Hydraulic seal rupture on main boom,True
EVT-1190,EXC-03,Excavator 85T,BLOCK_A,repair,2025-03-30 11:09:14,2025-03-30 16:45:14,5.6,BLAST_VIBRATION_CHECK,Safety inspection after bench blast,True
EVT-1191,EXC-03,Excavator 85T,BLOCK_A,repair,2025-04-08 06:54:28,2025-04-08 11:54:28,5.0,SCHEDULED_PM,250-hour routine preventive maintenance inspection,True
EVT-1192,EXC-03,Excavator 85T,BLOCK_A,downtime,2025-04-15 15:24:34,2025-04-15 17:48:34,2.4,TRACK_DAMAGE,Track shoe displacement on haulage floor,True
EVT-1193,EXC-03,Excavator 85T,BLOCK_A,maintenance,2025-04-26 09:53:08,2025-04-26 16:53:08,7.0,ENGINE_OVERHEAT,Coolant pump failure during high ambient temp,True
EVT-1194,EXC-03,Excavator 85T,BLOCK_A,downtime,2025-05-02 20:26:58,2025-05-03 08:20:58,11.9,HYDRAULIC_LEAK,Hydraulic seal rupture on main boom,True
EVT-1195,EXC-03,Excavator 85T,BLOCK_A,downtime,2025-05-12 17:37:41,2025-05-12 22:37:41,5.0,TIRE_WEAR,Severe tire gouging from jagged gondite boulders,True
EVT-1196,EXC-03,Excavator 85T,BLOCK_A,repair,2025-05-20 17:11:36,2025-05-21 01:23:36,8.2,HYDRAULIC_LEAK,Hydraulic seal rupture on main boom,True
EVT-1197,EXC-03,Excavator 85T,BLOCK_A,repair,2025-05-24 00:13:30,2025-05-24 09:43:30,9.5,ENGINE_OVERHEAT,Coolant pump failure during high ambient temp,True
EVT-1198,EXC-03,Excavator 85T,BLOCK_A,maintenance,2025-05-28 22:12:07,2025-05-29 00:30:07,2.3,BLAST_VIBRATION_CHECK,Safety inspection after bench blast,True
EVT-1199,EXC-03,Excavator 85T,BLOCK_A,downtime,2025-06-09 15:49:55,2025-06-09 19:49:55,4.0,TIRE_WEAR,Severe tire gouging from jagged gondite boulders,True
EVT-1200,EXC-03,Excavator 85T,BLOCK_A,maintenance,2025-06-19 14:19:25,2025-06-19 18:37:25,4.3,TIRE_WEAR,Severe tire gouging from jagged gondite boulders,True
EVT-1201,EXC-03,Excavator 85T,BLOCK_A,downtime,2025-06-29 18:09:23,2025-06-29 22:15:23,4.1,SCHEDULED_PM,250-hour routine preventive maintenance inspection,True
EVT-1202,EXC-03,Excavator 85T,BLOCK_A,maintenance,2025-07-09 15:46:41,2025-07-09 20:04:41,4.3,ENGINE_OVERHEAT,Coolant pump failure during high ambient temp,True
EVT-1203,EXC-03,Excavator 85T,BLOCK_A,repair,2025-07-14 04:13:28,2025-07-14 09:43:28,5.5,TIRE_WEAR,Severe tire gouging from jagged gondite boulders,True
EVT-1204,EXC-03,Excavator 85T,BLOCK_A,repair,2025-07-23 12:10:34,2025-07-23 19:58:34,7.8,ELECTRICAL_FAULT,Alternator circuit grounding issue,True
EVT-1205,EXC-03,Excavator 85T,BLOCK_A,downtime,2025-07-30 13:41:55,2025-07-30 16:47:55,3.1,BLAST_VIBRATION_CHECK,Safety inspection after bench blast,True
EVT-1206,EXC-03,Excavator 85T,BLOCK_A,repair,2025-08-09 07:03:27,2025-08-09 11:45:27,4.7,TIRE_WEAR,Severe tire gouging from jagged gondite boulders,True
EVT-1207,EXC-03,Excavator 85T,BLOCK_A,repair,2025-08-16 12:02:22,2025-08-16 13:32:22,1.5,TIRE_WEAR,Severe tire gouging from jagged gondite boulders,True
EVT-1208,EXC-03,Excavator 85T,BLOCK_A,maintenance,2025-08-29 12:45:30,2025-08-29 17:45:30,5.0,BLAST_VIBRATION_CHECK,Safety inspection after bench blast,True
EVT-1209,EXC-03,Excavator 85T,BLOCK_A,repair,2025-09-08 11:56:30,2025-09-08 16:08:30,4.2,TRACK_DAMAGE,Track shoe displacement on haulage floor,True
EVT-1210,EXC-03,Excavator 85T,BLOCK_A,downtime,2025-09-17 10:14:49,2025-09-17 16:14:49,6.0,BLAST_VIBRATION_CHECK,Safety inspection after bench blast,True
EVT-1211,EXC-03,Excavator 85T,BLOCK_A,downtime,2025-09-21 23:06:07,2025-09-22 09:00:07,9.9,TIRE_WEAR,Severe tire gouging from jagged gondite boulders,True
EVT-1212,EXC-03,Excavator 85T,BLOCK_A,downtime,2025-09-26 04:15:04,2025-09-26 09:57:04,5.7,ELECTRICAL_FAULT,Alternator circuit grounding issue,True
EVT-1213,EXC-03,Excavator 85T,BLOCK_A,downtime,2025-09-30 10:19:28,2025-09-30 17:01:28,6.7,TIRE_WEAR,Severe tire gouging from jagged gondite boulders,True
EVT-1214,EXC-03,Excavator 85T,BLOCK_A,repair,2025-10-08 04:57:41,2025-10-08 07:09:41,2.2,TRACK_DAMAGE,Track shoe displacement on haulage floor,True
EVT-1215,EXC-03,Excavator 85T,BLOCK_A,downtime,2025-10-15 00:26:00,2025-10-15 04:26:00,4.0,TIRE_WEAR,Severe tire gouging from jagged gondite boulders,True
EVT-1216,EXC-03,Excavator 85T,BLOCK_A,repair,2025-10-19 18:56:44,2025-10-19 23:14:44,4.3,ENGINE_OVERHEAT,Coolant pump failure during high ambient temp,True
EVT-1217,EXC-03,Excavator 85T,BLOCK_A,downtime,2025-10-27 05:23:22,2025-10-27 07:59:22,2.6,ENGINE_OVERHEAT,Coolant pump failure during high ambient temp,True
EVT-1218,EXC-03,Excavator 85T,BLOCK_A,downtime,2025-10-29 13:37:00,2025-10-29 15:25:00,1.8,TRACK_DAMAGE,Track shoe displacement on haulage floor,True
EVT-1219,EXC-03,Excavator 85T,BLOCK_A,repair,2025-10-31 14:41:51,2025-10-31 17:47:51,3.1,TIRE_WEAR,Severe tire gouging from jagged gondite boulders,True
EVT-1220,EXC-03,Excavator 85T,BLOCK_A,downtime,2025-11-03 22:14:30,2025-11-04 02:02:30,3.8,BLAST_VIBRATION_CHECK,Safety inspection after bench blast,True
EVT-1221,EXC-03,Excavator 85T,BLOCK_A,maintenance,2025-11-13 19:41:02,2025-11-13 23:23:02,3.7,BLAST_VIBRATION_CHECK,Safety inspection after bench blast,True
EVT-1222,EXC-03,Excavator 85T,BLOCK_A,repair,2025-11-19 21:28:50,2025-11-20 05:22:50,7.9,SCHEDULED_PM,250-hour routine preventive maintenance inspection,True
EVT-1223,EXC-03,Excavator 85T,BLOCK_A,downtime,2025-11-25 12:28:11,2025-11-25 15:28:11,3.0,HYDRAULIC_LEAK,Hydraulic seal rupture on main boom,True
EVT-1224,EXC-03,Excavator 85T,BLOCK_A,downtime,2025-11-29 04:04:36,2025-11-29 13:28:36,9.4,TRACK_DAMAGE,Track shoe displacement on haulage floor,True
EVT-1225,EXC-03,Excavator 85T,BLOCK_A,downtime,2025-12-01 12:17:50,2025-12-01 13:35:50,1.3,TRACK_DAMAGE,Track shoe displacement on haulage floor,True
EVT-1226,EXC-03,Excavator 85T,BLOCK_A,downtime,2025-12-09 04:31:07,2025-12-09 13:43:07,9.2,SCHEDULED_PM,250-hour routine preventive maintenance inspection,True
EVT-1227,EXC-03,Excavator 85T,BLOCK_A,downtime,2025-12-17 04:55:40,2025-12-17 13:01:40,8.1,BLAST_VIBRATION_CHECK,Safety inspection after bench blast,True
EVT-1228,EXC-03,Excavator 85T,BLOCK_A,maintenance,2025-12-22 15:38:14,2025-12-22 16:44:14,1.1,ELECTRICAL_FAULT,Alternator circuit grounding issue,True
EVT-1229,EXC-03,Excavator 85T,BLOCK_A,maintenance,2025-12-31 02:17:17,2025-12-31 08:47:17,6.5,SCHEDULED_PM,250-hour routine preventive maintenance inspection,True
EVT-1230,EXC-03,Excavator 85T,BLOCK_A,downtime,2026-01-07 13:26:53,2026-01-07 18:32:53,5.1,SCHEDULED_PM,250-hour routine preventive maintenance inspection,True
EVT-1231,EXC-03,Excavator 85T,BLOCK_A,downtime,2026-01-16 00:29:34,2026-01-16 03:29:34,3.0,HYDRAULIC_LEAK,Hydraulic seal rupture on main boom,True
EVT-1232,EXC-03,Excavator 85T,BLOCK_A,maintenance,2026-01-21 11:49:23,2026-01-22 00:13:23,12.4,HYDRAULIC_LEAK,Hydraulic seal rupture on main boom,True
EVT-1233,EXC-03,Excavator 85T,BLOCK_A,maintenance,2026-01-31 21:50:58,2026-02-01 01:14:58,3.4,TIRE_WEAR,Severe tire gouging from jagged gondite boulders,True
EVT-1234,EXC-03,Excavator 85T,BLOCK_A,maintenance,2026-02-07 12:50:41,2026-02-07 19:56:41,7.1,BLAST_VIBRATION_CHECK,Safety inspection after bench blast,True
EVT-1235,EXC-03,Excavator 85T,BLOCK_A,repair,2026-02-12 00:02:45,2026-02-12 04:02:45,4.0,BLAST_VIBRATION_CHECK,Safety inspection after bench blast,True
EVT-1236,EXC-03,Excavator 85T,BLOCK_A,maintenance,2026-02-16 13:33:28,2026-02-16 21:27:28,7.9,TRACK_DAMAGE,Track shoe displacement on haulage floor,True
EVT-1237,EXC-03,Excavator 85T,BLOCK_A,downtime,2026-03-01 16:34:46,2026-03-01 20:10:46,3.6,BLAST_VIBRATION_CHECK,Safety inspection after bench blast,True
EVT-1238,EXC-03,Excavator 85T,BLOCK_A,repair,2026-03-05 22:00:37,2026-03-06 01:30:37,3.5,SCHEDULED_PM,250-hour routine preventive maintenance inspection,True
EVT-1239,EXC-03,Excavator 85T,BLOCK_A,downtime,2026-03-20 11:51:00,2026-03-20 18:21:00,6.5,TIRE_WEAR,Severe tire gouging from jagged gondite boulders,True
EVT-1240,EXC-03,Excavator 85T,BLOCK_A,downtime,2026-03-28 02:10:01,2026-03-28 05:52:01,3.7,TRACK_DAMAGE,Track shoe displacement on haulage floor,True
EVT-1241,EXC-03,Excavator 85T,BLOCK_A,maintenance,2026-04-06 11:15:24,2026-04-06 14:51:24,3.6,BLAST_VIBRATION_CHECK,Safety inspection after bench blast,True
EVT-1242,EXC-03,Excavator 85T,BLOCK_A,downtime,2026-04-10 17:15:27,2026-04-10 21:57:27,4.7,ELECTRICAL_FAULT,Alternator circuit grounding issue,True
EVT-1243,EXC-03,Excavator 85T,BLOCK_A,maintenance,2026-04-19 05:18:46,2026-04-19 10:36:46,5.3,SCHEDULED_PM,250-hour routine preventive maintenance inspection,True
EVT-1244,EXC-03,Excavator 85T,BLOCK_A,downtime,2026-04-23 11:57:59,2026-04-23 17:21:59,5.4,ELECTRICAL_FAULT,Alternator circuit grounding issue,True
EVT-1245,EXC-03,Excavator 85T,BLOCK_A,maintenance,2026-05-04 12:23:57,2026-05-04 19:17:57,6.9,ELECTRICAL_FAULT,Alternator circuit grounding issue,True
EVT-1246,EXC-03,Excavator 85T,BLOCK_A,maintenance,2026-05-18 09:08:13,2026-05-18 14:38:13,5.5,ENGINE_OVERHEAT,Coolant pump failure during high ambient temp,True
EVT-1247,EXC-03,Excavator 85T,BLOCK_A,maintenance,2026-05-25 19:20:17,2026-05-26 00:38:17,5.3,TRACK_DAMAGE,Track shoe displacement on haulage floor,True
EVT-1248,EXC-03,Excavator 85T,BLOCK_A,downtime,2026-05-31 08:02:00,2026-05-31 10:02:00,2.0,TIRE_WEAR,Severe tire gouging from jagged gondite boulders,True
EVT-1249,EXC-03,Excavator 85T,BLOCK_A,downtime,2026-06-04 15:42:24,2026-06-05 00:00:24,8.3,TRACK_DAMAGE,Track shoe displacement on haulage floor,True
EVT-1250,EXC-03,Excavator 85T,BLOCK_A,downtime,2026-06-11 08:03:37,2026-06-11 12:21:37,4.3,TIRE_WEAR,Severe tire gouging from jagged gondite boulders,True
EVT-1251,EXC-03,Excavator 85T,BLOCK_A,maintenance,2026-06-25 02:21:09,2026-06-25 04:09:09,1.8,BLAST_VIBRATION_CHECK,Safety inspection after bench blast,True
EVT-1252,EXC-03,Excavator 85T,BLOCK_A,downtime,2026-07-05 12:04:13,2026-07-05 20:46:13,8.7,ELECTRICAL_FAULT,Alternator circuit grounding issue,True
EVT-1253,EXC-03,Excavator 85T,BLOCK_A,downtime,2026-07-18 02:39:42,2026-07-18 05:57:42,3.3,ENGINE_OVERHEAT,Coolant pump failure during high ambient temp,True
EVT-1254,EXC-03,Excavator 85T,BLOCK_A,maintenance,2026-07-31 09:08:26,2026-07-31 11:32:26,2.4,TIRE_WEAR,Severe tire gouging from jagged gondite boulders,True
EVT-1255,EXC-03,Excavator 85T,BLOCK_A,repair,2026-08-02 14:30:03,2026-08-02 21:12:03,6.7,TIRE_WEAR,Severe tire gouging from jagged gondite boulders,True
EVT-1256,EXC-03,Excavator 85T,BLOCK_A,maintenance,2026-08-06 06:51:04,2026-08-06 11:15:04,4.4,BLAST_VIBRATION_CHECK,Safety inspection after bench blast,True
EVT-1257,EXC-03,Excavator 85T,BLOCK_A,downtime,2026-08-17 01:51:40,2026-08-17 07:57:40,6.1,SCHEDULED_PM,250-hour routine preventive maintenance inspection,True
EVT-1258,EXC-03,Excavator 85T,BLOCK_A,maintenance,2026-08-23 11:15:17,2026-08-23 14:45:17,3.5,SCHEDULED_PM,250-hour routine preventive maintenance inspection,True
EVT-1259,EXC-04,Excavator 120T,BLOCK_B,downtime,2025-01-06 21:15:12,2025-01-06 22:57:12,1.7,TIRE_WEAR,Severe tire gouging from jagged gondite boulders,True
EVT-1260,EXC-04,Excavator 120T,BLOCK_B,downtime,2025-01-16 03:21:20,2025-01-16 12:09:20,8.8,TRACK_DAMAGE,Track shoe displacement on haulage floor,True
EVT-1261,EXC-04,Excavator 120T,BLOCK_B,downtime,2025-01-19 09:26:23,2025-01-19 12:50:23,3.4,ENGINE_OVERHEAT,Coolant pump failure during high ambient temp,True
EVT-1262,EXC-04,Excavator 120T,BLOCK_B,downtime,2025-01-27 16:48:35,2025-01-28 00:42:35,7.9,HYDRAULIC_LEAK,Hydraulic seal rupture on main boom,True
EVT-1263,EXC-04,Excavator 120T,BLOCK_B,downtime,2025-02-02 15:18:35,2025-02-02 18:18:35,3.0,ELECTRICAL_FAULT,Alternator circuit grounding issue,True
EVT-1264,EXC-04,Excavator 120T,BLOCK_B,maintenance,2025-02-10 18:33:19,2025-02-10 20:33:19,2.0,TIRE_WEAR,Severe tire gouging from jagged gondite boulders,True
EVT-1265,EXC-04,Excavator 120T,BLOCK_B,downtime,2025-02-17 05:54:32,2025-02-17 13:48:32,7.9,ELECTRICAL_FAULT,Alternator circuit grounding issue,True
EVT-1266,EXC-04,Excavator 120T,BLOCK_B,repair,2025-02-19 17:36:31,2025-02-19 21:18:31,3.7,SCHEDULED_PM,250-hour routine preventive maintenance inspection,True
EVT-1267,EXC-04,Excavator 120T,BLOCK_B,downtime,2025-03-02 02:49:30,2025-03-02 04:49:30,2.0,BLAST_VIBRATION_CHECK,Safety inspection after bench blast,True
EVT-1268,EXC-04,Excavator 120T,BLOCK_B,downtime,2025-03-08 11:07:27,2025-03-08 19:19:27,8.2,ELECTRICAL_FAULT,Alternator circuit grounding issue,True
EVT-1269,EXC-04,Excavator 120T,BLOCK_B,downtime,2025-03-13 15:19:44,2025-03-13 20:31:44,5.2,BLAST_VIBRATION_CHECK,Safety inspection after bench blast,True
EVT-1270,EXC-04,Excavator 120T,BLOCK_B,maintenance,2025-03-22 06:06:02,2025-03-22 09:48:02,3.7,TIRE_WEAR,Severe tire gouging from jagged gondite boulders,True
EVT-1271,EXC-04,Excavator 120T,BLOCK_B,repair,2025-03-27 15:18:11,2025-03-27 21:00:11,5.7,HYDRAULIC_LEAK,Hydraulic seal rupture on main boom,True
EVT-1272,EXC-04,Excavator 120T,BLOCK_B,maintenance,2025-04-12 01:55:12,2025-04-12 06:01:12,4.1,ENGINE_OVERHEAT,Coolant pump failure during high ambient temp,True
EVT-1273,EXC-04,Excavator 120T,BLOCK_B,downtime,2025-04-17 19:44:01,2025-04-17 23:38:01,3.9,BLAST_VIBRATION_CHECK,Safety inspection after bench blast,True
EVT-1274,EXC-04,Excavator 120T,BLOCK_B,maintenance,2025-04-23 22:02:11,2025-04-24 05:20:11,7.3,HYDRAULIC_LEAK,Hydraulic seal rupture on main boom,True
EVT-1275,EXC-04,Excavator 120T,BLOCK_B,maintenance,2025-04-29 05:38:24,2025-04-29 10:50:24,5.2,TIRE_WEAR,Severe tire gouging from jagged gondite boulders,True
EVT-1276,EXC-04,Excavator 120T,BLOCK_B,downtime,2025-05-09 23:11:30,2025-05-10 02:05:30,2.9,ENGINE_OVERHEAT,Coolant pump failure during high ambient temp,True
EVT-1277,EXC-04,Excavator 120T,BLOCK_B,repair,2025-05-15 14:45:34,2025-05-15 19:15:34,4.5,BLAST_VIBRATION_CHECK,Safety inspection after bench blast,True
EVT-1278,EXC-04,Excavator 120T,BLOCK_B,maintenance,2025-05-27 07:36:38,2025-05-27 14:54:38,7.3,SCHEDULED_PM,250-hour routine preventive maintenance inspection,True
EVT-1279,EXC-04,Excavator 120T,BLOCK_B,maintenance,2025-06-01 09:37:19,2025-06-01 12:07:19,2.5,TIRE_WEAR,Severe tire gouging from jagged gondite boulders,True
EVT-1280,EXC-04,Excavator 120T,BLOCK_B,repair,2025-06-03 17:01:43,2025-06-04 02:25:43,9.4,SCHEDULED_PM,250-hour routine preventive maintenance inspection,True
EVT-1281,EXC-04,Excavator 120T,BLOCK_B,repair,2025-06-09 18:29:16,2025-06-09 23:35:16,5.1,SCHEDULED_PM,250-hour routine preventive maintenance inspection,True
EVT-1282,EXC-04,Excavator 120T,BLOCK_B,downtime,2025-06-17 12:02:39,2025-06-17 16:50:39,4.8,SCHEDULED_PM,250-hour routine preventive maintenance inspection,True
EVT-1283,EXC-04,Excavator 120T,BLOCK_B,downtime,2025-06-21 13:03:07,2025-06-21 18:03:07,5.0,ENGINE_OVERHEAT,Coolant pump failure during high ambient temp,True
EVT-1284,EXC-04,Excavator 120T,BLOCK_B,maintenance,2025-06-30 12:53:17,2025-07-01 01:11:17,12.3,ELECTRICAL_FAULT,Alternator circuit grounding issue,True
EVT-1285,EXC-04,Excavator 120T,BLOCK_B,maintenance,2025-07-07 10:34:00,2025-07-07 15:04:00,4.5,TIRE_WEAR,Severe tire gouging from jagged gondite boulders,True
EVT-1286,EXC-04,Excavator 120T,BLOCK_B,downtime,2025-07-10 20:04:43,2025-07-10 23:46:43,3.7,BLAST_VIBRATION_CHECK,Safety inspection after bench blast,True
EVT-1287,EXC-04,Excavator 120T,BLOCK_B,downtime,2025-07-17 14:04:39,2025-07-18 13:52:39,23.8,TIRE_WEAR,Severe tire gouging from jagged gondite boulders,True
EVT-1288,EXC-04,Excavator 120T,BLOCK_B,maintenance,2025-07-29 16:12:31,2025-07-29 20:24:31,4.2,BLAST_VIBRATION_CHECK,Safety inspection after bench blast,True
EVT-1289,EXC-04,Excavator 120T,BLOCK_B,downtime,2025-08-04 21:48:03,2025-08-05 05:42:03,7.9,ELECTRICAL_FAULT,Alternator circuit grounding issue,True
EVT-1290,EXC-04,Excavator 120T,BLOCK_B,downtime,2025-08-11 19:25:13,2025-08-12 02:01:13,6.6,TRACK_DAMAGE,Track shoe displacement on haulage floor,True
EVT-1291,EXC-04,Excavator 120T,BLOCK_B,downtime,2025-08-19 22:15:08,2025-08-20 02:51:08,4.6,TRACK_DAMAGE,Track shoe displacement on haulage floor,True
EVT-1292,EXC-04,Excavator 120T,BLOCK_B,downtime,2025-08-24 16:32:30,2025-08-25 09:44:30,17.2,SCHEDULED_PM,250-hour routine preventive maintenance inspection,True
EVT-1293,EXC-04,Excavator 120T,BLOCK_B,downtime,2025-09-02 03:36:05,2025-09-02 09:54:05,6.3,ENGINE_OVERHEAT,Coolant pump failure during high ambient temp,True
EVT-1294,EXC-04,Excavator 120T,BLOCK_B,downtime,2025-09-09 14:56:27,2025-09-09 17:38:27,2.7,BLAST_VIBRATION_CHECK,Safety inspection after bench blast,True
EVT-1295,EXC-04,Excavator 120T,BLOCK_B,downtime,2025-09-12 04:19:26,2025-09-12 05:49:26,1.5,ENGINE_OVERHEAT,Coolant pump failure during high ambient temp,True
EVT-1296,EXC-04,Excavator 120T,BLOCK_B,downtime,2025-09-22 03:46:52,2025-09-22 10:22:52,6.6,ELECTRICAL_FAULT,Alternator circuit grounding issue,True
EVT-1297,EXC-04,Excavator 120T,BLOCK_B,downtime,2025-09-25 21:43:10,2025-09-26 01:37:10,3.9,ELECTRICAL_FAULT,Alternator circuit grounding issue,True
EVT-1298,EXC-04,Excavator 120T,BLOCK_B,downtime,2025-09-28 10:42:35,2025-09-28 12:42:35,2.0,ENGINE_OVERHEAT,Coolant pump failure during high ambient temp,True
EVT-1299,EXC-04,Excavator 120T,BLOCK_B,repair,2025-10-11 06:33:57,2025-10-11 10:51:57,4.3,ELECTRICAL_FAULT,Alternator circuit grounding issue,True
EVT-1300,EXC-04,Excavator 120T,BLOCK_B,repair,2025-10-12 23:29:52,2025-10-13 06:23:52,6.9,SCHEDULED_PM,250-hour routine preventive maintenance inspection,True
EVT-1301,EXC-04,Excavator 120T,BLOCK_B,repair,2025-10-18 17:27:26,2025-10-18 21:33:26,4.1,HYDRAULIC_LEAK,Hydraulic seal rupture on main boom,True
EVT-1302,EXC-04,Excavator 120T,BLOCK_B,repair,2025-10-21 17:30:53,2025-10-21 21:54:53,4.4,TIRE_WEAR,Severe tire gouging from jagged gondite boulders,True
EVT-1303,EXC-04,Excavator 120T,BLOCK_B,maintenance,2025-10-25 16:12:29,2025-10-25 17:36:29,1.4,ELECTRICAL_FAULT,Alternator circuit grounding issue,True
EVT-1304,EXC-04,Excavator 120T,BLOCK_B,downtime,2025-10-31 21:12:45,2025-11-01 03:54:45,6.7,TRACK_DAMAGE,Track shoe displacement on haulage floor,True
EVT-1305,EXC-04,Excavator 120T,BLOCK_B,downtime,2025-11-06 10:18:45,2025-11-06 12:06:45,1.8,ELECTRICAL_FAULT,Alternator circuit grounding issue,True
EVT-1306,EXC-04,Excavator 120T,BLOCK_B,repair,2025-11-16 21:51:14,2025-11-17 01:03:14,3.2,TIRE_WEAR,Severe tire gouging from jagged gondite boulders,True
EVT-1307,EXC-04,Excavator 120T,BLOCK_B,downtime,2025-11-24 15:14:12,2025-11-24 20:32:12,5.3,BLAST_VIBRATION_CHECK,Safety inspection after bench blast,True
EVT-1308,EXC-04,Excavator 120T,BLOCK_B,maintenance,2025-11-27 21:47:10,2025-11-28 00:41:10,2.9,TIRE_WEAR,Severe tire gouging from jagged gondite boulders,True
EVT-1309,EXC-04,Excavator 120T,BLOCK_B,maintenance,2025-12-01 16:17:12,2025-12-01 19:29:12,3.2,ENGINE_OVERHEAT,Coolant pump failure during high ambient temp,True
EVT-1310,EXC-04,Excavator 120T,BLOCK_B,maintenance,2025-12-09 07:43:50,2025-12-09 09:49:50,2.1,TRACK_DAMAGE,Track shoe displacement on haulage floor,True
EVT-1311,EXC-04,Excavator 120T,BLOCK_B,downtime,2025-12-26 00:22:24,2025-12-26 05:34:24,5.2,HYDRAULIC_LEAK,Hydraulic seal rupture on main boom,True
EVT-1312,EXC-04,Excavator 120T,BLOCK_B,downtime,2026-01-01 00:06:45,2026-01-01 05:36:45,5.5,BLAST_VIBRATION_CHECK,Safety inspection after bench blast,True
EVT-1313,EXC-04,Excavator 120T,BLOCK_B,maintenance,2026-01-08 07:39:27,2026-01-08 12:15:27,4.6,ELECTRICAL_FAULT,Alternator circuit grounding issue,True
EVT-1314,EXC-04,Excavator 120T,BLOCK_B,maintenance,2026-01-21 17:33:21,2026-01-21 18:51:21,1.3,TIRE_WEAR,Severe tire gouging from jagged gondite boulders,True
EVT-1315,EXC-04,Excavator 120T,BLOCK_B,maintenance,2026-01-28 05:22:53,2026-01-28 06:58:53,1.6,ENGINE_OVERHEAT,Coolant pump failure during high ambient temp,True
EVT-1316,EXC-04,Excavator 120T,BLOCK_B,repair,2026-02-05 15:39:42,2026-02-05 23:33:42,7.9,SCHEDULED_PM,250-hour routine preventive maintenance inspection,True
EVT-1317,EXC-04,Excavator 120T,BLOCK_B,downtime,2026-02-07 22:15:00,2026-02-08 01:51:00,3.6,ELECTRICAL_FAULT,Alternator circuit grounding issue,True
EVT-1318,EXC-04,Excavator 120T,BLOCK_B,maintenance,2026-02-14 00:00:07,2026-02-14 19:42:07,19.7,BLAST_VIBRATION_CHECK,Safety inspection after bench blast,True
EVT-1319,EXC-04,Excavator 120T,BLOCK_B,downtime,2026-02-19 09:06:38,2026-02-19 14:18:38,5.2,BLAST_VIBRATION_CHECK,Safety inspection after bench blast,True
EVT-1320,EXC-04,Excavator 120T,BLOCK_B,downtime,2026-02-25 09:59:03,2026-02-26 00:35:03,14.6,TIRE_WEAR,Severe tire gouging from jagged gondite boulders,True
EVT-1321,EXC-04,Excavator 120T,BLOCK_B,maintenance,2026-03-07 07:54:25,2026-03-07 12:00:25,4.1,HYDRAULIC_LEAK,Hydraulic seal rupture on main boom,True
EVT-1322,EXC-04,Excavator 120T,BLOCK_B,downtime,2026-03-16 08:09:33,2026-03-16 11:33:33,3.4,TRACK_DAMAGE,Track shoe displacement on haulage floor,True
EVT-1323,EXC-04,Excavator 120T,BLOCK_B,downtime,2026-03-20 08:02:05,2026-03-20 14:44:05,6.7,TRACK_DAMAGE,Track shoe displacement on haulage floor,True
EVT-1324,EXC-04,Excavator 120T,BLOCK_B,downtime,2026-03-25 11:46:49,2026-03-25 20:46:49,9.0,ELECTRICAL_FAULT,Alternator circuit grounding issue,True
EVT-1325,EXC-04,Excavator 120T,BLOCK_B,downtime,2026-04-04 05:42:05,2026-04-04 09:48:05,4.1,TIRE_WEAR,Severe tire gouging from jagged gondite boulders,True
EVT-1326,EXC-04,Excavator 120T,BLOCK_B,downtime,2026-04-14 22:43:02,2026-04-15 05:19:02,6.6,TIRE_WEAR,Severe tire gouging from jagged gondite boulders,True
EVT-1327,EXC-04,Excavator 120T,BLOCK_B,downtime,2026-04-19 20:10:45,2026-04-19 21:58:45,1.8,HYDRAULIC_LEAK,Hydraulic seal rupture on main boom,True
EVT-1328,EXC-04,Excavator 120T,BLOCK_B,maintenance,2026-04-22 22:11:47,2026-04-23 00:53:47,2.7,HYDRAULIC_LEAK,Hydraulic seal rupture on main boom,True
EVT-1329,EXC-04,Excavator 120T,BLOCK_B,repair,2026-05-01 01:44:32,2026-05-01 07:32:32,5.8,TRACK_DAMAGE,Track shoe displacement on haulage floor,True
EVT-1330,EXC-04,Excavator 120T,BLOCK_B,downtime,2026-05-09 03:25:05,2026-05-09 07:07:05,3.7,HYDRAULIC_LEAK,Hydraulic seal rupture on main boom,True
EVT-1331,EXC-04,Excavator 120T,BLOCK_B,maintenance,2026-05-18 17:45:50,2026-05-18 23:03:50,5.3,BLAST_VIBRATION_CHECK,Safety inspection after bench blast,True
EVT-1332,EXC-04,Excavator 120T,BLOCK_B,downtime,2026-06-08 23:18:49,2026-06-09 05:12:49,5.9,HYDRAULIC_LEAK,Hydraulic seal rupture on main boom,True
EVT-1333,EXC-04,Excavator 120T,BLOCK_B,repair,2026-06-17 04:38:57,2026-06-17 11:08:57,6.5,ENGINE_OVERHEAT,Coolant pump failure during high ambient temp,True
EVT-1334,EXC-04,Excavator 120T,BLOCK_B,repair,2026-06-23 05:40:38,2026-06-23 13:28:38,7.8,SCHEDULED_PM,250-hour routine preventive maintenance inspection,True
EVT-1335,EXC-04,Excavator 120T,BLOCK_B,downtime,2026-07-01 05:19:37,2026-07-01 13:13:37,7.9,ENGINE_OVERHEAT,Coolant pump failure during high ambient temp,True
EVT-1336,EXC-04,Excavator 120T,BLOCK_B,maintenance,2026-07-11 04:19:01,2026-07-11 06:43:01,2.4,HYDRAULIC_LEAK,Hydraulic seal rupture on main boom,True
EVT-1337,EXC-04,Excavator 120T,BLOCK_B,maintenance,2026-07-18 05:54:15,2026-07-18 10:00:15,4.1,ENGINE_OVERHEAT,Coolant pump failure during high ambient temp,True
EVT-1338,EXC-04,Excavator 120T,BLOCK_B,maintenance,2026-07-22 21:10:07,2026-07-23 01:10:07,4.0,TRACK_DAMAGE,Track shoe displacement on haulage floor,True
EVT-1339,EXC-04,Excavator 120T,BLOCK_B,maintenance,2026-07-28 11:54:14,2026-07-28 16:18:14,4.4,ENGINE_OVERHEAT,Coolant pump failure during high ambient temp,True
EVT-1340,EXC-04,Excavator 120T,BLOCK_B,maintenance,2026-08-07 11:56:30,2026-08-07 15:50:30,3.9,BLAST_VIBRATION_CHECK,Safety inspection after bench blast,True
EVT-1341,EXC-04,Excavator 120T,BLOCK_B,maintenance,2026-08-13 20:07:08,2026-08-14 00:37:08,4.5,TIRE_WEAR,Severe tire gouging from jagged gondite boulders,True
EVT-1342,EXC-04,Excavator 120T,BLOCK_B,repair,2026-08-18 17:08:10,2026-08-18 18:08:10,1.0,TRACK_DAMAGE,Track shoe displacement on haulage floor,True
EVT-1343,EXC-05,Excavator 85T,BLOCK_B,maintenance,2025-01-04 04:30:47,2025-01-04 07:42:47,3.2,TRACK_DAMAGE,Track shoe displacement on haulage floor,True
EVT-1344,EXC-05,Excavator 85T,BLOCK_B,maintenance,2025-01-12 12:41:26,2025-01-12 17:29:26,4.8,ELECTRICAL_FAULT,Alternator circuit grounding issue,True
EVT-1345,EXC-05,Excavator 85T,BLOCK_B,downtime,2025-01-14 21:54:27,2025-01-14 23:54:27,2.0,BLAST_VIBRATION_CHECK,Safety inspection after bench blast,True
EVT-1346,EXC-05,Excavator 85T,BLOCK_B,downtime,2025-01-21 10:15:38,2025-01-21 14:51:38,4.6,SCHEDULED_PM,250-hour routine preventive maintenance inspection,True
EVT-1347,EXC-05,Excavator 85T,BLOCK_B,maintenance,2025-01-28 05:50:01,2025-01-28 08:14:01,2.4,BLAST_VIBRATION_CHECK,Safety inspection after bench blast,True
EVT-1348,EXC-05,Excavator 85T,BLOCK_B,downtime,2025-02-11 20:20:42,2025-02-11 22:26:42,2.1,BLAST_VIBRATION_CHECK,Safety inspection after bench blast,True
EVT-1349,EXC-05,Excavator 85T,BLOCK_B,maintenance,2025-02-16 04:37:11,2025-02-16 12:31:11,7.9,TIRE_WEAR,Severe tire gouging from jagged gondite boulders,True
EVT-1350,EXC-05,Excavator 85T,BLOCK_B,maintenance,2025-02-19 17:36:13,2025-02-20 00:48:13,7.2,TIRE_WEAR,Severe tire gouging from jagged gondite boulders,True
EVT-1351,EXC-05,Excavator 85T,BLOCK_B,downtime,2025-02-27 11:30:54,2025-02-27 20:00:54,8.5,SCHEDULED_PM,250-hour routine preventive maintenance inspection,True
EVT-1352,EXC-05,Excavator 85T,BLOCK_B,maintenance,2025-03-01 23:24:01,2025-03-02 06:06:01,6.7,TRACK_DAMAGE,Track shoe displacement on haulage floor,True
EVT-1353,EXC-05,Excavator 85T,BLOCK_B,maintenance,2025-03-16 05:47:31,2025-03-16 15:23:31,9.6,BLAST_VIBRATION_CHECK,Safety inspection after bench blast,True
EVT-1354,EXC-05,Excavator 85T,BLOCK_B,downtime,2025-03-23 20:52:26,2025-03-23 23:28:26,2.6,SCHEDULED_PM,250-hour routine preventive maintenance inspection,True
EVT-1355,EXC-05,Excavator 85T,BLOCK_B,maintenance,2025-03-27 15:41:51,2025-03-27 17:29:51,1.8,HYDRAULIC_LEAK,Hydraulic seal rupture on main boom,True
EVT-1356,EXC-05,Excavator 85T,BLOCK_B,repair,2025-04-05 09:17:22,2025-04-05 11:53:22,2.6,TIRE_WEAR,Severe tire gouging from jagged gondite boulders,True
EVT-1357,EXC-05,Excavator 85T,BLOCK_B,maintenance,2025-04-09 00:10:20,2025-04-09 06:46:20,6.6,ELECTRICAL_FAULT,Alternator circuit grounding issue,True
EVT-1358,EXC-05,Excavator 85T,BLOCK_B,repair,2025-04-11 22:08:18,2025-04-12 02:14:18,4.1,BLAST_VIBRATION_CHECK,Safety inspection after bench blast,True
EVT-1359,EXC-05,Excavator 85T,BLOCK_B,repair,2025-04-17 05:17:31,2025-04-17 10:23:31,5.1,ELECTRICAL_FAULT,Alternator circuit grounding issue,True
EVT-1360,EXC-05,Excavator 85T,BLOCK_B,maintenance,2025-04-22 00:41:56,2025-04-22 12:35:56,11.9,ELECTRICAL_FAULT,Alternator circuit grounding issue,True
EVT-1361,EXC-05,Excavator 85T,BLOCK_B,downtime,2025-05-03 10:40:10,2025-05-03 13:40:10,3.0,SCHEDULED_PM,250-hour routine preventive maintenance inspection,True
EVT-1362,EXC-05,Excavator 85T,BLOCK_B,repair,2025-05-07 07:23:53,2025-05-07 09:47:53,2.4,TRACK_DAMAGE,Track shoe displacement on haulage floor,True
EVT-1363,EXC-05,Excavator 85T,BLOCK_B,maintenance,2025-05-22 16:27:59,2025-05-23 02:33:59,10.1,SCHEDULED_PM,250-hour routine preventive maintenance inspection,True
EVT-1364,EXC-05,Excavator 85T,BLOCK_B,maintenance,2025-05-27 20:35:09,2025-05-28 01:05:09,4.5,ELECTRICAL_FAULT,Alternator circuit grounding issue,True
EVT-1365,EXC-05,Excavator 85T,BLOCK_B,downtime,2025-05-31 11:33:57,2025-05-31 15:27:57,3.9,BLAST_VIBRATION_CHECK,Safety inspection after bench blast,True
EVT-1366,EXC-05,Excavator 85T,BLOCK_B,maintenance,2025-06-02 20:12:59,2025-06-03 04:42:59,8.5,TRACK_DAMAGE,Track shoe displacement on haulage floor,True
EVT-1367,EXC-05,Excavator 85T,BLOCK_B,repair,2025-06-09 07:07:18,2025-06-09 14:49:18,7.7,TIRE_WEAR,Severe tire gouging from jagged gondite boulders,True
EVT-1368,EXC-05,Excavator 85T,BLOCK_B,repair,2025-06-17 18:02:30,2025-06-18 10:44:30,16.7,TRACK_DAMAGE,Track shoe displacement on haulage floor,True
EVT-1369,EXC-05,Excavator 85T,BLOCK_B,repair,2025-06-25 18:23:48,2025-06-26 00:59:48,6.6,ENGINE_OVERHEAT,Coolant pump failure during high ambient temp,True
EVT-1370,EXC-05,Excavator 85T,BLOCK_B,maintenance,2025-07-04 01:21:47,2025-07-04 04:21:47,3.0,SCHEDULED_PM,250-hour routine preventive maintenance inspection,True
EVT-1371,EXC-05,Excavator 85T,BLOCK_B,maintenance,2025-07-10 02:33:18,2025-07-10 05:15:18,2.7,ELECTRICAL_FAULT,Alternator circuit grounding issue,True
EVT-1372,EXC-05,Excavator 85T,BLOCK_B,downtime,2025-07-16 04:41:44,2025-07-16 07:47:44,3.1,ELECTRICAL_FAULT,Alternator circuit grounding issue,True
EVT-1373,EXC-05,Excavator 85T,BLOCK_B,repair,2025-07-19 21:00:04,2025-07-20 06:36:04,9.6,ENGINE_OVERHEAT,Coolant pump failure during high ambient temp,True
EVT-1374,EXC-05,Excavator 85T,BLOCK_B,maintenance,2025-07-24 14:58:54,2025-07-24 21:46:54,6.8,TRACK_DAMAGE,Track shoe displacement on haulage floor,True
EVT-1375,EXC-05,Excavator 85T,BLOCK_B,maintenance,2025-07-31 02:09:38,2025-07-31 04:51:38,2.7,TRACK_DAMAGE,Track shoe displacement on haulage floor,True
EVT-1376,EXC-05,Excavator 85T,BLOCK_B,downtime,2025-08-08 16:37:05,2025-08-09 00:25:05,7.8,SCHEDULED_PM,250-hour routine preventive maintenance inspection,True
EVT-1377,EXC-05,Excavator 85T,BLOCK_B,maintenance,2025-08-24 15:04:42,2025-08-24 19:04:42,4.0,TRACK_DAMAGE,Track shoe displacement on haulage floor,True
EVT-1378,EXC-05,Excavator 85T,BLOCK_B,maintenance,2025-09-01 20:28:30,2025-09-02 00:58:30,4.5,SCHEDULED_PM,250-hour routine preventive maintenance inspection,True
EVT-1379,EXC-05,Excavator 85T,BLOCK_B,repair,2025-09-14 16:22:06,2025-09-15 01:10:06,8.8,HYDRAULIC_LEAK,Hydraulic seal rupture on main boom,True
EVT-1380,EXC-05,Excavator 85T,BLOCK_B,downtime,2025-09-25 05:40:32,2025-09-25 10:46:32,5.1,ELECTRICAL_FAULT,Alternator circuit grounding issue,True
EVT-1381,EXC-05,Excavator 85T,BLOCK_B,maintenance,2025-09-29 20:43:42,2025-09-30 07:43:42,11.0,TIRE_WEAR,Severe tire gouging from jagged gondite boulders,True
EVT-1382,EXC-05,Excavator 85T,BLOCK_B,downtime,2025-10-05 12:53:18,2025-10-05 14:29:18,1.6,ELECTRICAL_FAULT,Alternator circuit grounding issue,True
EVT-1383,EXC-05,Excavator 85T,BLOCK_B,maintenance,2025-10-11 02:00:03,2025-10-11 11:30:03,9.5,ELECTRICAL_FAULT,Alternator circuit grounding issue,True
EVT-1384,EXC-05,Excavator 85T,BLOCK_B,downtime,2025-10-22 16:52:27,2025-10-22 22:16:27,5.4,HYDRAULIC_LEAK,Hydraulic seal rupture on main boom,True
EVT-1385,EXC-05,Excavator 85T,BLOCK_B,downtime,2025-10-27 11:02:33,2025-10-27 19:32:33,8.5,ENGINE_OVERHEAT,Coolant pump failure during high ambient temp,True
EVT-1386,EXC-05,Excavator 85T,BLOCK_B,downtime,2025-11-03 00:58:24,2025-11-03 02:34:24,1.6,ENGINE_OVERHEAT,Coolant pump failure during high ambient temp,True
EVT-1387,EXC-05,Excavator 85T,BLOCK_B,downtime,2025-11-06 01:08:57,2025-11-06 03:26:57,2.3,SCHEDULED_PM,250-hour routine preventive maintenance inspection,True
EVT-1388,EXC-05,Excavator 85T,BLOCK_B,downtime,2025-11-12 23:08:58,2025-11-13 07:26:58,8.3,SCHEDULED_PM,250-hour routine preventive maintenance inspection,True
EVT-1389,EXC-05,Excavator 85T,BLOCK_B,maintenance,2025-11-18 05:31:50,2025-11-18 07:37:50,2.1,ELECTRICAL_FAULT,Alternator circuit grounding issue,True
EVT-1390,EXC-05,Excavator 85T,BLOCK_B,repair,2025-11-24 04:02:46,2025-11-24 07:26:46,3.4,SCHEDULED_PM,250-hour routine preventive maintenance inspection,True
EVT-1391,EXC-05,Excavator 85T,BLOCK_B,downtime,2025-12-01 02:44:19,2025-12-01 07:14:19,4.5,BLAST_VIBRATION_CHECK,Safety inspection after bench blast,True
EVT-1392,EXC-05,Excavator 85T,BLOCK_B,maintenance,2025-12-12 05:11:17,2025-12-12 12:11:17,7.0,TRACK_DAMAGE,Track shoe displacement on haulage floor,True
EVT-1393,EXC-05,Excavator 85T,BLOCK_B,downtime,2025-12-15 19:59:55,2025-12-16 04:11:55,8.2,HYDRAULIC_LEAK,Hydraulic seal rupture on main boom,True
EVT-1394,EXC-05,Excavator 85T,BLOCK_B,maintenance,2025-12-24 02:30:53,2025-12-24 08:12:53,5.7,TRACK_DAMAGE,Track shoe displacement on haulage floor,True
EVT-1395,EXC-05,Excavator 85T,BLOCK_B,downtime,2026-01-04 18:11:34,2026-01-05 05:05:34,10.9,SCHEDULED_PM,250-hour routine preventive maintenance inspection,True
EVT-1396,EXC-05,Excavator 85T,BLOCK_B,repair,2026-01-09 18:41:16,2026-01-10 00:53:16,6.2,BLAST_VIBRATION_CHECK,Safety inspection after bench blast,True
EVT-1397,EXC-05,Excavator 85T,BLOCK_B,downtime,2026-01-17 15:16:18,2026-01-17 18:52:18,3.6,ENGINE_OVERHEAT,Coolant pump failure during high ambient temp,True
EVT-1398,EXC-05,Excavator 85T,BLOCK_B,maintenance,2026-01-18 23:06:22,2026-01-19 07:00:22,7.9,TRACK_DAMAGE,Track shoe displacement on haulage floor,True
EVT-1399,EXC-05,Excavator 85T,BLOCK_B,maintenance,2026-01-21 04:49:29,2026-01-21 08:25:29,3.6,TIRE_WEAR,Severe tire gouging from jagged gondite boulders,True
EVT-1400,EXC-05,Excavator 85T,BLOCK_B,maintenance,2026-01-22 15:03:48,2026-01-22 20:57:48,5.9,TRACK_DAMAGE,Track shoe displacement on haulage floor,True
EVT-1401,EXC-05,Excavator 85T,BLOCK_B,repair,2026-02-03 12:10:41,2026-02-03 16:04:41,3.9,TIRE_WEAR,Severe tire gouging from jagged gondite boulders,True
EVT-1402,EXC-05,Excavator 85T,BLOCK_B,downtime,2026-02-10 06:33:19,2026-02-10 07:57:19,1.4,ENGINE_OVERHEAT,Coolant pump failure during high ambient temp,True
EVT-1403,EXC-05,Excavator 85T,BLOCK_B,downtime,2026-02-14 14:44:21,2026-02-14 21:14:21,6.5,TRACK_DAMAGE,Track shoe displacement on haulage floor,True
EVT-1404,EXC-05,Excavator 85T,BLOCK_B,downtime,2026-02-24 19:17:36,2026-02-24 23:41:36,4.4,SCHEDULED_PM,250-hour routine preventive maintenance inspection,True
EVT-1405,EXC-05,Excavator 85T,BLOCK_B,downtime,2026-03-04 16:14:40,2026-03-04 18:44:40,2.5,HYDRAULIC_LEAK,Hydraulic seal rupture on main boom,True
EVT-1406,EXC-05,Excavator 85T,BLOCK_B,repair,2026-03-07 17:33:28,2026-03-08 15:15:28,21.7,SCHEDULED_PM,250-hour routine preventive maintenance inspection,True
EVT-1407,EXC-05,Excavator 85T,BLOCK_B,downtime,2026-03-17 12:48:31,2026-03-17 19:30:31,6.7,ENGINE_OVERHEAT,Coolant pump failure during high ambient temp,True
EVT-1408,EXC-05,Excavator 85T,BLOCK_B,maintenance,2026-03-22 00:26:31,2026-03-22 06:50:31,6.4,TIRE_WEAR,Severe tire gouging from jagged gondite boulders,True
EVT-1409,EXC-05,Excavator 85T,BLOCK_B,maintenance,2026-04-06 20:22:48,2026-04-06 21:58:48,1.6,TIRE_WEAR,Severe tire gouging from jagged gondite boulders,True
EVT-1410,EXC-05,Excavator 85T,BLOCK_B,downtime,2026-04-10 23:15:54,2026-04-11 02:57:54,3.7,TRACK_DAMAGE,Track shoe displacement on haulage floor,True
EVT-1411,EXC-05,Excavator 85T,BLOCK_B,maintenance,2026-04-16 11:27:48,2026-04-16 15:33:48,4.1,ELECTRICAL_FAULT,Alternator circuit grounding issue,True
EVT-1412,EXC-05,Excavator 85T,BLOCK_B,downtime,2026-05-02 00:09:28,2026-05-02 05:03:28,4.9,HYDRAULIC_LEAK,Hydraulic seal rupture on main boom,True
EVT-1413,EXC-05,Excavator 85T,BLOCK_B,downtime,2026-05-03 14:27:43,2026-05-03 17:03:43,2.6,TIRE_WEAR,Severe tire gouging from jagged gondite boulders,True
EVT-1414,EXC-05,Excavator 85T,BLOCK_B,maintenance,2026-05-12 05:57:02,2026-05-12 09:39:02,3.7,TIRE_WEAR,Severe tire gouging from jagged gondite boulders,True
EVT-1415,EXC-05,Excavator 85T,BLOCK_B,downtime,2026-05-17 11:16:57,2026-05-17 15:04:57,3.8,ELECTRICAL_FAULT,Alternator circuit grounding issue,True
EVT-1416,EXC-05,Excavator 85T,BLOCK_B,downtime,2026-05-26 21:35:08,2026-05-27 01:29:08,3.9,BLAST_VIBRATION_CHECK,Safety inspection after bench blast,True
EVT-1417,EXC-05,Excavator 85T,BLOCK_B,maintenance,2026-05-28 12:48:16,2026-05-28 16:24:16,3.6,ENGINE_OVERHEAT,Coolant pump failure during high ambient temp,True
EVT-1418,EXC-05,Excavator 85T,BLOCK_B,downtime,2026-06-11 23:01:01,2026-06-12 10:37:01,11.6,SCHEDULED_PM,250-hour routine preventive maintenance inspection,True
EVT-1419,EXC-05,Excavator 85T,BLOCK_B,repair,2026-06-20 07:20:30,2026-06-20 14:02:30,6.7,HYDRAULIC_LEAK,Hydraulic seal rupture on main boom,True
EVT-1420,EXC-05,Excavator 85T,BLOCK_B,repair,2026-06-23 23:01:16,2026-06-24 01:25:16,2.4,HYDRAULIC_LEAK,Hydraulic seal rupture on main boom,True
EVT-1421,EXC-05,Excavator 85T,BLOCK_B,maintenance,2026-06-29 15:50:04,2026-06-29 21:02:04,5.2,ELECTRICAL_FAULT,Alternator circuit grounding issue,True
EVT-1422,EXC-05,Excavator 85T,BLOCK_B,maintenance,2026-07-06 22:24:48,2026-07-07 00:48:48,2.4,TIRE_WEAR,Severe tire gouging from jagged gondite boulders,True
EVT-1423,EXC-05,Excavator 85T,BLOCK_B,maintenance,2026-07-09 01:40:37,2026-07-09 06:34:37,4.9,TIRE_WEAR,Severe tire gouging from jagged gondite boulders,True
EVT-1424,EXC-05,Excavator 85T,BLOCK_B,maintenance,2026-07-18 22:21:49,2026-07-19 01:51:49,3.5,ELECTRICAL_FAULT,Alternator circuit grounding issue,True
EVT-1425,EXC-05,Excavator 85T,BLOCK_B,repair,2026-07-22 06:44:31,2026-07-22 11:50:31,5.1,TRACK_DAMAGE,Track shoe displacement on haulage floor,True
EVT-1426,EXC-05,Excavator 85T,BLOCK_B,repair,2026-08-02 21:43:27,2026-08-03 02:01:27,4.3,ELECTRICAL_FAULT,Alternator circuit grounding issue,True
EVT-1427,EXC-05,Excavator 85T,BLOCK_B,downtime,2026-08-07 07:17:47,2026-08-07 08:53:47,1.6,SCHEDULED_PM,250-hour routine preventive maintenance inspection,True
EVT-1428,EXC-05,Excavator 85T,BLOCK_B,downtime,2026-08-14 22:39:35,2026-08-15 03:45:35,5.1,BLAST_VIBRATION_CHECK,Safety inspection after bench blast,True
EVT-1429,EXC-05,Excavator 85T,BLOCK_B,downtime,2026-08-21 13:02:46,2026-08-21 16:26:46,3.4,TIRE_WEAR,Severe tire gouging from jagged gondite boulders,True
EVT-1430,EXC-05,Excavator 85T,BLOCK_B,downtime,2026-08-29 05:00:21,2026-08-29 10:30:21,5.5,ENGINE_OVERHEAT,Coolant pump failure during high ambient temp,True
EVT-1431,EXC-06,Excavator 85T,BLOCK_C,maintenance,2025-01-18 14:07:20,2025-01-18 20:19:20,6.2,ENGINE_OVERHEAT,Coolant pump failure during high ambient temp,True
EVT-1432,EXC-06,Excavator 85T,BLOCK_C,downtime,2025-01-24 21:49:17,2025-01-25 02:25:17,4.6,SCHEDULED_PM,250-hour routine preventive maintenance inspection,True
EVT-1433,EXC-06,Excavator 85T,BLOCK_C,downtime,2025-01-29 22:28:53,2025-01-30 01:58:53,3.5,HYDRAULIC_LEAK,Hydraulic seal rupture on main boom,True
EVT-1434,EXC-06,Excavator 85T,BLOCK_C,downtime,2025-02-05 13:14:58,2025-02-05 15:02:58,1.8,BLAST_VIBRATION_CHECK,Safety inspection after bench blast,True
EVT-1435,EXC-06,Excavator 85T,BLOCK_C,maintenance,2025-02-12 13:45:02,2025-02-12 19:15:02,5.5,TRACK_DAMAGE,Track shoe displacement on haulage floor,True
EVT-1436,EXC-06,Excavator 85T,BLOCK_C,downtime,2025-02-21 20:57:55,2025-02-21 23:51:55,2.9,TRACK_DAMAGE,Track shoe displacement on haulage floor,True
EVT-1437,EXC-06,Excavator 85T,BLOCK_C,maintenance,2025-02-26 11:40:56,2025-02-26 13:34:56,1.9,BLAST_VIBRATION_CHECK,Safety inspection after bench blast,True
EVT-1438,EXC-06,Excavator 85T,BLOCK_C,repair,2025-03-08 13:41:34,2025-03-08 20:17:34,6.6,HYDRAULIC_LEAK,Hydraulic seal rupture on main boom,True
EVT-1439,EXC-06,Excavator 85T,BLOCK_C,maintenance,2025-03-12 11:12:51,2025-03-12 16:54:51,5.7,TRACK_DAMAGE,Track shoe displacement on haulage floor,True
EVT-1440,EXC-06,Excavator 85T,BLOCK_C,maintenance,2025-03-15 07:15:31,2025-03-15 13:15:31,6.0,BLAST_VIBRATION_CHECK,Safety inspection after bench blast,True
EVT-1441,EXC-06,Excavator 85T,BLOCK_C,maintenance,2025-03-20 18:54:42,2025-03-20 23:30:42,4.6,TIRE_WEAR,Severe tire gouging from jagged gondite boulders,True
EVT-1442,EXC-06,Excavator 85T,BLOCK_C,repair,2025-04-03 15:53:34,2025-04-03 18:59:34,3.1,ELECTRICAL_FAULT,Alternator circuit grounding issue,True
EVT-1443,EXC-06,Excavator 85T,BLOCK_C,downtime,2025-04-10 03:37:38,2025-04-10 06:07:38,2.5,ENGINE_OVERHEAT,Coolant pump failure during high ambient temp,True
EVT-1444,EXC-06,Excavator 85T,BLOCK_C,maintenance,2025-04-15 16:27:03,2025-04-16 03:39:03,11.2,TRACK_DAMAGE,Track shoe displacement on haulage floor,True
EVT-1445,EXC-06,Excavator 85T,BLOCK_C,repair,2025-04-18 22:11:15,2025-04-19 05:05:15,6.9,HYDRAULIC_LEAK,Hydraulic seal rupture on main boom,True
EVT-1446,EXC-06,Excavator 85T,BLOCK_C,downtime,2025-04-26 20:02:59,2025-04-27 04:14:59,8.2,TIRE_WEAR,Severe tire gouging from jagged gondite boulders,True
EVT-1447,EXC-06,Excavator 85T,BLOCK_C,downtime,2025-05-02 16:03:54,2025-05-02 20:15:54,4.2,BLAST_VIBRATION_CHECK,Safety inspection after bench blast,True
EVT-1448,EXC-06,Excavator 85T,BLOCK_C,repair,2025-05-11 00:09:21,2025-05-11 03:03:21,2.9,TRACK_DAMAGE,Track shoe displacement on haulage floor,True
EVT-1449,EXC-06,Excavator 85T,BLOCK_C,downtime,2025-05-16 12:27:51,2025-05-16 15:09:51,2.7,ELECTRICAL_FAULT,Alternator circuit grounding issue,True
EVT-1450,EXC-06,Excavator 85T,BLOCK_C,maintenance,2025-05-21 10:12:58,2025-05-21 15:00:58,4.8,BLAST_VIBRATION_CHECK,Safety inspection after bench blast,True
EVT-1451,EXC-06,Excavator 85T,BLOCK_C,downtime,2025-05-28 02:03:04,2025-05-28 04:57:04,2.9,TRACK_DAMAGE,Track shoe displacement on haulage floor,True
EVT-1452,EXC-06,Excavator 85T,BLOCK_C,maintenance,2025-06-03 13:38:48,2025-06-03 15:14:48,1.6,ELECTRICAL_FAULT,Alternator circuit grounding issue,True
EVT-1453,EXC-06,Excavator 85T,BLOCK_C,downtime,2025-06-11 14:52:52,2025-06-11 21:16:52,6.4,SCHEDULED_PM,250-hour routine preventive maintenance inspection,True
EVT-1454,EXC-06,Excavator 85T,BLOCK_C,downtime,2025-06-18 08:18:28,2025-06-18 16:30:28,8.2,ELECTRICAL_FAULT,Alternator circuit grounding issue,True
EVT-1455,EXC-06,Excavator 85T,BLOCK_C,maintenance,2025-06-27 09:41:16,2025-06-27 12:59:16,3.3,SCHEDULED_PM,250-hour routine preventive maintenance inspection,True
EVT-1456,EXC-06,Excavator 85T,BLOCK_C,downtime,2025-07-03 01:52:45,2025-07-03 03:40:45,1.8,HYDRAULIC_LEAK,Hydraulic seal rupture on main boom,True
EVT-1457,EXC-06,Excavator 85T,BLOCK_C,downtime,2025-07-15 04:21:33,2025-07-15 09:21:33,5.0,BLAST_VIBRATION_CHECK,Safety inspection after bench blast,True
EVT-1458,EXC-06,Excavator 85T,BLOCK_C,repair,2025-07-19 04:36:18,2025-07-19 08:42:18,4.1,SCHEDULED_PM,250-hour routine preventive maintenance inspection,True
EVT-1459,EXC-06,Excavator 85T,BLOCK_C,maintenance,2025-07-28 01:39:58,2025-07-28 05:15:58,3.6,HYDRAULIC_LEAK,Hydraulic seal rupture on main boom,True
EVT-1460,EXC-06,Excavator 85T,BLOCK_C,repair,2025-08-09 11:25:47,2025-08-09 17:19:47,5.9,BLAST_VIBRATION_CHECK,Safety inspection after bench blast,True
EVT-1461,EXC-06,Excavator 85T,BLOCK_C,repair,2025-08-12 13:05:01,2025-08-12 17:59:01,4.9,SCHEDULED_PM,250-hour routine preventive maintenance inspection,True
EVT-1462,EXC-06,Excavator 85T,BLOCK_C,downtime,2025-08-15 04:19:39,2025-08-15 10:07:39,5.8,TIRE_WEAR,Severe tire gouging from jagged gondite boulders,True
EVT-1463,EXC-06,Excavator 85T,BLOCK_C,downtime,2025-08-21 21:13:16,2025-08-22 01:55:16,4.7,SCHEDULED_PM,250-hour routine preventive maintenance inspection,True
EVT-1464,EXC-06,Excavator 85T,BLOCK_C,maintenance,2025-08-24 09:10:24,2025-08-24 12:04:24,2.9,TRACK_DAMAGE,Track shoe displacement on haulage floor,True
EVT-1465,EXC-06,Excavator 85T,BLOCK_C,downtime,2025-08-29 13:52:20,2025-08-29 16:40:20,2.8,SCHEDULED_PM,250-hour routine preventive maintenance inspection,True
EVT-1466,EXC-06,Excavator 85T,BLOCK_C,downtime,2025-08-31 21:05:40,2025-09-01 01:41:40,4.6,TIRE_WEAR,Severe tire gouging from jagged gondite boulders,True
EVT-1467,EXC-06,Excavator 85T,BLOCK_C,maintenance,2025-09-09 03:22:16,2025-09-09 11:10:16,7.8,HYDRAULIC_LEAK,Hydraulic seal rupture on main boom,True
EVT-1468,EXC-06,Excavator 85T,BLOCK_C,maintenance,2025-09-11 23:33:16,2025-09-12 04:21:16,4.8,ELECTRICAL_FAULT,Alternator circuit grounding issue,True
EVT-1469,EXC-06,Excavator 85T,BLOCK_C,downtime,2025-09-23 11:13:56,2025-09-23 14:19:56,3.1,BLAST_VIBRATION_CHECK,Safety inspection after bench blast,True
EVT-1470,EXC-06,Excavator 85T,BLOCK_C,downtime,2025-09-30 06:52:51,2025-09-30 11:52:51,5.0,ENGINE_OVERHEAT,Coolant pump failure during high ambient temp,True
EVT-1471,EXC-06,Excavator 85T,BLOCK_C,downtime,2025-10-03 02:54:20,2025-10-03 08:00:20,5.1,BLAST_VIBRATION_CHECK,Safety inspection after bench blast,True
EVT-1472,EXC-06,Excavator 85T,BLOCK_C,maintenance,2025-10-07 05:58:00,2025-10-07 08:52:00,2.9,BLAST_VIBRATION_CHECK,Safety inspection after bench blast,True
EVT-1473,EXC-06,Excavator 85T,BLOCK_C,repair,2025-10-12 01:13:58,2025-10-12 15:49:58,14.6,TIRE_WEAR,Severe tire gouging from jagged gondite boulders,True
EVT-1474,EXC-06,Excavator 85T,BLOCK_C,maintenance,2025-10-18 09:43:43,2025-10-18 17:13:43,7.5,HYDRAULIC_LEAK,Hydraulic seal rupture on main boom,True
EVT-1475,EXC-06,Excavator 85T,BLOCK_C,maintenance,2025-10-21 15:58:59,2025-10-21 20:10:59,4.2,TRACK_DAMAGE,Track shoe displacement on haulage floor,True
EVT-1476,EXC-06,Excavator 85T,BLOCK_C,downtime,2025-10-26 10:20:00,2025-10-27 00:08:00,13.8,HYDRAULIC_LEAK,Hydraulic seal rupture on main boom,True
EVT-1477,EXC-06,Excavator 85T,BLOCK_C,repair,2025-11-03 15:46:31,2025-11-03 21:16:31,5.5,ELECTRICAL_FAULT,Alternator circuit grounding issue,True
EVT-1478,EXC-06,Excavator 85T,BLOCK_C,repair,2025-11-16 19:04:33,2025-11-17 00:22:33,5.3,TIRE_WEAR,Severe tire gouging from jagged gondite boulders,True
EVT-1479,EXC-06,Excavator 85T,BLOCK_C,repair,2025-11-21 01:03:50,2025-11-21 11:27:50,10.4,BLAST_VIBRATION_CHECK,Safety inspection after bench blast,True
EVT-1480,EXC-06,Excavator 85T,BLOCK_C,repair,2025-11-27 11:52:04,2025-11-27 19:22:04,7.5,ELECTRICAL_FAULT,Alternator circuit grounding issue,True
EVT-1481,EXC-06,Excavator 85T,BLOCK_C,downtime,2025-12-11 13:20:31,2025-12-11 19:20:31,6.0,ENGINE_OVERHEAT,Coolant pump failure during high ambient temp,True
EVT-1482,EXC-06,Excavator 85T,BLOCK_C,maintenance,2025-12-19 05:01:16,2025-12-19 08:37:16,3.6,SCHEDULED_PM,250-hour routine preventive maintenance inspection,True
EVT-1483,EXC-06,Excavator 85T,BLOCK_C,maintenance,2025-12-21 22:31:06,2025-12-22 03:01:06,4.5,BLAST_VIBRATION_CHECK,Safety inspection after bench blast,True
EVT-1484,EXC-06,Excavator 85T,BLOCK_C,downtime,2025-12-25 14:45:00,2025-12-25 18:51:00,4.1,HYDRAULIC_LEAK,Hydraulic seal rupture on main boom,True
EVT-1485,EXC-06,Excavator 85T,BLOCK_C,downtime,2025-12-30 20:27:15,2025-12-30 23:33:15,3.1,SCHEDULED_PM,250-hour routine preventive maintenance inspection,True
EVT-1486,EXC-06,Excavator 85T,BLOCK_C,downtime,2026-01-07 16:49:25,2026-01-08 11:19:25,18.5,TRACK_DAMAGE,Track shoe displacement on haulage floor,True
EVT-1487,EXC-06,Excavator 85T,BLOCK_C,downtime,2026-01-14 16:02:20,2026-01-14 23:38:20,7.6,BLAST_VIBRATION_CHECK,Safety inspection after bench blast,True
EVT-1488,EXC-06,Excavator 85T,BLOCK_C,maintenance,2026-01-19 13:23:07,2026-01-19 17:29:07,4.1,HYDRAULIC_LEAK,Hydraulic seal rupture on main boom,True
EVT-1489,EXC-06,Excavator 85T,BLOCK_C,repair,2026-01-26 06:40:15,2026-01-26 12:22:15,5.7,SCHEDULED_PM,250-hour routine preventive maintenance inspection,True
EVT-1490,EXC-06,Excavator 85T,BLOCK_C,maintenance,2026-01-29 12:32:26,2026-01-29 16:44:26,4.2,BLAST_VIBRATION_CHECK,Safety inspection after bench blast,True
EVT-1491,EXC-06,Excavator 85T,BLOCK_C,downtime,2026-02-07 14:03:04,2026-02-07 16:57:04,2.9,SCHEDULED_PM,250-hour routine preventive maintenance inspection,True
EVT-1492,EXC-06,Excavator 85T,BLOCK_C,downtime,2026-02-12 04:59:47,2026-02-12 06:35:47,1.6,ELECTRICAL_FAULT,Alternator circuit grounding issue,True
EVT-1493,EXC-06,Excavator 85T,BLOCK_C,downtime,2026-02-17 18:29:30,2026-02-18 00:29:30,6.0,TIRE_WEAR,Severe tire gouging from jagged gondite boulders,True
EVT-1494,EXC-06,Excavator 85T,BLOCK_C,repair,2026-03-01 18:51:25,2026-03-01 23:27:25,4.6,ELECTRICAL_FAULT,Alternator circuit grounding issue,True
EVT-1495,EXC-06,Excavator 85T,BLOCK_C,repair,2026-03-06 05:04:18,2026-03-06 14:04:18,9.0,BLAST_VIBRATION_CHECK,Safety inspection after bench blast,True
EVT-1496,EXC-06,Excavator 85T,BLOCK_C,repair,2026-03-10 10:07:42,2026-03-10 13:25:42,3.3,ELECTRICAL_FAULT,Alternator circuit grounding issue,True
EVT-1497,EXC-06,Excavator 85T,BLOCK_C,repair,2026-03-26 10:38:17,2026-03-26 19:38:17,9.0,TRACK_DAMAGE,Track shoe displacement on haulage floor,True
EVT-1498,EXC-06,Excavator 85T,BLOCK_C,maintenance,2026-04-01 03:27:43,2026-04-01 13:09:43,9.7,TRACK_DAMAGE,Track shoe displacement on haulage floor,True
EVT-1499,EXC-06,Excavator 85T,BLOCK_C,downtime,2026-04-15 09:31:20,2026-04-15 11:25:20,1.9,ELECTRICAL_FAULT,Alternator circuit grounding issue,True
EVT-1500,EXC-06,Excavator 85T,BLOCK_C,repair,2026-04-30 08:17:56,2026-04-30 16:29:56,8.2,ENGINE_OVERHEAT,Coolant pump failure during high ambient temp,True
EVT-1501,EXC-06,Excavator 85T,BLOCK_C,maintenance,2026-05-07 16:38:36,2026-05-07 23:56:36,7.3,ENGINE_OVERHEAT,Coolant pump failure during high ambient temp,True
EVT-1502,EXC-06,Excavator 85T,BLOCK_C,downtime,2026-05-17 01:34:08,2026-05-17 05:58:08,4.4,SCHEDULED_PM,250-hour routine preventive maintenance inspection,True
EVT-1503,EXC-06,Excavator 85T,BLOCK_C,maintenance,2026-05-24 19:02:01,2026-05-25 03:56:01,8.9,ENGINE_OVERHEAT,Coolant pump failure during high ambient temp,True
EVT-1504,EXC-06,Excavator 85T,BLOCK_C,repair,2026-05-31 22:22:49,2026-06-01 06:22:49,8.0,TRACK_DAMAGE,Track shoe displacement on haulage floor,True
EVT-1505,EXC-06,Excavator 85T,BLOCK_C,maintenance,2026-06-06 11:42:41,2026-06-06 16:36:41,4.9,TIRE_WEAR,Severe tire gouging from jagged gondite boulders,True
EVT-1506,EXC-06,Excavator 85T,BLOCK_C,downtime,2026-06-10 15:54:42,2026-06-10 17:48:42,1.9,TIRE_WEAR,Severe tire gouging from jagged gondite boulders,True
EVT-1507,EXC-06,Excavator 85T,BLOCK_C,maintenance,2026-06-17 04:00:04,2026-06-17 07:54:04,3.9,TIRE_WEAR,Severe tire gouging from jagged gondite boulders,True
EVT-1508,EXC-06,Excavator 85T,BLOCK_C,downtime,2026-06-29 00:23:15,2026-06-29 08:41:15,8.3,BLAST_VIBRATION_CHECK,Safety inspection after bench blast,True
EVT-1509,EXC-06,Excavator 85T,BLOCK_C,downtime,2026-07-02 22:44:02,2026-07-03 04:14:02,5.5,SCHEDULED_PM,250-hour routine preventive maintenance inspection,True
EVT-1510,EXC-06,Excavator 85T,BLOCK_C,maintenance,2026-07-14 19:04:28,2026-07-14 22:34:28,3.5,BLAST_VIBRATION_CHECK,Safety inspection after bench blast,True
EVT-1511,EXC-06,Excavator 85T,BLOCK_C,maintenance,2026-07-22 14:48:58,2026-07-22 19:30:58,4.7,ENGINE_OVERHEAT,Coolant pump failure during high ambient temp,True
EVT-1512,EXC-06,Excavator 85T,BLOCK_C,downtime,2026-08-05 03:23:45,2026-08-05 08:17:45,4.9,ELECTRICAL_FAULT,Alternator circuit grounding issue,True
EVT-1513,EXC-06,Excavator 85T,BLOCK_C,downtime,2026-08-17 08:45:17,2026-08-17 11:33:17,2.8,SCHEDULED_PM,250-hour routine preventive maintenance inspection,True
EVT-1514,EXC-06,Excavator 85T,BLOCK_C,maintenance,2026-08-18 23:45:53,2026-08-19 03:15:53,3.5,ELECTRICAL_FAULT,Alternator circuit grounding issue,True
EVT-1515,EXC-06,Excavator 85T,BLOCK_C,maintenance,2026-08-24 06:52:50,2026-08-25 00:16:50,17.4,TRACK_DAMAGE,Track shoe displacement on haulage floor,True
EVT-1516,DMP-01,Dumper 60T,BLOCK_A,repair,2025-01-04 19:39:40,2025-01-05 00:15:40,4.6,ENGINE_OVERHEAT,Coolant pump failure during high ambient temp,True
EVT-1517,DMP-01,Dumper 60T,BLOCK_A,maintenance,2025-01-10 09:50:54,2025-01-10 11:14:54,1.4,ENGINE_OVERHEAT,Coolant pump failure during high ambient temp,True
EVT-1518,DMP-01,Dumper 60T,BLOCK_A,repair,2025-01-15 06:59:03,2025-01-15 11:41:03,4.7,ELECTRICAL_FAULT,Alternator circuit grounding issue,True
EVT-1519,DMP-01,Dumper 60T,BLOCK_A,downtime,2025-01-26 16:50:06,2025-01-27 01:20:06,8.5,BLAST_VIBRATION_CHECK,Safety inspection after bench blast,True
EVT-1520,DMP-01,Dumper 60T,BLOCK_A,maintenance,2025-02-08 05:41:03,2025-02-08 07:23:03,1.7,TIRE_WEAR,Severe tire gouging from jagged gondite boulders,True
EVT-1521,DMP-01,Dumper 60T,BLOCK_A,downtime,2025-02-11 04:44:54,2025-02-11 07:44:54,3.0,BLAST_VIBRATION_CHECK,Safety inspection after bench blast,True
EVT-1522,DMP-01,Dumper 60T,BLOCK_A,maintenance,2025-02-17 13:55:43,2025-02-17 18:37:43,4.7,BLAST_VIBRATION_CHECK,Safety inspection after bench blast,True
EVT-1523,DMP-01,Dumper 60T,BLOCK_A,repair,2025-02-25 19:26:24,2025-02-26 02:02:24,6.6,ELECTRICAL_FAULT,Alternator circuit grounding issue,True
EVT-1524,DMP-01,Dumper 60T,BLOCK_A,repair,2025-03-01 03:15:23,2025-03-01 07:27:23,4.2,ENGINE_OVERHEAT,Coolant pump failure during high ambient temp,True
EVT-1525,DMP-01,Dumper 60T,BLOCK_A,maintenance,2025-03-14 15:11:19,2025-03-14 17:23:19,2.2,SCHEDULED_PM,250-hour routine preventive maintenance inspection,True
EVT-1526,DMP-01,Dumper 60T,BLOCK_A,downtime,2025-03-19 23:44:49,2025-03-20 10:14:49,10.5,HYDRAULIC_LEAK,Hydraulic seal rupture on main boom,True
EVT-1527,DMP-01,Dumper 60T,BLOCK_A,repair,2025-03-31 03:07:25,2025-03-31 15:07:25,12.0,ELECTRICAL_FAULT,Alternator circuit grounding issue,True
EVT-1528,DMP-01,Dumper 60T,BLOCK_A,downtime,2025-04-01 21:50:24,2025-04-02 01:02:24,3.2,ELECTRICAL_FAULT,Alternator circuit grounding issue,True
EVT-1529,DMP-01,Dumper 60T,BLOCK_A,downtime,2025-04-15 07:20:22,2025-04-15 10:26:22,3.1,ENGINE_OVERHEAT,Coolant pump failure during high ambient temp,True
EVT-1530,DMP-01,Dumper 60T,BLOCK_A,downtime,2025-04-18 21:36:39,2025-04-19 02:12:39,4.6,BLAST_VIBRATION_CHECK,Safety inspection after bench blast,True
EVT-1531,DMP-01,Dumper 60T,BLOCK_A,repair,2025-04-25 18:46:33,2025-04-25 21:58:33,3.2,HYDRAULIC_LEAK,Hydraulic seal rupture on main boom,True
EVT-1532,DMP-01,Dumper 60T,BLOCK_A,maintenance,2025-05-06 07:43:11,2025-05-06 12:19:11,4.6,TRACK_DAMAGE,Track shoe displacement on haulage floor,True
EVT-1533,DMP-01,Dumper 60T,BLOCK_A,downtime,2025-05-18 23:48:00,2025-05-19 06:24:00,6.6,BLAST_VIBRATION_CHECK,Safety inspection after bench blast,True
EVT-1534,DMP-01,Dumper 60T,BLOCK_A,downtime,2025-05-27 22:50:18,2025-05-28 04:02:18,5.2,HYDRAULIC_LEAK,Hydraulic seal rupture on main boom,True
EVT-1535,DMP-01,Dumper 60T,BLOCK_A,repair,2025-06-05 04:49:09,2025-06-05 08:55:09,4.1,TIRE_WEAR,Severe tire gouging from jagged gondite boulders,True
EVT-1536,DMP-01,Dumper 60T,BLOCK_A,maintenance,2025-06-11 01:54:18,2025-06-11 04:30:18,2.6,SCHEDULED_PM,250-hour routine preventive maintenance inspection,True
EVT-1537,DMP-01,Dumper 60T,BLOCK_A,downtime,2025-06-14 06:03:19,2025-06-14 18:09:19,12.1,TRACK_DAMAGE,Track shoe displacement on haulage floor,True
EVT-1538,DMP-01,Dumper 60T,BLOCK_A,maintenance,2025-06-23 08:49:21,2025-06-23 15:07:21,6.3,TIRE_WEAR,Severe tire gouging from jagged gondite boulders,True
EVT-1539,DMP-01,Dumper 60T,BLOCK_A,maintenance,2025-06-27 18:51:32,2025-06-28 02:03:32,7.2,SCHEDULED_PM,250-hour routine preventive maintenance inspection,True
EVT-1540,DMP-01,Dumper 60T,BLOCK_A,downtime,2025-07-11 16:05:11,2025-07-12 04:41:11,12.6,HYDRAULIC_LEAK,Hydraulic seal rupture on main boom,True
EVT-1541,DMP-01,Dumper 60T,BLOCK_A,downtime,2025-07-23 08:57:47,2025-07-23 10:57:47,2.0,BLAST_VIBRATION_CHECK,Safety inspection after bench blast,True
EVT-1542,DMP-01,Dumper 60T,BLOCK_A,repair,2025-08-08 23:20:27,2025-08-09 03:26:27,4.1,ENGINE_OVERHEAT,Coolant pump failure during high ambient temp,True
EVT-1543,DMP-01,Dumper 60T,BLOCK_A,maintenance,2025-08-17 19:27:35,2025-08-18 05:39:35,10.2,ELECTRICAL_FAULT,Alternator circuit grounding issue,True
EVT-1544,DMP-01,Dumper 60T,BLOCK_A,repair,2025-08-28 15:13:14,2025-08-29 02:07:14,10.9,TIRE_WEAR,Severe tire gouging from jagged gondite boulders,True
EVT-1545,DMP-01,Dumper 60T,BLOCK_A,maintenance,2025-09-04 09:02:11,2025-09-04 13:02:11,4.0,TIRE_WEAR,Severe tire gouging from jagged gondite boulders,True
EVT-1546,DMP-01,Dumper 60T,BLOCK_A,downtime,2025-09-10 00:30:35,2025-09-10 15:30:35,15.0,ENGINE_OVERHEAT,Coolant pump failure during high ambient temp,True
EVT-1547,DMP-01,Dumper 60T,BLOCK_A,maintenance,2025-09-19 08:26:47,2025-09-19 13:50:47,5.4,HYDRAULIC_LEAK,Hydraulic seal rupture on main boom,True
EVT-1548,DMP-01,Dumper 60T,BLOCK_A,downtime,2025-09-24 19:24:00,2025-09-25 02:48:00,7.4,TIRE_WEAR,Severe tire gouging from jagged gondite boulders,True
EVT-1549,DMP-01,Dumper 60T,BLOCK_A,downtime,2025-10-09 23:53:31,2025-10-10 04:47:31,4.9,TRACK_DAMAGE,Track shoe displacement on haulage floor,True
EVT-1550,DMP-01,Dumper 60T,BLOCK_A,downtime,2025-10-14 08:08:11,2025-10-14 14:32:11,6.4,ENGINE_OVERHEAT,Coolant pump failure during high ambient temp,True
EVT-1551,DMP-01,Dumper 60T,BLOCK_A,downtime,2025-10-20 07:38:25,2025-10-20 10:02:25,2.4,ELECTRICAL_FAULT,Alternator circuit grounding issue,True
EVT-1552,DMP-01,Dumper 60T,BLOCK_A,maintenance,2025-10-22 06:25:49,2025-10-22 15:07:49,8.7,TIRE_WEAR,Severe tire gouging from jagged gondite boulders,True
EVT-1553,DMP-01,Dumper 60T,BLOCK_A,downtime,2025-11-01 06:37:43,2025-11-01 09:49:43,3.2,ENGINE_OVERHEAT,Coolant pump failure during high ambient temp,True
EVT-1554,DMP-01,Dumper 60T,BLOCK_A,downtime,2025-11-07 19:14:33,2025-11-08 15:38:33,20.4,TIRE_WEAR,Severe tire gouging from jagged gondite boulders,True
EVT-1555,DMP-01,Dumper 60T,BLOCK_A,downtime,2025-11-12 17:19:52,2025-11-12 20:01:52,2.7,BLAST_VIBRATION_CHECK,Safety inspection after bench blast,True
EVT-1556,DMP-01,Dumper 60T,BLOCK_A,downtime,2025-11-19 12:03:31,2025-11-19 16:27:31,4.4,SCHEDULED_PM,250-hour routine preventive maintenance inspection,True
EVT-1557,DMP-01,Dumper 60T,BLOCK_A,downtime,2025-11-24 17:53:53,2025-11-24 21:41:53,3.8,ELECTRICAL_FAULT,Alternator circuit grounding issue,True
EVT-1558,DMP-01,Dumper 60T,BLOCK_A,maintenance,2025-12-03 00:23:37,2025-12-03 02:23:37,2.0,ELECTRICAL_FAULT,Alternator circuit grounding issue,True
EVT-1559,DMP-01,Dumper 60T,BLOCK_A,downtime,2025-12-04 12:47:40,2025-12-04 23:59:40,11.2,HYDRAULIC_LEAK,Hydraulic seal rupture on main boom,True
EVT-1560,DMP-01,Dumper 60T,BLOCK_A,repair,2025-12-09 08:32:29,2025-12-09 11:38:29,3.1,ELECTRICAL_FAULT,Alternator circuit grounding issue,True
EVT-1561,DMP-01,Dumper 60T,BLOCK_A,repair,2025-12-12 11:29:52,2025-12-12 16:29:52,5.0,BLAST_VIBRATION_CHECK,Safety inspection after bench blast,True
EVT-1562,DMP-01,Dumper 60T,BLOCK_A,maintenance,2025-12-20 12:08:37,2025-12-20 14:56:37,2.8,HYDRAULIC_LEAK,Hydraulic seal rupture on main boom,True
EVT-1563,DMP-01,Dumper 60T,BLOCK_A,downtime,2025-12-26 23:18:52,2025-12-27 08:06:52,8.8,TRACK_DAMAGE,Track shoe displacement on haulage floor,True
EVT-1564,DMP-01,Dumper 60T,BLOCK_A,repair,2026-01-09 09:55:52,2026-01-09 14:01:52,4.1,TRACK_DAMAGE,Track shoe displacement on haulage floor,True
EVT-1565,DMP-01,Dumper 60T,BLOCK_A,maintenance,2026-01-19 10:06:39,2026-01-19 15:30:39,5.4,ELECTRICAL_FAULT,Alternator circuit grounding issue,True
EVT-1566,DMP-01,Dumper 60T,BLOCK_A,maintenance,2026-01-26 22:31:55,2026-01-27 02:55:55,4.4,ELECTRICAL_FAULT,Alternator circuit grounding issue,True
EVT-1567,DMP-01,Dumper 60T,BLOCK_A,repair,2026-02-05 10:38:18,2026-02-05 16:26:18,5.8,ENGINE_OVERHEAT,Coolant pump failure during high ambient temp,True
EVT-1568,DMP-01,Dumper 60T,BLOCK_A,repair,2026-02-14 21:59:44,2026-02-15 08:41:44,10.7,TIRE_WEAR,Severe tire gouging from jagged gondite boulders,True
EVT-1569,DMP-01,Dumper 60T,BLOCK_A,maintenance,2026-02-19 19:02:30,2026-02-19 23:26:30,4.4,ENGINE_OVERHEAT,Coolant pump failure during high ambient temp,True
EVT-1570,DMP-01,Dumper 60T,BLOCK_A,downtime,2026-02-23 03:02:10,2026-02-23 09:38:10,6.6,TRACK_DAMAGE,Track shoe displacement on haulage floor,True
EVT-1571,DMP-01,Dumper 60T,BLOCK_A,maintenance,2026-03-01 20:18:56,2026-03-02 00:30:56,4.2,BLAST_VIBRATION_CHECK,Safety inspection after bench blast,True
EVT-1572,DMP-01,Dumper 60T,BLOCK_A,downtime,2026-03-09 17:16:33,2026-03-09 19:46:33,2.5,TIRE_WEAR,Severe tire gouging from jagged gondite boulders,True
EVT-1573,DMP-01,Dumper 60T,BLOCK_A,maintenance,2026-03-15 08:00:24,2026-03-15 13:24:24,5.4,TRACK_DAMAGE,Track shoe displacement on haulage floor,True
EVT-1574,DMP-01,Dumper 60T,BLOCK_A,downtime,2026-03-24 00:41:41,2026-03-24 03:23:41,2.7,TIRE_WEAR,Severe tire gouging from jagged gondite boulders,True
EVT-1575,DMP-01,Dumper 60T,BLOCK_A,maintenance,2026-03-28 09:53:49,2026-03-28 13:53:49,4.0,BLAST_VIBRATION_CHECK,Safety inspection after bench blast,True
EVT-1576,DMP-01,Dumper 60T,BLOCK_A,repair,2026-04-02 23:25:55,2026-04-03 01:13:55,1.8,SCHEDULED_PM,250-hour routine preventive maintenance inspection,True
EVT-1577,DMP-01,Dumper 60T,BLOCK_A,maintenance,2026-04-07 04:38:34,2026-04-07 09:50:34,5.2,TIRE_WEAR,Severe tire gouging from jagged gondite boulders,True
EVT-1578,DMP-01,Dumper 60T,BLOCK_A,repair,2026-04-16 18:35:09,2026-04-16 22:53:09,4.3,TRACK_DAMAGE,Track shoe displacement on haulage floor,True
EVT-1579,DMP-01,Dumper 60T,BLOCK_A,maintenance,2026-04-25 05:01:52,2026-04-25 10:01:52,5.0,ENGINE_OVERHEAT,Coolant pump failure during high ambient temp,True
EVT-1580,DMP-01,Dumper 60T,BLOCK_A,maintenance,2026-04-29 19:46:15,2026-04-30 00:52:15,5.1,TRACK_DAMAGE,Track shoe displacement on haulage floor,True
EVT-1581,DMP-01,Dumper 60T,BLOCK_A,downtime,2026-05-09 18:15:30,2026-05-10 00:21:30,6.1,ENGINE_OVERHEAT,Coolant pump failure during high ambient temp,True
EVT-1582,DMP-01,Dumper 60T,BLOCK_A,maintenance,2026-05-12 06:51:22,2026-05-12 13:33:22,6.7,BLAST_VIBRATION_CHECK,Safety inspection after bench blast,True
EVT-1583,DMP-01,Dumper 60T,BLOCK_A,maintenance,2026-05-17 06:23:05,2026-05-18 01:35:05,19.2,TIRE_WEAR,Severe tire gouging from jagged gondite boulders,True
EVT-1584,DMP-01,Dumper 60T,BLOCK_A,maintenance,2026-05-22 12:12:55,2026-05-23 00:30:55,12.3,TIRE_WEAR,Severe tire gouging from jagged gondite boulders,True
EVT-1585,DMP-01,Dumper 60T,BLOCK_A,downtime,2026-05-25 00:51:33,2026-05-25 07:27:33,6.6,HYDRAULIC_LEAK,Hydraulic seal rupture on main boom,True
EVT-1586,DMP-01,Dumper 60T,BLOCK_A,repair,2026-06-01 08:29:26,2026-06-01 12:23:26,3.9,BLAST_VIBRATION_CHECK,Safety inspection after bench blast,True
EVT-1587,DMP-01,Dumper 60T,BLOCK_A,downtime,2026-06-09 02:13:48,2026-06-09 06:07:48,3.9,TIRE_WEAR,Severe tire gouging from jagged gondite boulders,True
EVT-1588,DMP-01,Dumper 60T,BLOCK_A,downtime,2026-06-14 02:32:43,2026-06-14 03:50:43,1.3,SCHEDULED_PM,250-hour routine preventive maintenance inspection,True
EVT-1589,DMP-01,Dumper 60T,BLOCK_A,downtime,2026-06-21 23:48:48,2026-06-22 02:30:48,2.7,ENGINE_OVERHEAT,Coolant pump failure during high ambient temp,True
EVT-1590,DMP-01,Dumper 60T,BLOCK_A,downtime,2026-06-28 06:50:49,2026-06-28 11:02:49,4.2,TRACK_DAMAGE,Track shoe displacement on haulage floor,True
EVT-1591,DMP-01,Dumper 60T,BLOCK_A,downtime,2026-07-07 07:55:59,2026-07-07 13:19:59,5.4,ELECTRICAL_FAULT,Alternator circuit grounding issue,True
EVT-1592,DMP-01,Dumper 60T,BLOCK_A,downtime,2026-07-11 22:54:41,2026-07-13 01:12:41,26.3,ENGINE_OVERHEAT,Coolant pump failure during high ambient temp,True
EVT-1593,DMP-01,Dumper 60T,BLOCK_A,maintenance,2026-07-18 01:16:06,2026-07-18 07:16:06,6.0,TRACK_DAMAGE,Track shoe displacement on haulage floor,True
EVT-1594,DMP-01,Dumper 60T,BLOCK_A,maintenance,2026-07-24 11:56:36,2026-07-24 18:44:36,6.8,TRACK_DAMAGE,Track shoe displacement on haulage floor,True
EVT-1595,DMP-01,Dumper 60T,BLOCK_A,repair,2026-08-03 01:13:10,2026-08-03 03:43:10,2.5,TRACK_DAMAGE,Track shoe displacement on haulage floor,True
EVT-1596,DMP-01,Dumper 60T,BLOCK_A,repair,2026-08-07 17:57:56,2026-08-07 21:21:56,3.4,ELECTRICAL_FAULT,Alternator circuit grounding issue,True
EVT-1597,DMP-01,Dumper 60T,BLOCK_A,repair,2026-08-12 02:45:48,2026-08-12 06:57:48,4.2,TRACK_DAMAGE,Track shoe displacement on haulage floor,True
EVT-1598,DMP-01,Dumper 60T,BLOCK_A,maintenance,2026-08-21 16:10:16,2026-08-21 18:16:16,2.1,TRACK_DAMAGE,Track shoe displacement on haulage floor,True
EVT-1599,DMP-01,Dumper 60T,BLOCK_A,repair,2026-08-26 03:52:48,2026-08-26 09:46:48,5.9,ELECTRICAL_FAULT,Alternator circuit grounding issue,True
EVT-1600,DMP-02,Dumper 60T,BLOCK_A,downtime,2025-01-05 20:29:35,2025-01-06 05:53:35,9.4,ENGINE_OVERHEAT,Coolant pump failure during high ambient temp,True
EVT-1601,DMP-02,Dumper 60T,BLOCK_A,repair,2025-01-13 05:31:53,2025-01-13 07:37:53,2.1,BLAST_VIBRATION_CHECK,Safety inspection after bench blast,True
EVT-1602,DMP-02,Dumper 60T,BLOCK_A,maintenance,2025-01-19 10:04:17,2025-01-19 14:04:17,4.0,ELECTRICAL_FAULT,Alternator circuit grounding issue,True
EVT-1603,DMP-02,Dumper 60T,BLOCK_A,repair,2025-01-28 11:17:54,2025-01-28 16:29:54,5.2,TIRE_WEAR,Severe tire gouging from jagged gondite boulders,True
EVT-1604,DMP-02,Dumper 60T,BLOCK_A,maintenance,2025-02-01 04:54:49,2025-02-01 12:54:49,8.0,HYDRAULIC_LEAK,Hydraulic seal rupture on main boom,True
EVT-1605,DMP-02,Dumper 60T,BLOCK_A,maintenance,2025-02-07 14:44:53,2025-02-07 20:08:53,5.4,HYDRAULIC_LEAK,Hydraulic seal rupture on main boom,True
EVT-1606,DMP-02,Dumper 60T,BLOCK_A,downtime,2025-02-16 12:20:13,2025-02-16 16:08:13,3.8,HYDRAULIC_LEAK,Hydraulic seal rupture on main boom,True
EVT-1607,DMP-02,Dumper 60T,BLOCK_A,maintenance,2025-02-25 03:07:03,2025-02-25 08:13:03,5.1,BLAST_VIBRATION_CHECK,Safety inspection after bench blast,True
EVT-1608,DMP-02,Dumper 60T,BLOCK_A,maintenance,2025-03-09 11:48:46,2025-03-09 13:54:46,2.1,TRACK_DAMAGE,Track shoe displacement on haulage floor,True
EVT-1609,DMP-02,Dumper 60T,BLOCK_A,maintenance,2025-03-12 18:40:27,2025-03-13 00:04:27,5.4,TIRE_WEAR,Severe tire gouging from jagged gondite boulders,True
EVT-1610,DMP-02,Dumper 60T,BLOCK_A,maintenance,2025-03-17 10:09:11,2025-03-17 14:45:11,4.6,TRACK_DAMAGE,Track shoe displacement on haulage floor,True
EVT-1611,DMP-02,Dumper 60T,BLOCK_A,downtime,2025-03-20 03:55:10,2025-03-20 06:25:10,2.5,ENGINE_OVERHEAT,Coolant pump failure during high ambient temp,True
EVT-1612,DMP-02,Dumper 60T,BLOCK_A,maintenance,2025-03-24 08:57:19,2025-03-24 11:15:19,2.3,SCHEDULED_PM,250-hour routine preventive maintenance inspection,True
EVT-1613,DMP-02,Dumper 60T,BLOCK_A,repair,2025-03-31 11:50:31,2025-03-31 12:50:31,1.0,SCHEDULED_PM,250-hour routine preventive maintenance inspection,True
EVT-1614,DMP-02,Dumper 60T,BLOCK_A,downtime,2025-04-08 23:45:50,2025-04-09 03:57:50,4.2,SCHEDULED_PM,250-hour routine preventive maintenance inspection,True
EVT-1615,DMP-02,Dumper 60T,BLOCK_A,downtime,2025-04-11 07:43:50,2025-04-11 10:43:50,3.0,HYDRAULIC_LEAK,Hydraulic seal rupture on main boom,True
EVT-1616,DMP-02,Dumper 60T,BLOCK_A,maintenance,2025-04-20 09:22:01,2025-04-20 10:22:01,1.0,ELECTRICAL_FAULT,Alternator circuit grounding issue,True
EVT-1617,DMP-02,Dumper 60T,BLOCK_A,repair,2025-04-29 20:01:05,2025-04-29 22:55:05,2.9,TRACK_DAMAGE,Track shoe displacement on haulage floor,True
EVT-1618,DMP-02,Dumper 60T,BLOCK_A,maintenance,2025-05-08 11:56:21,2025-05-08 18:32:21,6.6,HYDRAULIC_LEAK,Hydraulic seal rupture on main boom,True
EVT-1619,DMP-02,Dumper 60T,BLOCK_A,downtime,2025-05-14 13:09:47,2025-05-14 18:03:47,4.9,HYDRAULIC_LEAK,Hydraulic seal rupture on main boom,True
EVT-1620,DMP-02,Dumper 60T,BLOCK_A,downtime,2025-05-24 13:36:03,2025-05-24 22:12:03,8.6,ELECTRICAL_FAULT,Alternator circuit grounding issue,True
EVT-1621,DMP-02,Dumper 60T,BLOCK_A,downtime,2025-05-29 08:13:35,2025-05-29 11:49:35,3.6,ENGINE_OVERHEAT,Coolant pump failure during high ambient temp,True
EVT-1622,DMP-02,Dumper 60T,BLOCK_A,repair,2025-06-03 03:54:13,2025-06-03 06:18:13,2.4,ENGINE_OVERHEAT,Coolant pump failure during high ambient temp,True
EVT-1623,DMP-02,Dumper 60T,BLOCK_A,downtime,2025-06-07 10:02:54,2025-06-07 16:44:54,6.7,TRACK_DAMAGE,Track shoe displacement on haulage floor,True
EVT-1624,DMP-02,Dumper 60T,BLOCK_A,maintenance,2025-06-12 12:02:26,2025-06-12 18:56:26,6.9,BLAST_VIBRATION_CHECK,Safety inspection after bench blast,True
EVT-1625,DMP-02,Dumper 60T,BLOCK_A,maintenance,2025-06-20 21:33:28,2025-06-21 03:03:28,5.5,SCHEDULED_PM,250-hour routine preventive maintenance inspection,True
EVT-1626,DMP-02,Dumper 60T,BLOCK_A,downtime,2025-07-01 06:02:15,2025-07-01 08:56:15,2.9,BLAST_VIBRATION_CHECK,Safety inspection after bench blast,True
EVT-1627,DMP-02,Dumper 60T,BLOCK_A,maintenance,2025-07-04 06:53:38,2025-07-04 11:35:38,4.7,ELECTRICAL_FAULT,Alternator circuit grounding issue,True
EVT-1628,DMP-02,Dumper 60T,BLOCK_A,maintenance,2025-07-11 09:45:12,2025-07-11 12:03:12,2.3,TIRE_WEAR,Severe tire gouging from jagged gondite boulders,True
EVT-1629,DMP-02,Dumper 60T,BLOCK_A,maintenance,2025-07-17 15:35:43,2025-07-17 18:35:43,3.0,ELECTRICAL_FAULT,Alternator circuit grounding issue,True
EVT-1630,DMP-02,Dumper 60T,BLOCK_A,repair,2025-07-25 19:08:02,2025-07-26 04:32:02,9.4,TRACK_DAMAGE,Track shoe displacement on haulage floor,True
EVT-1631,DMP-02,Dumper 60T,BLOCK_A,downtime,2025-08-04 00:53:36,2025-08-04 04:17:36,3.4,TRACK_DAMAGE,Track shoe displacement on haulage floor,True
EVT-1632,DMP-02,Dumper 60T,BLOCK_A,downtime,2025-08-12 23:34:52,2025-08-13 07:28:52,7.9,ELECTRICAL_FAULT,Alternator circuit grounding issue,True
EVT-1633,DMP-02,Dumper 60T,BLOCK_A,repair,2025-08-20 11:13:32,2025-08-20 16:55:32,5.7,TIRE_WEAR,Severe tire gouging from jagged gondite boulders,True
EVT-1634,DMP-02,Dumper 60T,BLOCK_A,downtime,2025-08-30 05:38:18,2025-08-30 18:08:18,12.5,BLAST_VIBRATION_CHECK,Safety inspection after bench blast,True
EVT-1635,DMP-02,Dumper 60T,BLOCK_A,downtime,2025-09-02 02:48:18,2025-09-02 04:30:18,1.7,BLAST_VIBRATION_CHECK,Safety inspection after bench blast,True
EVT-1636,DMP-02,Dumper 60T,BLOCK_A,downtime,2025-09-18 02:04:02,2025-09-18 07:34:02,5.5,ELECTRICAL_FAULT,Alternator circuit grounding issue,True
EVT-1637,DMP-02,Dumper 60T,BLOCK_A,downtime,2025-09-26 15:24:03,2025-09-26 20:42:03,5.3,HYDRAULIC_LEAK,Hydraulic seal rupture on main boom,True
EVT-1638,DMP-02,Dumper 60T,BLOCK_A,repair,2025-09-30 15:11:33,2025-09-30 16:59:33,1.8,TIRE_WEAR,Severe tire gouging from jagged gondite boulders,True
EVT-1639,DMP-02,Dumper 60T,BLOCK_A,maintenance,2025-10-07 16:45:16,2025-10-07 19:45:16,3.0,BLAST_VIBRATION_CHECK,Safety inspection after bench blast,True
EVT-1640,DMP-02,Dumper 60T,BLOCK_A,downtime,2025-10-13 14:06:18,2025-10-13 18:00:18,3.9,BLAST_VIBRATION_CHECK,Safety inspection after bench blast,True
EVT-1641,DMP-02,Dumper 60T,BLOCK_A,maintenance,2025-10-22 02:38:00,2025-10-22 19:02:00,16.4,HYDRAULIC_LEAK,Hydraulic seal rupture on main boom,True
EVT-1642,DMP-02,Dumper 60T,BLOCK_A,downtime,2025-11-02 08:55:53,2025-11-02 12:07:53,3.2,TRACK_DAMAGE,Track shoe displacement on haulage floor,True
EVT-1643,DMP-02,Dumper 60T,BLOCK_A,downtime,2025-11-08 09:41:14,2025-11-08 12:05:14,2.4,ENGINE_OVERHEAT,Coolant pump failure during high ambient temp,True
EVT-1644,DMP-02,Dumper 60T,BLOCK_A,maintenance,2025-11-22 09:11:32,2025-11-22 11:11:32,2.0,ENGINE_OVERHEAT,Coolant pump failure during high ambient temp,True
EVT-1645,DMP-02,Dumper 60T,BLOCK_A,downtime,2025-11-30 08:26:18,2025-11-30 10:14:18,1.8,TIRE_WEAR,Severe tire gouging from jagged gondite boulders,True
EVT-1646,DMP-02,Dumper 60T,BLOCK_A,maintenance,2025-12-06 04:14:53,2025-12-06 21:08:53,16.9,SCHEDULED_PM,250-hour routine preventive maintenance inspection,True
EVT-1647,DMP-02,Dumper 60T,BLOCK_A,downtime,2025-12-09 06:36:05,2025-12-09 11:42:05,5.1,TIRE_WEAR,Severe tire gouging from jagged gondite boulders,True
EVT-1648,DMP-02,Dumper 60T,BLOCK_A,downtime,2025-12-17 19:55:21,2025-12-17 22:31:21,2.6,TIRE_WEAR,Severe tire gouging from jagged gondite boulders,True
EVT-1649,DMP-02,Dumper 60T,BLOCK_A,downtime,2025-12-22 00:16:19,2025-12-22 10:28:19,10.2,SCHEDULED_PM,250-hour routine preventive maintenance inspection,True
EVT-1650,DMP-02,Dumper 60T,BLOCK_A,downtime,2026-01-03 10:38:59,2026-01-04 00:26:59,13.8,TIRE_WEAR,Severe tire gouging from jagged gondite boulders,True
EVT-1651,DMP-02,Dumper 60T,BLOCK_A,repair,2026-01-06 00:51:30,2026-01-06 03:27:30,2.6,ENGINE_OVERHEAT,Coolant pump failure during high ambient temp,True
EVT-1652,DMP-02,Dumper 60T,BLOCK_A,maintenance,2026-01-11 20:26:19,2026-01-11 23:56:19,3.5,TIRE_WEAR,Severe tire gouging from jagged gondite boulders,True
EVT-1653,DMP-02,Dumper 60T,BLOCK_A,downtime,2026-01-19 09:05:07,2026-01-19 18:11:07,9.1,BLAST_VIBRATION_CHECK,Safety inspection after bench blast,True
EVT-1654,DMP-02,Dumper 60T,BLOCK_A,repair,2026-01-23 17:50:37,2026-01-24 00:44:37,6.9,ENGINE_OVERHEAT,Coolant pump failure during high ambient temp,True
EVT-1655,DMP-02,Dumper 60T,BLOCK_A,downtime,2026-01-31 01:33:50,2026-01-31 05:39:50,4.1,TIRE_WEAR,Severe tire gouging from jagged gondite boulders,True
EVT-1656,DMP-02,Dumper 60T,BLOCK_A,maintenance,2026-02-11 21:09:40,2026-02-12 06:27:40,9.3,SCHEDULED_PM,250-hour routine preventive maintenance inspection,True
EVT-1657,DMP-02,Dumper 60T,BLOCK_A,downtime,2026-02-17 21:05:21,2026-02-17 22:53:21,1.8,ENGINE_OVERHEAT,Coolant pump failure during high ambient temp,True
EVT-1658,DMP-02,Dumper 60T,BLOCK_A,downtime,2026-02-19 19:54:09,2026-02-19 20:54:09,1.0,ENGINE_OVERHEAT,Coolant pump failure during high ambient temp,True
EVT-1659,DMP-02,Dumper 60T,BLOCK_A,maintenance,2026-02-28 22:51:50,2026-03-01 01:09:50,2.3,SCHEDULED_PM,250-hour routine preventive maintenance inspection,True
EVT-1660,DMP-02,Dumper 60T,BLOCK_A,downtime,2026-03-05 15:17:25,2026-03-05 18:11:25,2.9,HYDRAULIC_LEAK,Hydraulic seal rupture on main boom,True
EVT-1661,DMP-02,Dumper 60T,BLOCK_A,maintenance,2026-03-10 13:10:39,2026-03-10 15:52:39,2.7,TIRE_WEAR,Severe tire gouging from jagged gondite boulders,True
EVT-1662,DMP-02,Dumper 60T,BLOCK_A,downtime,2026-03-18 00:05:58,2026-03-18 01:23:58,1.3,SCHEDULED_PM,250-hour routine preventive maintenance inspection,True
EVT-1663,DMP-02,Dumper 60T,BLOCK_A,downtime,2026-03-23 10:26:53,2026-03-23 14:02:53,3.6,SCHEDULED_PM,250-hour routine preventive maintenance inspection,True
EVT-1664,DMP-02,Dumper 60T,BLOCK_A,downtime,2026-03-28 22:25:20,2026-03-29 04:43:20,6.3,SCHEDULED_PM,250-hour routine preventive maintenance inspection,True
EVT-1665,DMP-02,Dumper 60T,BLOCK_A,downtime,2026-03-30 13:41:10,2026-03-30 21:17:10,7.6,TIRE_WEAR,Severe tire gouging from jagged gondite boulders,True
EVT-1666,DMP-02,Dumper 60T,BLOCK_A,repair,2026-04-17 03:58:10,2026-04-17 11:10:10,7.2,BLAST_VIBRATION_CHECK,Safety inspection after bench blast,True
EVT-1667,DMP-02,Dumper 60T,BLOCK_A,maintenance,2026-04-23 02:24:00,2026-04-23 11:06:00,8.7,ELECTRICAL_FAULT,Alternator circuit grounding issue,True
EVT-1668,DMP-02,Dumper 60T,BLOCK_A,maintenance,2026-04-30 09:26:15,2026-04-30 15:20:15,5.9,HYDRAULIC_LEAK,Hydraulic seal rupture on main boom,True
EVT-1669,DMP-02,Dumper 60T,BLOCK_A,downtime,2026-05-09 12:29:02,2026-05-09 15:47:02,3.3,ELECTRICAL_FAULT,Alternator circuit grounding issue,True
EVT-1670,DMP-02,Dumper 60T,BLOCK_A,repair,2026-05-13 08:34:26,2026-05-13 10:10:26,1.6,ELECTRICAL_FAULT,Alternator circuit grounding issue,True
EVT-1671,DMP-02,Dumper 60T,BLOCK_A,maintenance,2026-05-22 13:06:58,2026-05-22 14:42:58,1.6,ELECTRICAL_FAULT,Alternator circuit grounding issue,True
EVT-1672,DMP-02,Dumper 60T,BLOCK_A,maintenance,2026-06-01 21:44:17,2026-06-02 02:38:17,4.9,ELECTRICAL_FAULT,Alternator circuit grounding issue,True
EVT-1673,DMP-02,Dumper 60T,BLOCK_A,downtime,2026-06-11 06:08:45,2026-06-11 08:44:45,2.6,HYDRAULIC_LEAK,Hydraulic seal rupture on main boom,True
EVT-1674,DMP-02,Dumper 60T,BLOCK_A,downtime,2026-06-20 20:19:01,2026-06-21 01:01:01,4.7,ENGINE_OVERHEAT,Coolant pump failure during high ambient temp,True
EVT-1675,DMP-02,Dumper 60T,BLOCK_A,downtime,2026-07-01 16:48:45,2026-07-01 19:00:45,2.2,TRACK_DAMAGE,Track shoe displacement on haulage floor,True
EVT-1676,DMP-02,Dumper 60T,BLOCK_A,maintenance,2026-07-06 16:57:24,2026-07-07 02:51:24,9.9,SCHEDULED_PM,250-hour routine preventive maintenance inspection,True
EVT-1677,DMP-02,Dumper 60T,BLOCK_A,maintenance,2026-07-09 21:45:43,2026-07-10 01:27:43,3.7,TRACK_DAMAGE,Track shoe displacement on haulage floor,True
EVT-1678,DMP-02,Dumper 60T,BLOCK_A,downtime,2026-07-20 18:09:35,2026-07-20 22:03:35,3.9,SCHEDULED_PM,250-hour routine preventive maintenance inspection,True
EVT-1679,DMP-02,Dumper 60T,BLOCK_A,maintenance,2026-07-23 17:49:02,2026-07-23 21:55:02,4.1,ELECTRICAL_FAULT,Alternator circuit grounding issue,True
EVT-1680,DMP-02,Dumper 60T,BLOCK_A,maintenance,2026-08-01 05:21:29,2026-08-01 06:21:29,1.0,ELECTRICAL_FAULT,Alternator circuit grounding issue,True
EVT-1681,DMP-02,Dumper 60T,BLOCK_A,downtime,2026-08-07 03:24:10,2026-08-07 12:36:10,9.2,BLAST_VIBRATION_CHECK,Safety inspection after bench blast,True
EVT-1682,DMP-02,Dumper 60T,BLOCK_A,downtime,2026-08-15 19:58:37,2026-08-15 22:22:37,2.4,BLAST_VIBRATION_CHECK,Safety inspection after bench blast,True
EVT-1683,DMP-02,Dumper 60T,BLOCK_A,maintenance,2026-08-27 01:22:46,2026-08-27 05:28:46,4.1,TIRE_WEAR,Severe tire gouging from jagged gondite boulders,True
EVT-1684,DMP-03,Dumper 60T,BLOCK_A,maintenance,2025-01-07 00:28:19,2025-01-07 16:46:19,16.3,ENGINE_OVERHEAT,Coolant pump failure during high ambient temp,True
EVT-1685,DMP-03,Dumper 60T,BLOCK_A,downtime,2025-01-12 06:04:53,2025-01-12 11:52:53,5.8,ENGINE_OVERHEAT,Coolant pump failure during high ambient temp,True
EVT-1686,DMP-03,Dumper 60T,BLOCK_A,downtime,2025-01-22 04:25:25,2025-01-22 13:31:25,9.1,TIRE_WEAR,Severe tire gouging from jagged gondite boulders,True
EVT-1687,DMP-03,Dumper 60T,BLOCK_A,maintenance,2025-01-28 07:51:34,2025-01-28 17:51:34,10.0,ELECTRICAL_FAULT,Alternator circuit grounding issue,True
EVT-1688,DMP-03,Dumper 60T,BLOCK_A,maintenance,2025-02-11 14:46:00,2025-02-11 21:04:00,6.3,TRACK_DAMAGE,Track shoe displacement on haulage floor,True
EVT-1689,DMP-03,Dumper 60T,BLOCK_A,downtime,2025-02-16 17:07:07,2025-02-16 18:49:07,1.7,BLAST_VIBRATION_CHECK,Safety inspection after bench blast,True
EVT-1690,DMP-03,Dumper 60T,BLOCK_A,downtime,2025-02-25 17:04:03,2025-02-25 20:52:03,3.8,ENGINE_OVERHEAT,Coolant pump failure during high ambient temp,True
EVT-1691,DMP-03,Dumper 60T,BLOCK_A,maintenance,2025-03-02 23:19:40,2025-03-03 09:13:40,9.9,ELECTRICAL_FAULT,Alternator circuit grounding issue,True
EVT-1692,DMP-03,Dumper 60T,BLOCK_A,downtime,2025-03-10 19:23:24,2025-03-10 21:53:24,2.5,TIRE_WEAR,Severe tire gouging from jagged gondite boulders,True
EVT-1693,DMP-03,Dumper 60T,BLOCK_A,downtime,2025-03-14 16:14:43,2025-03-14 22:50:43,6.6,ELECTRICAL_FAULT,Alternator circuit grounding issue,True
EVT-1694,DMP-03,Dumper 60T,BLOCK_A,downtime,2025-03-28 14:46:13,2025-03-28 16:22:13,1.6,BLAST_VIBRATION_CHECK,Safety inspection after bench blast,True
EVT-1695,DMP-03,Dumper 60T,BLOCK_A,downtime,2025-04-07 09:18:36,2025-04-07 19:48:36,10.5,ENGINE_OVERHEAT,Coolant pump failure during high ambient temp,True
EVT-1696,DMP-03,Dumper 60T,BLOCK_A,maintenance,2025-04-14 11:38:54,2025-04-14 14:32:54,2.9,SCHEDULED_PM,250-hour routine preventive maintenance inspection,True
EVT-1697,DMP-03,Dumper 60T,BLOCK_A,repair,2025-04-20 04:05:16,2025-04-20 07:05:16,3.0,SCHEDULED_PM,250-hour routine preventive maintenance inspection,True
EVT-1698,DMP-03,Dumper 60T,BLOCK_A,downtime,2025-04-30 23:58:28,2025-05-01 02:04:28,2.1,HYDRAULIC_LEAK,Hydraulic seal rupture on main boom,True
EVT-1699,DMP-03,Dumper 60T,BLOCK_A,downtime,2025-05-08 11:51:00,2025-05-08 18:09:00,6.3,TIRE_WEAR,Severe tire gouging from jagged gondite boulders,True
EVT-1700,DMP-03,Dumper 60T,BLOCK_A,maintenance,2025-05-14 04:56:52,2025-05-14 09:56:52,5.0,TIRE_WEAR,Severe tire gouging from jagged gondite boulders,True
EVT-1701,DMP-03,Dumper 60T,BLOCK_A,downtime,2025-05-22 14:46:54,2025-05-22 17:22:54,2.6,BLAST_VIBRATION_CHECK,Safety inspection after bench blast,True
EVT-1702,DMP-03,Dumper 60T,BLOCK_A,downtime,2025-05-30 21:29:13,2025-05-31 01:59:13,4.5,TRACK_DAMAGE,Track shoe displacement on haulage floor,True
EVT-1703,DMP-03,Dumper 60T,BLOCK_A,maintenance,2025-06-06 16:36:54,2025-06-07 10:12:54,17.6,TRACK_DAMAGE,Track shoe displacement on haulage floor,True
EVT-1704,DMP-03,Dumper 60T,BLOCK_A,downtime,2025-06-15 03:04:04,2025-06-15 11:34:04,8.5,SCHEDULED_PM,250-hour routine preventive maintenance inspection,True
EVT-1705,DMP-03,Dumper 60T,BLOCK_A,downtime,2025-06-22 16:59:29,2025-06-23 02:47:29,9.8,BLAST_VIBRATION_CHECK,Safety inspection after bench blast,True
EVT-1706,DMP-03,Dumper 60T,BLOCK_A,maintenance,2025-06-26 14:27:40,2025-06-26 17:27:40,3.0,TIRE_WEAR,Severe tire gouging from jagged gondite boulders,True
EVT-1707,DMP-03,Dumper 60T,BLOCK_A,downtime,2025-07-08 20:55:29,2025-07-08 23:37:29,2.7,TIRE_WEAR,Severe tire gouging from jagged gondite boulders,True
EVT-1708,DMP-03,Dumper 60T,BLOCK_A,maintenance,2025-07-18 02:23:13,2025-07-18 04:05:13,1.7,HYDRAULIC_LEAK,Hydraulic seal rupture on main boom,True
EVT-1709,DMP-03,Dumper 60T,BLOCK_A,maintenance,2025-07-21 04:47:21,2025-07-21 10:17:21,5.5,SCHEDULED_PM,250-hour routine preventive maintenance inspection,True
EVT-1710,DMP-03,Dumper 60T,BLOCK_A,downtime,2025-08-01 23:50:04,2025-08-02 03:44:04,3.9,ELECTRICAL_FAULT,Alternator circuit grounding issue,True
EVT-1711,DMP-03,Dumper 60T,BLOCK_A,repair,2025-08-07 02:45:58,2025-08-07 13:09:58,10.4,TIRE_WEAR,Severe tire gouging from jagged gondite boulders,True
EVT-1712,DMP-03,Dumper 60T,BLOCK_A,repair,2025-08-16 09:41:56,2025-08-16 19:35:56,9.9,SCHEDULED_PM,250-hour routine preventive maintenance inspection,True
EVT-1713,DMP-03,Dumper 60T,BLOCK_A,maintenance,2025-08-19 10:10:06,2025-08-19 16:22:06,6.2,SCHEDULED_PM,250-hour routine preventive maintenance inspection,True
EVT-1714,DMP-03,Dumper 60T,BLOCK_A,downtime,2025-08-24 14:19:35,2025-08-24 16:37:35,2.3,BLAST_VIBRATION_CHECK,Safety inspection after bench blast,True
EVT-1715,DMP-03,Dumper 60T,BLOCK_A,repair,2025-08-31 03:40:10,2025-08-31 05:52:10,2.2,TRACK_DAMAGE,Track shoe displacement on haulage floor,True
EVT-1716,DMP-03,Dumper 60T,BLOCK_A,downtime,2025-09-04 20:41:02,2025-09-04 21:59:02,1.3,TRACK_DAMAGE,Track shoe displacement on haulage floor,True
EVT-1717,DMP-03,Dumper 60T,BLOCK_A,maintenance,2025-09-13 17:23:05,2025-09-13 20:05:05,2.7,TRACK_DAMAGE,Track shoe displacement on haulage floor,True
EVT-1718,DMP-03,Dumper 60T,BLOCK_A,repair,2025-09-21 05:18:36,2025-09-21 07:36:36,2.3,TRACK_DAMAGE,Track shoe displacement on haulage floor,True
EVT-1719,DMP-03,Dumper 60T,BLOCK_A,downtime,2025-09-26 06:56:52,2025-09-26 13:26:52,6.5,TIRE_WEAR,Severe tire gouging from jagged gondite boulders,True
EVT-1720,DMP-03,Dumper 60T,BLOCK_A,downtime,2025-09-28 08:20:57,2025-09-28 12:02:57,3.7,BLAST_VIBRATION_CHECK,Safety inspection after bench blast,True
EVT-1721,DMP-03,Dumper 60T,BLOCK_A,downtime,2025-09-30 23:53:49,2025-10-01 03:11:49,3.3,ENGINE_OVERHEAT,Coolant pump failure during high ambient temp,True
EVT-1722,DMP-03,Dumper 60T,BLOCK_A,maintenance,2025-10-08 12:13:16,2025-10-08 16:31:16,4.3,HYDRAULIC_LEAK,Hydraulic seal rupture on main boom,True
EVT-1723,DMP-03,Dumper 60T,BLOCK_A,downtime,2025-10-16 17:56:10,2025-10-16 22:38:10,4.7,SCHEDULED_PM,250-hour routine preventive maintenance inspection,True
EVT-1724,DMP-03,Dumper 60T,BLOCK_A,downtime,2025-10-24 17:19:32,2025-10-24 20:25:32,3.1,ELECTRICAL_FAULT,Alternator circuit grounding issue,True
EVT-1725,DMP-03,Dumper 60T,BLOCK_A,maintenance,2025-10-30 12:04:04,2025-10-30 15:52:04,3.8,ENGINE_OVERHEAT,Coolant pump failure during high ambient temp,True
EVT-1726,DMP-03,Dumper 60T,BLOCK_A,downtime,2025-11-11 13:38:35,2025-11-11 20:32:35,6.9,BLAST_VIBRATION_CHECK,Safety inspection after bench blast,True
EVT-1727,DMP-03,Dumper 60T,BLOCK_A,downtime,2025-11-18 14:03:59,2025-11-18 21:45:59,7.7,SCHEDULED_PM,250-hour routine preventive maintenance inspection,True
EVT-1728,DMP-03,Dumper 60T,BLOCK_A,maintenance,2025-11-30 02:32:53,2025-11-30 04:44:53,2.2,HYDRAULIC_LEAK,Hydraulic seal rupture on main boom,True
EVT-1729,DMP-03,Dumper 60T,BLOCK_A,downtime,2025-12-10 11:44:18,2025-12-10 15:50:18,4.1,TIRE_WEAR,Severe tire gouging from jagged gondite boulders,True
EVT-1730,DMP-03,Dumper 60T,BLOCK_A,maintenance,2025-12-15 05:58:12,2025-12-15 17:10:12,11.2,BLAST_VIBRATION_CHECK,Safety inspection after bench blast,True
EVT-1731,DMP-03,Dumper 60T,BLOCK_A,downtime,2025-12-20 03:20:27,2025-12-20 14:44:27,11.4,ELECTRICAL_FAULT,Alternator circuit grounding issue,True
EVT-1732,DMP-03,Dumper 60T,BLOCK_A,maintenance,2025-12-29 07:45:50,2025-12-29 18:09:50,10.4,ELECTRICAL_FAULT,Alternator circuit grounding issue,True
EVT-1733,DMP-03,Dumper 60T,BLOCK_A,maintenance,2026-01-07 18:57:23,2026-01-08 00:45:23,5.8,ELECTRICAL_FAULT,Alternator circuit grounding issue,True
EVT-1734,DMP-03,Dumper 60T,BLOCK_A,downtime,2026-01-12 10:26:26,2026-01-12 14:20:26,3.9,TIRE_WEAR,Severe tire gouging from jagged gondite boulders,True
EVT-1735,DMP-03,Dumper 60T,BLOCK_A,maintenance,2026-01-14 08:09:05,2026-01-14 09:33:05,1.4,TRACK_DAMAGE,Track shoe displacement on haulage floor,True
EVT-1736,DMP-03,Dumper 60T,BLOCK_A,downtime,2026-01-19 03:15:54,2026-01-19 05:45:54,2.5,TRACK_DAMAGE,Track shoe displacement on haulage floor,True
EVT-1737,DMP-03,Dumper 60T,BLOCK_A,maintenance,2026-01-22 10:21:41,2026-01-22 14:39:41,4.3,SCHEDULED_PM,250-hour routine preventive maintenance inspection,True
EVT-1738,DMP-03,Dumper 60T,BLOCK_A,maintenance,2026-01-28 17:35:07,2026-01-29 00:35:07,7.0,BLAST_VIBRATION_CHECK,Safety inspection after bench blast,True
EVT-1739,DMP-03,Dumper 60T,BLOCK_A,downtime,2026-02-04 20:58:50,2026-02-05 03:04:50,6.1,ENGINE_OVERHEAT,Coolant pump failure during high ambient temp,True
EVT-1740,DMP-03,Dumper 60T,BLOCK_A,downtime,2026-02-11 08:21:57,2026-02-11 10:33:57,2.2,SCHEDULED_PM,250-hour routine preventive maintenance inspection,True
EVT-1741,DMP-03,Dumper 60T,BLOCK_A,downtime,2026-02-14 20:03:56,2026-02-14 23:27:56,3.4,ENGINE_OVERHEAT,Coolant pump failure during high ambient temp,True
EVT-1742,DMP-03,Dumper 60T,BLOCK_A,downtime,2026-02-24 13:00:43,2026-02-24 23:42:43,10.7,ENGINE_OVERHEAT,Coolant pump failure during high ambient temp,True
EVT-1743,DMP-03,Dumper 60T,BLOCK_A,maintenance,2026-03-05 10:12:42,2026-03-05 14:12:42,4.0,TIRE_WEAR,Severe tire gouging from jagged gondite boulders,True
EVT-1744,DMP-03,Dumper 60T,BLOCK_A,downtime,2026-03-09 10:25:25,2026-03-09 11:25:25,1.0,TRACK_DAMAGE,Track shoe displacement on haulage floor,True
EVT-1745,DMP-03,Dumper 60T,BLOCK_A,downtime,2026-03-15 06:22:19,2026-03-15 12:34:19,6.2,ELECTRICAL_FAULT,Alternator circuit grounding issue,True
EVT-1746,DMP-03,Dumper 60T,BLOCK_A,maintenance,2026-03-22 08:09:17,2026-03-22 11:39:17,3.5,ENGINE_OVERHEAT,Coolant pump failure during high ambient temp,True
EVT-1747,DMP-03,Dumper 60T,BLOCK_A,downtime,2026-03-30 06:04:23,2026-03-30 07:46:23,1.7,SCHEDULED_PM,250-hour routine preventive maintenance inspection,True
EVT-1748,DMP-03,Dumper 60T,BLOCK_A,maintenance,2026-04-05 18:28:15,2026-04-05 23:34:15,5.1,SCHEDULED_PM,250-hour routine preventive maintenance inspection,True
EVT-1749,DMP-03,Dumper 60T,BLOCK_A,maintenance,2026-04-12 06:17:40,2026-04-12 10:11:40,3.9,BLAST_VIBRATION_CHECK,Safety inspection after bench blast,True
EVT-1750,DMP-03,Dumper 60T,BLOCK_A,repair,2026-04-18 11:05:51,2026-04-18 15:11:51,4.1,HYDRAULIC_LEAK,Hydraulic seal rupture on main boom,True
EVT-1751,DMP-03,Dumper 60T,BLOCK_A,downtime,2026-04-29 19:26:32,2026-04-30 00:08:32,4.7,BLAST_VIBRATION_CHECK,Safety inspection after bench blast,True
EVT-1752,DMP-03,Dumper 60T,BLOCK_A,downtime,2026-05-08 01:48:06,2026-05-08 04:24:06,2.6,HYDRAULIC_LEAK,Hydraulic seal rupture on main boom,True
EVT-1753,DMP-03,Dumper 60T,BLOCK_A,maintenance,2026-05-11 18:31:26,2026-05-11 23:07:26,4.6,HYDRAULIC_LEAK,Hydraulic seal rupture on main boom,True
EVT-1754,DMP-03,Dumper 60T,BLOCK_A,repair,2026-05-16 22:05:09,2026-05-17 00:47:09,2.7,SCHEDULED_PM,250-hour routine preventive maintenance inspection,True
EVT-1755,DMP-03,Dumper 60T,BLOCK_A,downtime,2026-05-23 06:20:15,2026-05-23 12:32:15,6.2,ELECTRICAL_FAULT,Alternator circuit grounding issue,True
EVT-1756,DMP-03,Dumper 60T,BLOCK_A,maintenance,2026-05-29 16:12:28,2026-05-30 22:12:28,30.0,ELECTRICAL_FAULT,Alternator circuit grounding issue,True
EVT-1757,DMP-03,Dumper 60T,BLOCK_A,downtime,2026-06-01 21:42:43,2026-06-02 00:42:43,3.0,ELECTRICAL_FAULT,Alternator circuit grounding issue,True
EVT-1758,DMP-03,Dumper 60T,BLOCK_A,downtime,2026-06-10 06:24:27,2026-06-10 17:12:27,10.8,TRACK_DAMAGE,Track shoe displacement on haulage floor,True
EVT-1759,DMP-03,Dumper 60T,BLOCK_A,downtime,2026-06-20 15:18:37,2026-06-20 19:36:37,4.3,SCHEDULED_PM,250-hour routine preventive maintenance inspection,True
EVT-1760,DMP-03,Dumper 60T,BLOCK_A,maintenance,2026-06-24 23:38:41,2026-06-25 04:20:41,4.7,BLAST_VIBRATION_CHECK,Safety inspection after bench blast,True
EVT-1761,DMP-03,Dumper 60T,BLOCK_A,repair,2026-07-10 04:32:52,2026-07-10 08:32:52,4.0,HYDRAULIC_LEAK,Hydraulic seal rupture on main boom,True
EVT-1762,DMP-03,Dumper 60T,BLOCK_A,downtime,2026-07-16 08:05:45,2026-07-16 11:05:45,3.0,HYDRAULIC_LEAK,Hydraulic seal rupture on main boom,True
EVT-1763,DMP-03,Dumper 60T,BLOCK_A,downtime,2026-07-21 02:48:20,2026-07-21 06:12:20,3.4,SCHEDULED_PM,250-hour routine preventive maintenance inspection,True
EVT-1764,DMP-03,Dumper 60T,BLOCK_A,downtime,2026-07-26 06:01:31,2026-07-26 19:37:31,13.6,HYDRAULIC_LEAK,Hydraulic seal rupture on main boom,True
EVT-1765,DMP-03,Dumper 60T,BLOCK_A,downtime,2026-07-31 08:26:36,2026-07-31 11:02:36,2.6,TRACK_DAMAGE,Track shoe displacement on haulage floor,True
EVT-1766,DMP-03,Dumper 60T,BLOCK_A,maintenance,2026-08-02 18:06:31,2026-08-03 02:18:31,8.2,ENGINE_OVERHEAT,Coolant pump failure during high ambient temp,True
EVT-1767,DMP-03,Dumper 60T,BLOCK_A,downtime,2026-08-09 12:29:16,2026-08-09 16:05:16,3.6,ENGINE_OVERHEAT,Coolant pump failure during high ambient temp,True
EVT-1768,DMP-03,Dumper 60T,BLOCK_A,downtime,2026-08-23 17:05:08,2026-08-23 18:35:08,1.5,BLAST_VIBRATION_CHECK,Safety inspection after bench blast,True
EVT-1769,DMP-03,Dumper 60T,BLOCK_A,downtime,2026-08-27 14:40:14,2026-08-27 19:16:14,4.6,SCHEDULED_PM,250-hour routine preventive maintenance inspection,True
EVT-1770,DMP-04,Dumper 60T,BLOCK_A,repair,2025-01-09 06:14:41,2025-01-09 16:50:41,10.6,TRACK_DAMAGE,Track shoe displacement on haulage floor,True
EVT-1771,DMP-04,Dumper 60T,BLOCK_A,downtime,2025-01-18 09:29:53,2025-01-18 15:53:53,6.4,TIRE_WEAR,Severe tire gouging from jagged gondite boulders,True
EVT-1772,DMP-04,Dumper 60T,BLOCK_A,maintenance,2025-01-20 20:13:52,2025-01-21 01:07:52,4.9,ENGINE_OVERHEAT,Coolant pump failure during high ambient temp,True
EVT-1773,DMP-04,Dumper 60T,BLOCK_A,downtime,2025-01-26 13:38:36,2025-01-27 00:02:36,10.4,ENGINE_OVERHEAT,Coolant pump failure during high ambient temp,True
EVT-1774,DMP-04,Dumper 60T,BLOCK_A,downtime,2025-02-02 18:32:01,2025-02-02 20:56:01,2.4,ENGINE_OVERHEAT,Coolant pump failure during high ambient temp,True
EVT-1775,DMP-04,Dumper 60T,BLOCK_A,maintenance,2025-02-08 14:35:07,2025-02-08 20:05:07,5.5,TIRE_WEAR,Severe tire gouging from jagged gondite boulders,True
EVT-1776,DMP-04,Dumper 60T,BLOCK_A,maintenance,2025-02-13 21:25:56,2025-02-14 00:19:56,2.9,HYDRAULIC_LEAK,Hydraulic seal rupture on main boom,True
EVT-1777,DMP-04,Dumper 60T,BLOCK_A,downtime,2025-02-17 12:55:36,2025-02-17 16:43:36,3.8,TIRE_WEAR,Severe tire gouging from jagged gondite boulders,True
EVT-1778,DMP-04,Dumper 60T,BLOCK_A,maintenance,2025-02-21 05:46:41,2025-02-21 13:10:41,7.4,ELECTRICAL_FAULT,Alternator circuit grounding issue,True
EVT-1779,DMP-04,Dumper 60T,BLOCK_A,maintenance,2025-02-25 12:00:57,2025-02-25 15:48:57,3.8,TIRE_WEAR,Severe tire gouging from jagged gondite boulders,True
EVT-1780,DMP-04,Dumper 60T,BLOCK_A,maintenance,2025-03-03 09:13:19,2025-03-03 17:31:19,8.3,BLAST_VIBRATION_CHECK,Safety inspection after bench blast,True
EVT-1781,DMP-04,Dumper 60T,BLOCK_A,repair,2025-03-06 00:17:27,2025-03-06 03:17:27,3.0,SCHEDULED_PM,250-hour routine preventive maintenance inspection,True
EVT-1782,DMP-04,Dumper 60T,BLOCK_A,maintenance,2025-03-10 00:04:46,2025-03-10 02:22:46,2.3,SCHEDULED_PM,250-hour routine preventive maintenance inspection,True
EVT-1783,DMP-04,Dumper 60T,BLOCK_A,downtime,2025-03-14 15:00:05,2025-03-14 20:06:05,5.1,BLAST_VIBRATION_CHECK,Safety inspection after bench blast,True
EVT-1784,DMP-04,Dumper 60T,BLOCK_A,downtime,2025-03-18 10:31:07,2025-03-18 15:43:07,5.2,ELECTRICAL_FAULT,Alternator circuit grounding issue,True
EVT-1785,DMP-04,Dumper 60T,BLOCK_A,downtime,2025-03-25 01:21:18,2025-03-25 05:03:18,3.7,ELECTRICAL_FAULT,Alternator circuit grounding issue,True
EVT-1786,DMP-04,Dumper 60T,BLOCK_A,maintenance,2025-04-01 20:50:07,2025-04-02 03:20:07,6.5,TIRE_WEAR,Severe tire gouging from jagged gondite boulders,True
EVT-1787,DMP-04,Dumper 60T,BLOCK_A,downtime,2025-04-06 12:58:13,2025-04-06 14:22:13,1.4,HYDRAULIC_LEAK,Hydraulic seal rupture on main boom,True
EVT-1788,DMP-04,Dumper 60T,BLOCK_A,downtime,2025-04-11 10:13:06,2025-04-11 12:43:06,2.5,HYDRAULIC_LEAK,Hydraulic seal rupture on main boom,True
EVT-1789,DMP-04,Dumper 60T,BLOCK_A,downtime,2025-04-19 01:09:27,2025-04-19 06:57:27,5.8,ELECTRICAL_FAULT,Alternator circuit grounding issue,True
EVT-1790,DMP-04,Dumper 60T,BLOCK_A,downtime,2025-04-29 20:19:05,2025-04-30 00:13:05,3.9,TRACK_DAMAGE,Track shoe displacement on haulage floor,True
EVT-1791,DMP-04,Dumper 60T,BLOCK_A,repair,2025-05-07 11:04:40,2025-05-07 14:10:40,3.1,HYDRAULIC_LEAK,Hydraulic seal rupture on main boom,True
EVT-1792,DMP-04,Dumper 60T,BLOCK_A,maintenance,2025-05-14 13:26:29,2025-05-14 18:20:29,4.9,TIRE_WEAR,Severe tire gouging from jagged gondite boulders,True
EVT-1793,DMP-04,Dumper 60T,BLOCK_A,downtime,2025-05-27 10:53:14,2025-05-27 18:47:14,7.9,SCHEDULED_PM,250-hour routine preventive maintenance inspection,True
EVT-1794,DMP-04,Dumper 60T,BLOCK_A,maintenance,2025-05-31 11:03:58,2025-05-31 16:33:58,5.5,ELECTRICAL_FAULT,Alternator circuit grounding issue,True
EVT-1795,DMP-04,Dumper 60T,BLOCK_A,maintenance,2025-06-06 00:48:26,2025-06-06 07:54:26,7.1,TIRE_WEAR,Severe tire gouging from jagged gondite boulders,True
EVT-1796,DMP-04,Dumper 60T,BLOCK_A,maintenance,2025-06-10 03:22:10,2025-06-10 09:04:10,5.7,HYDRAULIC_LEAK,Hydraulic seal rupture on main boom,True
EVT-1797,DMP-04,Dumper 60T,BLOCK_A,downtime,2025-06-15 15:21:17,2025-06-16 00:39:17,9.3,TIRE_WEAR,Severe tire gouging from jagged gondite boulders,True
EVT-1798,DMP-04,Dumper 60T,BLOCK_A,maintenance,2025-06-21 23:37:50,2025-06-22 02:55:50,3.3,ENGINE_OVERHEAT,Coolant pump failure during high ambient temp,True
EVT-1799,DMP-04,Dumper 60T,BLOCK_A,downtime,2025-06-24 21:55:24,2025-06-25 06:07:24,8.2,ELECTRICAL_FAULT,Alternator circuit grounding issue,True
EVT-1800,DMP-04,Dumper 60T,BLOCK_A,maintenance,2025-07-07 03:41:18,2025-07-07 05:23:18,1.7,HYDRAULIC_LEAK,Hydraulic seal rupture on main boom,True
EVT-1801,DMP-04,Dumper 60T,BLOCK_A,maintenance,2025-07-11 03:52:33,2025-07-11 06:04:33,2.2,TIRE_WEAR,Severe tire gouging from jagged gondite boulders,True
EVT-1802,DMP-04,Dumper 60T,BLOCK_A,repair,2025-07-22 18:48:48,2025-07-23 01:12:48,6.4,TRACK_DAMAGE,Track shoe displacement on haulage floor,True
EVT-1803,DMP-04,Dumper 60T,BLOCK_A,repair,2025-08-03 04:31:53,2025-08-03 06:37:53,2.1,HYDRAULIC_LEAK,Hydraulic seal rupture on main boom,True
EVT-1804,DMP-04,Dumper 60T,BLOCK_A,maintenance,2025-08-05 07:41:22,2025-08-05 11:23:22,3.7,ENGINE_OVERHEAT,Coolant pump failure during high ambient temp,True
EVT-1805,DMP-04,Dumper 60T,BLOCK_A,downtime,2025-08-13 09:45:56,2025-08-13 18:57:56,9.2,BLAST_VIBRATION_CHECK,Safety inspection after bench blast,True
EVT-1806,DMP-04,Dumper 60T,BLOCK_A,downtime,2025-08-19 03:38:03,2025-08-19 06:02:03,2.4,ELECTRICAL_FAULT,Alternator circuit grounding issue,True
EVT-1807,DMP-04,Dumper 60T,BLOCK_A,maintenance,2025-08-21 01:18:58,2025-08-21 08:48:58,7.5,SCHEDULED_PM,250-hour routine preventive maintenance inspection,True
EVT-1808,DMP-04,Dumper 60T,BLOCK_A,downtime,2025-09-03 12:46:53,2025-09-03 16:22:53,3.6,TRACK_DAMAGE,Track shoe displacement on haulage floor,True
EVT-1809,DMP-04,Dumper 60T,BLOCK_A,repair,2025-09-13 17:14:52,2025-09-13 19:32:52,2.3,ELECTRICAL_FAULT,Alternator circuit grounding issue,True
EVT-1810,DMP-04,Dumper 60T,BLOCK_A,downtime,2025-09-17 18:21:54,2025-09-17 22:51:54,4.5,TRACK_DAMAGE,Track shoe displacement on haulage floor,True
EVT-1811,DMP-04,Dumper 60T,BLOCK_A,maintenance,2025-09-23 06:17:27,2025-09-23 15:05:27,8.8,HYDRAULIC_LEAK,Hydraulic seal rupture on main boom,True
EVT-1812,DMP-04,Dumper 60T,BLOCK_A,maintenance,2025-10-01 14:35:43,2025-10-01 16:41:43,2.1,BLAST_VIBRATION_CHECK,Safety inspection after bench blast,True
EVT-1813,DMP-04,Dumper 60T,BLOCK_A,downtime,2025-10-10 11:34:24,2025-10-10 13:34:24,2.0,TRACK_DAMAGE,Track shoe displacement on haulage floor,True
EVT-1814,DMP-04,Dumper 60T,BLOCK_A,downtime,2025-10-15 09:46:52,2025-10-15 16:04:52,6.3,BLAST_VIBRATION_CHECK,Safety inspection after bench blast,True
EVT-1815,DMP-04,Dumper 60T,BLOCK_A,downtime,2025-10-25 10:27:07,2025-10-25 13:39:07,3.2,TRACK_DAMAGE,Track shoe displacement on haulage floor,True
EVT-1816,DMP-04,Dumper 60T,BLOCK_A,maintenance,2025-10-31 23:40:16,2025-11-01 13:46:16,14.1,BLAST_VIBRATION_CHECK,Safety inspection after bench blast,True
EVT-1817,DMP-04,Dumper 60T,BLOCK_A,repair,2025-11-08 02:14:31,2025-11-08 07:26:31,5.2,SCHEDULED_PM,250-hour routine preventive maintenance inspection,True
EVT-1818,DMP-04,Dumper 60T,BLOCK_A,repair,2025-11-14 01:01:05,2025-11-14 08:55:05,7.9,TRACK_DAMAGE,Track shoe displacement on haulage floor,True
EVT-1819,DMP-04,Dumper 60T,BLOCK_A,downtime,2025-11-22 14:51:23,2025-11-22 19:57:23,5.1,BLAST_VIBRATION_CHECK,Safety inspection after bench blast,True
EVT-1820,DMP-04,Dumper 60T,BLOCK_A,downtime,2025-12-03 23:21:32,2025-12-04 01:27:32,2.1,TRACK_DAMAGE,Track shoe displacement on haulage floor,True
EVT-1821,DMP-04,Dumper 60T,BLOCK_A,downtime,2025-12-14 14:23:11,2025-12-14 16:59:11,2.6,BLAST_VIBRATION_CHECK,Safety inspection after bench blast,True
EVT-1822,DMP-04,Dumper 60T,BLOCK_A,maintenance,2025-12-20 05:58:42,2025-12-20 08:46:42,2.8,ELECTRICAL_FAULT,Alternator circuit grounding issue,True
EVT-1823,DMP-04,Dumper 60T,BLOCK_A,downtime,2025-12-29 10:25:25,2025-12-29 16:19:25,5.9,BLAST_VIBRATION_CHECK,Safety inspection after bench blast,True
EVT-1824,DMP-04,Dumper 60T,BLOCK_A,repair,2026-01-05 13:18:01,2026-01-05 17:42:01,4.4,TRACK_DAMAGE,Track shoe displacement on haulage floor,True
EVT-1825,DMP-04,Dumper 60T,BLOCK_A,maintenance,2026-01-14 02:15:00,2026-01-14 03:51:00,1.6,BLAST_VIBRATION_CHECK,Safety inspection after bench blast,True
EVT-1826,DMP-04,Dumper 60T,BLOCK_A,maintenance,2026-01-15 17:31:54,2026-01-16 00:07:54,6.6,TIRE_WEAR,Severe tire gouging from jagged gondite boulders,True
EVT-1827,DMP-04,Dumper 60T,BLOCK_A,downtime,2026-01-20 02:00:31,2026-01-20 18:12:31,16.2,BLAST_VIBRATION_CHECK,Safety inspection after bench blast,True
EVT-1828,DMP-04,Dumper 60T,BLOCK_A,repair,2026-01-29 18:57:52,2026-01-29 21:15:52,2.3,BLAST_VIBRATION_CHECK,Safety inspection after bench blast,True
EVT-1829,DMP-04,Dumper 60T,BLOCK_A,repair,2026-02-05 01:49:26,2026-02-05 04:19:26,2.5,SCHEDULED_PM,250-hour routine preventive maintenance inspection,True
EVT-1830,DMP-04,Dumper 60T,BLOCK_A,downtime,2026-02-13 07:21:08,2026-02-13 10:21:08,3.0,BLAST_VIBRATION_CHECK,Safety inspection after bench blast,True
EVT-1831,DMP-04,Dumper 60T,BLOCK_A,downtime,2026-02-22 12:50:54,2026-02-22 16:56:54,4.1,TRACK_DAMAGE,Track shoe displacement on haulage floor,True
EVT-1832,DMP-04,Dumper 60T,BLOCK_A,downtime,2026-02-28 16:42:51,2026-02-28 19:06:51,2.4,TRACK_DAMAGE,Track shoe displacement on haulage floor,True
EVT-1833,DMP-04,Dumper 60T,BLOCK_A,downtime,2026-03-11 04:58:30,2026-03-11 14:04:30,9.1,ENGINE_OVERHEAT,Coolant pump failure during high ambient temp,True
EVT-1834,DMP-04,Dumper 60T,BLOCK_A,downtime,2026-03-18 07:59:08,2026-03-18 19:35:08,11.6,TIRE_WEAR,Severe tire gouging from jagged gondite boulders,True
EVT-1835,DMP-04,Dumper 60T,BLOCK_A,maintenance,2026-03-26 04:02:08,2026-03-26 08:44:08,4.7,ENGINE_OVERHEAT,Coolant pump failure during high ambient temp,True
EVT-1836,DMP-04,Dumper 60T,BLOCK_A,repair,2026-03-28 04:38:03,2026-03-28 08:50:03,4.2,ENGINE_OVERHEAT,Coolant pump failure during high ambient temp,True
EVT-1837,DMP-04,Dumper 60T,BLOCK_A,downtime,2026-04-04 04:19:39,2026-04-04 06:01:39,1.7,TIRE_WEAR,Severe tire gouging from jagged gondite boulders,True
EVT-1838,DMP-04,Dumper 60T,BLOCK_A,maintenance,2026-04-13 10:59:15,2026-04-13 13:11:15,2.2,SCHEDULED_PM,250-hour routine preventive maintenance inspection,True
EVT-1839,DMP-04,Dumper 60T,BLOCK_A,maintenance,2026-04-20 07:07:35,2026-04-20 08:25:35,1.3,TIRE_WEAR,Severe tire gouging from jagged gondite boulders,True
EVT-1840,DMP-04,Dumper 60T,BLOCK_A,maintenance,2026-04-25 21:28:22,2026-04-26 00:34:22,3.1,SCHEDULED_PM,250-hour routine preventive maintenance inspection,True
EVT-1841,DMP-04,Dumper 60T,BLOCK_A,downtime,2026-04-29 17:41:01,2026-04-29 21:05:01,3.4,TRACK_DAMAGE,Track shoe displacement on haulage floor,True
EVT-1842,DMP-04,Dumper 60T,BLOCK_A,repair,2026-05-09 14:32:38,2026-05-09 20:44:38,6.2,SCHEDULED_PM,250-hour routine preventive maintenance inspection,True
EVT-1843,DMP-04,Dumper 60T,BLOCK_A,downtime,2026-05-14 00:58:14,2026-05-14 05:40:14,4.7,ELECTRICAL_FAULT,Alternator circuit grounding issue,True
EVT-1844,DMP-04,Dumper 60T,BLOCK_A,downtime,2026-05-20 13:12:13,2026-05-20 15:54:13,2.7,ENGINE_OVERHEAT,Coolant pump failure during high ambient temp,True
EVT-1845,DMP-04,Dumper 60T,BLOCK_A,repair,2026-05-29 21:52:20,2026-05-30 04:16:20,6.4,TIRE_WEAR,Severe tire gouging from jagged gondite boulders,True
EVT-1846,DMP-04,Dumper 60T,BLOCK_A,maintenance,2026-06-04 08:00:09,2026-06-05 02:18:09,18.3,ENGINE_OVERHEAT,Coolant pump failure during high ambient temp,True
EVT-1847,DMP-04,Dumper 60T,BLOCK_A,maintenance,2026-06-12 12:53:39,2026-06-12 19:29:39,6.6,HYDRAULIC_LEAK,Hydraulic seal rupture on main boom,True
EVT-1848,DMP-04,Dumper 60T,BLOCK_A,downtime,2026-06-21 12:19:36,2026-06-21 15:37:36,3.3,BLAST_VIBRATION_CHECK,Safety inspection after bench blast,True
EVT-1849,DMP-04,Dumper 60T,BLOCK_A,maintenance,2026-06-27 17:20:53,2026-06-27 22:26:53,5.1,ELECTRICAL_FAULT,Alternator circuit grounding issue,True
EVT-1850,DMP-04,Dumper 60T,BLOCK_A,maintenance,2026-07-05 22:21:19,2026-07-06 00:45:19,2.4,TIRE_WEAR,Severe tire gouging from jagged gondite boulders,True
EVT-1851,DMP-04,Dumper 60T,BLOCK_A,maintenance,2026-07-09 04:55:38,2026-07-09 07:13:38,2.3,ELECTRICAL_FAULT,Alternator circuit grounding issue,True
EVT-1852,DMP-04,Dumper 60T,BLOCK_A,downtime,2026-07-15 01:07:10,2026-07-15 13:19:10,12.2,ENGINE_OVERHEAT,Coolant pump failure during high ambient temp,True
EVT-1853,DMP-04,Dumper 60T,BLOCK_A,downtime,2026-07-17 04:00:32,2026-07-17 09:06:32,5.1,TIRE_WEAR,Severe tire gouging from jagged gondite boulders,True
EVT-1854,DMP-04,Dumper 60T,BLOCK_A,maintenance,2026-07-28 23:40:54,2026-07-29 07:40:54,8.0,TIRE_WEAR,Severe tire gouging from jagged gondite boulders,True
EVT-1855,DMP-04,Dumper 60T,BLOCK_A,downtime,2026-07-31 10:20:24,2026-07-31 14:02:24,3.7,BLAST_VIBRATION_CHECK,Safety inspection after bench blast,True
EVT-1856,DMP-04,Dumper 60T,BLOCK_A,repair,2026-08-03 23:19:38,2026-08-04 01:37:38,2.3,ELECTRICAL_FAULT,Alternator circuit grounding issue,True
EVT-1857,DMP-04,Dumper 60T,BLOCK_A,maintenance,2026-08-14 13:00:28,2026-08-14 15:00:28,2.0,TRACK_DAMAGE,Track shoe displacement on haulage floor,True
EVT-1858,DMP-04,Dumper 60T,BLOCK_A,maintenance,2026-08-16 04:14:35,2026-08-16 06:50:35,2.6,SCHEDULED_PM,250-hour routine preventive maintenance inspection,True
EVT-1859,DMP-04,Dumper 60T,BLOCK_A,maintenance,2026-08-26 07:59:38,2026-08-26 13:29:38,5.5,ENGINE_OVERHEAT,Coolant pump failure during high ambient temp,True
EVT-1860,DMP-05,Dumper 60T,BLOCK_B,repair,2025-01-08 23:30:26,2025-01-09 05:48:26,6.3,ENGINE_OVERHEAT,Coolant pump failure during high ambient temp,True
EVT-1861,DMP-05,Dumper 60T,BLOCK_B,repair,2025-01-12 17:34:27,2025-01-12 19:46:27,2.2,HYDRAULIC_LEAK,Hydraulic seal rupture on main boom,True
EVT-1862,DMP-05,Dumper 60T,BLOCK_B,maintenance,2025-01-16 15:08:22,2025-01-16 20:14:22,5.1,TIRE_WEAR,Severe tire gouging from jagged gondite boulders,True
EVT-1863,DMP-05,Dumper 60T,BLOCK_B,downtime,2025-01-23 14:56:58,2025-01-23 22:38:58,7.7,HYDRAULIC_LEAK,Hydraulic seal rupture on main boom,True
EVT-1864,DMP-05,Dumper 60T,BLOCK_B,maintenance,2025-02-12 16:29:44,2025-02-12 17:41:44,1.2,SCHEDULED_PM,250-hour routine preventive maintenance inspection,True
EVT-1865,DMP-05,Dumper 60T,BLOCK_B,repair,2025-02-24 14:06:07,2025-02-25 00:00:07,9.9,TRACK_DAMAGE,Track shoe displacement on haulage floor,True
EVT-1866,DMP-05,Dumper 60T,BLOCK_B,downtime,2025-03-01 04:47:58,2025-03-01 09:59:58,5.2,ENGINE_OVERHEAT,Coolant pump failure during high ambient temp,True
EVT-1867,DMP-05,Dumper 60T,BLOCK_B,downtime,2025-03-04 06:42:29,2025-03-04 09:30:29,2.8,SCHEDULED_PM,250-hour routine preventive maintenance inspection,True
EVT-1868,DMP-05,Dumper 60T,BLOCK_B,downtime,2025-03-09 18:19:29,2025-03-10 04:37:29,10.3,ELECTRICAL_FAULT,Alternator circuit grounding issue,True
EVT-1869,DMP-05,Dumper 60T,BLOCK_B,downtime,2025-03-27 02:29:39,2025-03-27 03:41:39,1.2,ENGINE_OVERHEAT,Coolant pump failure during high ambient temp,True
EVT-1870,DMP-05,Dumper 60T,BLOCK_B,repair,2025-03-31 05:43:05,2025-03-31 08:13:05,2.5,TRACK_DAMAGE,Track shoe displacement on haulage floor,True
EVT-1871,DMP-05,Dumper 60T,BLOCK_B,repair,2025-04-07 18:24:02,2025-04-07 22:06:02,3.7,ELECTRICAL_FAULT,Alternator circuit grounding issue,True
EVT-1872,DMP-05,Dumper 60T,BLOCK_B,downtime,2025-04-16 15:16:00,2025-04-16 16:58:00,1.7,SCHEDULED_PM,250-hour routine preventive maintenance inspection,True
EVT-1873,DMP-05,Dumper 60T,BLOCK_B,downtime,2025-04-24 06:16:31,2025-04-24 10:28:31,4.2,ELECTRICAL_FAULT,Alternator circuit grounding issue,True
EVT-1874,DMP-05,Dumper 60T,BLOCK_B,repair,2025-05-01 05:19:09,2025-05-01 09:01:09,3.7,TRACK_DAMAGE,Track shoe displacement on haulage floor,True
EVT-1875,DMP-05,Dumper 60T,BLOCK_B,downtime,2025-05-07 06:14:54,2025-05-07 08:26:54,2.2,TRACK_DAMAGE,Track shoe displacement on haulage floor,True
EVT-1876,DMP-05,Dumper 60T,BLOCK_B,repair,2025-05-22 20:34:16,2025-05-23 02:28:16,5.9,TIRE_WEAR,Severe tire gouging from jagged gondite boulders,True
EVT-1877,DMP-05,Dumper 60T,BLOCK_B,maintenance,2025-06-03 10:10:44,2025-06-03 16:58:44,6.8,TRACK_DAMAGE,Track shoe displacement on haulage floor,True
EVT-1878,DMP-05,Dumper 60T,BLOCK_B,maintenance,2025-06-12 12:26:07,2025-06-13 00:26:07,12.0,ENGINE_OVERHEAT,Coolant pump failure during high ambient temp,True
EVT-1879,DMP-05,Dumper 60T,BLOCK_B,downtime,2025-06-20 05:01:52,2025-06-20 08:49:52,3.8,TIRE_WEAR,Severe tire gouging from jagged gondite boulders,True
EVT-1880,DMP-05,Dumper 60T,BLOCK_B,maintenance,2025-06-24 00:54:14,2025-06-24 03:00:14,2.1,TIRE_WEAR,Severe tire gouging from jagged gondite boulders,True
EVT-1881,DMP-05,Dumper 60T,BLOCK_B,downtime,2025-06-28 13:24:46,2025-06-28 15:42:46,2.3,BLAST_VIBRATION_CHECK,Safety inspection after bench blast,True
EVT-1882,DMP-05,Dumper 60T,BLOCK_B,maintenance,2025-07-03 18:33:43,2025-07-04 03:33:43,9.0,SCHEDULED_PM,250-hour routine preventive maintenance inspection,True
EVT-1883,DMP-05,Dumper 60T,BLOCK_B,downtime,2025-07-13 00:58:24,2025-07-13 05:34:24,4.6,HYDRAULIC_LEAK,Hydraulic seal rupture on main boom,True
EVT-1884,DMP-05,Dumper 60T,BLOCK_B,downtime,2025-07-23 11:35:19,2025-07-23 15:35:19,4.0,ENGINE_OVERHEAT,Coolant pump failure during high ambient temp,True
EVT-1885,DMP-05,Dumper 60T,BLOCK_B,repair,2025-07-28 19:00:47,2025-07-29 03:00:47,8.0,SCHEDULED_PM,250-hour routine preventive maintenance inspection,True
EVT-1886,DMP-05,Dumper 60T,BLOCK_B,repair,2025-07-31 12:19:54,2025-07-31 15:13:54,2.9,SCHEDULED_PM,250-hour routine preventive maintenance inspection,True
EVT-1887,DMP-05,Dumper 60T,BLOCK_B,maintenance,2025-08-13 20:15:02,2025-08-14 06:39:02,10.4,HYDRAULIC_LEAK,Hydraulic seal rupture on main boom,True
EVT-1888,DMP-05,Dumper 60T,BLOCK_B,maintenance,2025-08-20 00:44:27,2025-08-20 03:56:27,3.2,ENGINE_OVERHEAT,Coolant pump failure during high ambient temp,True
EVT-1889,DMP-05,Dumper 60T,BLOCK_B,downtime,2025-08-24 21:59:40,2025-08-25 05:23:40,7.4,HYDRAULIC_LEAK,Hydraulic seal rupture on main boom,True
EVT-1890,DMP-05,Dumper 60T,BLOCK_B,downtime,2025-09-01 12:46:38,2025-09-01 17:16:38,4.5,BLAST_VIBRATION_CHECK,Safety inspection after bench blast,True
EVT-1891,DMP-05,Dumper 60T,BLOCK_B,maintenance,2025-09-14 10:09:21,2025-09-14 14:57:21,4.8,ELECTRICAL_FAULT,Alternator circuit grounding issue,True
EVT-1892,DMP-05,Dumper 60T,BLOCK_B,downtime,2025-09-24 02:32:50,2025-09-24 06:14:50,3.7,TIRE_WEAR,Severe tire gouging from jagged gondite boulders,True
EVT-1893,DMP-05,Dumper 60T,BLOCK_B,repair,2025-09-29 17:43:47,2025-09-30 04:01:47,10.3,SCHEDULED_PM,250-hour routine preventive maintenance inspection,True
EVT-1894,DMP-05,Dumper 60T,BLOCK_B,maintenance,2025-10-03 23:48:38,2025-10-04 02:30:38,2.7,BLAST_VIBRATION_CHECK,Safety inspection after bench blast,True
EVT-1895,DMP-05,Dumper 60T,BLOCK_B,maintenance,2025-10-08 09:35:36,2025-10-08 17:53:36,8.3,ENGINE_OVERHEAT,Coolant pump failure during high ambient temp,True
EVT-1896,DMP-05,Dumper 60T,BLOCK_B,maintenance,2025-10-25 01:44:46,2025-10-25 04:08:46,2.4,TRACK_DAMAGE,Track shoe displacement on haulage floor,True
EVT-1897,DMP-05,Dumper 60T,BLOCK_B,downtime,2025-11-04 08:48:47,2025-11-04 10:18:47,1.5,SCHEDULED_PM,250-hour routine preventive maintenance inspection,True
EVT-1898,DMP-05,Dumper 60T,BLOCK_B,downtime,2025-11-07 05:34:36,2025-11-07 11:22:36,5.8,SCHEDULED_PM,250-hour routine preventive maintenance inspection,True
EVT-1899,DMP-05,Dumper 60T,BLOCK_B,downtime,2025-11-15 20:30:11,2025-11-16 00:36:11,4.1,BLAST_VIBRATION_CHECK,Safety inspection after bench blast,True
EVT-1900,DMP-05,Dumper 60T,BLOCK_B,maintenance,2025-11-25 01:58:03,2025-11-25 06:22:03,4.4,SCHEDULED_PM,250-hour routine preventive maintenance inspection,True
EVT-1901,DMP-05,Dumper 60T,BLOCK_B,repair,2025-11-30 14:11:25,2025-11-30 16:05:25,1.9,HYDRAULIC_LEAK,Hydraulic seal rupture on main boom,True
EVT-1902,DMP-05,Dumper 60T,BLOCK_B,repair,2025-12-06 08:26:19,2025-12-06 12:32:19,4.1,SCHEDULED_PM,250-hour routine preventive maintenance inspection,True
EVT-1903,DMP-05,Dumper 60T,BLOCK_B,maintenance,2025-12-16 20:57:05,2025-12-16 23:57:05,3.0,SCHEDULED_PM,250-hour routine preventive maintenance inspection,True
EVT-1904,DMP-05,Dumper 60T,BLOCK_B,maintenance,2025-12-20 09:04:50,2025-12-20 23:04:50,14.0,ELECTRICAL_FAULT,Alternator circuit grounding issue,True
EVT-1905,DMP-05,Dumper 60T,BLOCK_B,repair,2025-12-25 02:54:17,2025-12-25 09:18:17,6.4,HYDRAULIC_LEAK,Hydraulic seal rupture on main boom,True
EVT-1906,DMP-05,Dumper 60T,BLOCK_B,maintenance,2025-12-31 22:25:12,2026-01-01 03:01:12,4.6,TRACK_DAMAGE,Track shoe displacement on haulage floor,True
EVT-1907,DMP-05,Dumper 60T,BLOCK_B,downtime,2026-01-04 15:02:01,2026-01-04 22:38:01,7.6,HYDRAULIC_LEAK,Hydraulic seal rupture on main boom,True
EVT-1908,DMP-05,Dumper 60T,BLOCK_B,downtime,2026-01-12 13:35:47,2026-01-12 17:11:47,3.6,HYDRAULIC_LEAK,Hydraulic seal rupture on main boom,True
EVT-1909,DMP-05,Dumper 60T,BLOCK_B,downtime,2026-01-15 12:27:27,2026-01-15 17:09:27,4.7,BLAST_VIBRATION_CHECK,Safety inspection after bench blast,True
EVT-1910,DMP-05,Dumper 60T,BLOCK_B,maintenance,2026-01-19 05:02:45,2026-01-19 08:32:45,3.5,HYDRAULIC_LEAK,Hydraulic seal rupture on main boom,True
EVT-1911,DMP-05,Dumper 60T,BLOCK_B,maintenance,2026-01-25 09:36:24,2026-01-25 12:42:24,3.1,BLAST_VIBRATION_CHECK,Safety inspection after bench blast,True
EVT-1912,DMP-05,Dumper 60T,BLOCK_B,maintenance,2026-01-30 21:14:19,2026-01-31 02:26:19,5.2,ENGINE_OVERHEAT,Coolant pump failure during high ambient temp,True
EVT-1913,DMP-05,Dumper 60T,BLOCK_B,downtime,2026-02-11 03:19:49,2026-02-11 10:55:49,7.6,SCHEDULED_PM,250-hour routine preventive maintenance inspection,True
EVT-1914,DMP-05,Dumper 60T,BLOCK_B,downtime,2026-02-18 03:10:13,2026-02-18 07:28:13,4.3,BLAST_VIBRATION_CHECK,Safety inspection after bench blast,True
EVT-1915,DMP-05,Dumper 60T,BLOCK_B,downtime,2026-02-28 08:09:23,2026-02-28 10:45:23,2.6,TIRE_WEAR,Severe tire gouging from jagged gondite boulders,True
EVT-1916,DMP-05,Dumper 60T,BLOCK_B,maintenance,2026-03-04 07:00:49,2026-03-04 10:48:49,3.8,BLAST_VIBRATION_CHECK,Safety inspection after bench blast,True
EVT-1917,DMP-05,Dumper 60T,BLOCK_B,maintenance,2026-03-09 22:45:56,2026-03-10 01:45:56,3.0,ENGINE_OVERHEAT,Coolant pump failure during high ambient temp,True
EVT-1918,DMP-05,Dumper 60T,BLOCK_B,repair,2026-03-14 21:15:26,2026-03-15 00:45:26,3.5,HYDRAULIC_LEAK,Hydraulic seal rupture on main boom,True
EVT-1919,DMP-05,Dumper 60T,BLOCK_B,maintenance,2026-03-23 05:23:27,2026-03-23 08:35:27,3.2,ELECTRICAL_FAULT,Alternator circuit grounding issue,True
EVT-1920,DMP-05,Dumper 60T,BLOCK_B,downtime,2026-03-28 19:57:04,2026-03-29 02:21:04,6.4,ENGINE_OVERHEAT,Coolant pump failure during high ambient temp,True
EVT-1921,DMP-05,Dumper 60T,BLOCK_B,downtime,2026-04-04 23:20:35,2026-04-05 16:02:35,16.7,ENGINE_OVERHEAT,Coolant pump failure during high ambient temp,True
EVT-1922,DMP-05,Dumper 60T,BLOCK_B,repair,2026-04-09 23:49:20,2026-04-10 03:19:20,3.5,TRACK_DAMAGE,Track shoe displacement on haulage floor,True
EVT-1923,DMP-05,Dumper 60T,BLOCK_B,repair,2026-04-15 23:51:17,2026-04-16 04:21:17,4.5,SCHEDULED_PM,250-hour routine preventive maintenance inspection,True
EVT-1924,DMP-05,Dumper 60T,BLOCK_B,downtime,2026-04-23 06:33:00,2026-04-23 09:45:00,3.2,TIRE_WEAR,Severe tire gouging from jagged gondite boulders,True
EVT-1925,DMP-05,Dumper 60T,BLOCK_B,maintenance,2026-04-27 11:28:02,2026-04-27 14:22:02,2.9,TRACK_DAMAGE,Track shoe displacement on haulage floor,True
EVT-1926,DMP-05,Dumper 60T,BLOCK_B,downtime,2026-04-30 03:47:43,2026-04-30 06:59:43,3.2,BLAST_VIBRATION_CHECK,Safety inspection after bench blast,True
EVT-1927,DMP-05,Dumper 60T,BLOCK_B,downtime,2026-05-08 04:08:43,2026-05-08 05:26:43,1.3,TRACK_DAMAGE,Track shoe displacement on haulage floor,True
EVT-1928,DMP-05,Dumper 60T,BLOCK_B,repair,2026-05-16 01:27:11,2026-05-16 07:51:11,6.4,HYDRAULIC_LEAK,Hydraulic seal rupture on main boom,True
EVT-1929,DMP-05,Dumper 60T,BLOCK_B,repair,2026-05-27 14:40:32,2026-05-27 16:40:32,2.0,TRACK_DAMAGE,Track shoe displacement on haulage floor,True
EVT-1930,DMP-05,Dumper 60T,BLOCK_B,downtime,2026-06-04 06:45:30,2026-06-04 12:27:30,5.7,TIRE_WEAR,Severe tire gouging from jagged gondite boulders,True
EVT-1931,DMP-05,Dumper 60T,BLOCK_B,downtime,2026-06-09 22:33:08,2026-06-10 02:57:08,4.4,ELECTRICAL_FAULT,Alternator circuit grounding issue,True
EVT-1932,DMP-05,Dumper 60T,BLOCK_B,maintenance,2026-06-18 23:37:13,2026-06-19 03:37:13,4.0,ELECTRICAL_FAULT,Alternator circuit grounding issue,True
EVT-1933,DMP-05,Dumper 60T,BLOCK_B,downtime,2026-06-20 22:35:20,2026-06-21 05:05:20,6.5,ENGINE_OVERHEAT,Coolant pump failure during high ambient temp,True
EVT-1934,DMP-05,Dumper 60T,BLOCK_B,maintenance,2026-06-23 03:10:19,2026-06-23 08:34:19,5.4,ELECTRICAL_FAULT,Alternator circuit grounding issue,True
EVT-1935,DMP-05,Dumper 60T,BLOCK_B,downtime,2026-06-26 08:10:41,2026-06-26 14:28:41,6.3,TIRE_WEAR,Severe tire gouging from jagged gondite boulders,True
EVT-1936,DMP-05,Dumper 60T,BLOCK_B,maintenance,2026-06-28 22:46:56,2026-06-29 04:58:56,6.2,TIRE_WEAR,Severe tire gouging from jagged gondite boulders,True
EVT-1937,DMP-05,Dumper 60T,BLOCK_B,downtime,2026-07-02 08:08:31,2026-07-02 14:14:31,6.1,ELECTRICAL_FAULT,Alternator circuit grounding issue,True
EVT-1938,DMP-05,Dumper 60T,BLOCK_B,downtime,2026-07-07 08:47:01,2026-07-07 13:41:01,4.9,SCHEDULED_PM,250-hour routine preventive maintenance inspection,True
EVT-1939,DMP-05,Dumper 60T,BLOCK_B,repair,2026-07-21 03:38:57,2026-07-21 14:44:57,11.1,ENGINE_OVERHEAT,Coolant pump failure during high ambient temp,True
EVT-1940,DMP-05,Dumper 60T,BLOCK_B,maintenance,2026-07-27 21:20:10,2026-07-28 02:08:10,4.8,TRACK_DAMAGE,Track shoe displacement on haulage floor,True
EVT-1941,DMP-05,Dumper 60T,BLOCK_B,downtime,2026-08-10 01:12:57,2026-08-10 16:24:57,15.2,TRACK_DAMAGE,Track shoe displacement on haulage floor,True
EVT-1942,DMP-05,Dumper 60T,BLOCK_B,maintenance,2026-08-16 06:18:52,2026-08-16 09:12:52,2.9,TRACK_DAMAGE,Track shoe displacement on haulage floor,True
EVT-1943,DMP-05,Dumper 60T,BLOCK_B,downtime,2026-08-26 22:49:08,2026-08-27 01:07:08,2.3,BLAST_VIBRATION_CHECK,Safety inspection after bench blast,True
EVT-1944,DMP-06,Dumper 60T,BLOCK_B,downtime,2025-01-08 23:03:35,2025-01-09 01:21:35,2.3,ELECTRICAL_FAULT,Alternator circuit grounding issue,True
EVT-1945,DMP-06,Dumper 60T,BLOCK_B,downtime,2025-01-10 10:07:59,2025-01-10 15:01:59,4.9,HYDRAULIC_LEAK,Hydraulic seal rupture on main boom,True
EVT-1946,DMP-06,Dumper 60T,BLOCK_B,maintenance,2025-01-15 05:21:22,2025-01-15 16:45:22,11.4,TRACK_DAMAGE,Track shoe displacement on haulage floor,True
EVT-1947,DMP-06,Dumper 60T,BLOCK_B,maintenance,2025-01-25 19:15:14,2025-01-26 02:21:14,7.1,ELECTRICAL_FAULT,Alternator circuit grounding issue,True
EVT-1948,DMP-06,Dumper 60T,BLOCK_B,downtime,2025-02-07 11:08:55,2025-02-07 22:26:55,11.3,TIRE_WEAR,Severe tire gouging from jagged gondite boulders,True
EVT-1949,DMP-06,Dumper 60T,BLOCK_B,repair,2025-02-10 13:07:16,2025-02-10 16:19:16,3.2,HYDRAULIC_LEAK,Hydraulic seal rupture on main boom,True
EVT-1950,DMP-06,Dumper 60T,BLOCK_B,maintenance,2025-02-13 01:36:32,2025-02-13 05:42:32,4.1,ELECTRICAL_FAULT,Alternator circuit grounding issue,True
EVT-1951,DMP-06,Dumper 60T,BLOCK_B,downtime,2025-02-17 05:40:19,2025-02-17 08:04:19,2.4,TIRE_WEAR,Severe tire gouging from jagged gondite boulders,True
EVT-1952,DMP-06,Dumper 60T,BLOCK_B,maintenance,2025-02-21 23:40:36,2025-02-22 01:40:36,2.0,ENGINE_OVERHEAT,Coolant pump failure during high ambient temp,True
EVT-1953,DMP-06,Dumper 60T,BLOCK_B,repair,2025-03-01 00:29:26,2025-03-01 10:41:26,10.2,ENGINE_OVERHEAT,Coolant pump failure during high ambient temp,True
EVT-1954,DMP-06,Dumper 60T,BLOCK_B,repair,2025-03-07 03:20:15,2025-03-07 12:50:15,9.5,BLAST_VIBRATION_CHECK,Safety inspection after bench blast,True
EVT-1955,DMP-06,Dumper 60T,BLOCK_B,maintenance,2025-03-12 15:00:41,2025-03-12 21:00:41,6.0,HYDRAULIC_LEAK,Hydraulic seal rupture on main boom,True
EVT-1956,DMP-06,Dumper 60T,BLOCK_B,downtime,2025-03-18 08:36:26,2025-03-18 11:48:26,3.2,ENGINE_OVERHEAT,Coolant pump failure during high ambient temp,True
EVT-1957,DMP-06,Dumper 60T,BLOCK_B,maintenance,2025-03-21 14:37:25,2025-03-21 21:07:25,6.5,TRACK_DAMAGE,Track shoe displacement on haulage floor,True
EVT-1958,DMP-06,Dumper 60T,BLOCK_B,downtime,2025-03-28 07:52:53,2025-03-28 16:46:53,8.9,SCHEDULED_PM,250-hour routine preventive maintenance inspection,True
EVT-1959,DMP-06,Dumper 60T,BLOCK_B,downtime,2025-04-06 06:00:16,2025-04-06 18:18:16,12.3,ENGINE_OVERHEAT,Coolant pump failure during high ambient temp,True
EVT-1960,DMP-06,Dumper 60T,BLOCK_B,maintenance,2025-04-09 03:20:01,2025-04-09 05:08:01,1.8,TRACK_DAMAGE,Track shoe displacement on haulage floor,True
EVT-1961,DMP-06,Dumper 60T,BLOCK_B,downtime,2025-04-18 07:48:34,2025-04-18 11:18:34,3.5,TIRE_WEAR,Severe tire gouging from jagged gondite boulders,True
EVT-1962,DMP-06,Dumper 60T,BLOCK_B,downtime,2025-04-29 10:27:14,2025-04-29 13:45:14,3.3,ENGINE_OVERHEAT,Coolant pump failure during high ambient temp,True
EVT-1963,DMP-06,Dumper 60T,BLOCK_B,maintenance,2025-05-03 22:32:18,2025-05-04 02:20:18,3.8,ELECTRICAL_FAULT,Alternator circuit grounding issue,True
EVT-1964,DMP-06,Dumper 60T,BLOCK_B,downtime,2025-05-07 01:14:19,2025-05-07 07:02:19,5.8,TRACK_DAMAGE,Track shoe displacement on haulage floor,True
EVT-1965,DMP-06,Dumper 60T,BLOCK_B,downtime,2025-05-21 22:53:18,2025-05-22 00:17:18,1.4,HYDRAULIC_LEAK,Hydraulic seal rupture on main boom,True
EVT-1966,DMP-06,Dumper 60T,BLOCK_B,downtime,2025-05-27 14:19:44,2025-05-27 17:31:44,3.2,ENGINE_OVERHEAT,Coolant pump failure during high ambient temp,True
EVT-1967,DMP-06,Dumper 60T,BLOCK_B,maintenance,2025-05-31 09:07:28,2025-05-31 12:31:28,3.4,ELECTRICAL_FAULT,Alternator circuit grounding issue,True
EVT-1968,DMP-06,Dumper 60T,BLOCK_B,repair,2025-06-04 08:27:10,2025-06-04 12:57:10,4.5,HYDRAULIC_LEAK,Hydraulic seal rupture on main boom,True
EVT-1969,DMP-06,Dumper 60T,BLOCK_B,downtime,2025-06-11 08:54:16,2025-06-11 13:42:16,4.8,TRACK_DAMAGE,Track shoe displacement on haulage floor,True
EVT-1970,DMP-06,Dumper 60T,BLOCK_B,maintenance,2025-06-16 19:25:22,2025-06-16 23:13:22,3.8,ENGINE_OVERHEAT,Coolant pump failure during high ambient temp,True
EVT-1971,DMP-06,Dumper 60T,BLOCK_B,repair,2025-06-21 23:16:12,2025-06-22 13:34:12,14.3,TRACK_DAMAGE,Track shoe displacement on haulage floor,True
EVT-1972,DMP-06,Dumper 60T,BLOCK_B,maintenance,2025-06-27 00:45:14,2025-06-27 04:45:14,4.0,ELECTRICAL_FAULT,Alternator circuit grounding issue,True
EVT-1973,DMP-06,Dumper 60T,BLOCK_B,downtime,2025-07-03 02:13:28,2025-07-03 07:55:28,5.7,ENGINE_OVERHEAT,Coolant pump failure during high ambient temp,True
EVT-1974,DMP-06,Dumper 60T,BLOCK_B,repair,2025-07-08 12:12:24,2025-07-08 18:36:24,6.4,ELECTRICAL_FAULT,Alternator circuit grounding issue,True
EVT-1975,DMP-06,Dumper 60T,BLOCK_B,downtime,2025-07-14 10:05:21,2025-07-14 12:35:21,2.5,BLAST_VIBRATION_CHECK,Safety inspection after bench blast,True
EVT-1976,DMP-06,Dumper 60T,BLOCK_B,downtime,2025-07-23 22:43:20,2025-07-24 01:19:20,2.6,HYDRAULIC_LEAK,Hydraulic seal rupture on main boom,True
EVT-1977,DMP-06,Dumper 60T,BLOCK_B,repair,2025-07-31 01:21:33,2025-07-31 07:51:33,6.5,TIRE_WEAR,Severe tire gouging from jagged gondite boulders,True
EVT-1978,DMP-06,Dumper 60T,BLOCK_B,repair,2025-08-09 05:32:05,2025-08-09 15:02:05,9.5,BLAST_VIBRATION_CHECK,Safety inspection after bench blast,True
EVT-1979,DMP-06,Dumper 60T,BLOCK_B,downtime,2025-08-18 11:43:09,2025-08-19 00:01:09,12.3,HYDRAULIC_LEAK,Hydraulic seal rupture on main boom,True
EVT-1980,DMP-06,Dumper 60T,BLOCK_B,maintenance,2025-08-21 09:03:29,2025-08-21 11:39:29,2.6,TRACK_DAMAGE,Track shoe displacement on haulage floor,True
EVT-1981,DMP-06,Dumper 60T,BLOCK_B,repair,2025-08-28 13:41:08,2025-08-28 21:35:08,7.9,TIRE_WEAR,Severe tire gouging from jagged gondite boulders,True
EVT-1982,DMP-06,Dumper 60T,BLOCK_B,downtime,2025-09-02 04:04:22,2025-09-02 08:22:22,4.3,BLAST_VIBRATION_CHECK,Safety inspection after bench blast,True
EVT-1983,DMP-06,Dumper 60T,BLOCK_B,repair,2025-09-10 03:00:34,2025-09-10 12:24:34,9.4,BLAST_VIBRATION_CHECK,Safety inspection after bench blast,True
EVT-1984,DMP-06,Dumper 60T,BLOCK_B,downtime,2025-09-20 02:43:22,2025-09-20 08:07:22,5.4,TRACK_DAMAGE,Track shoe displacement on haulage floor,True
EVT-1985,DMP-06,Dumper 60T,BLOCK_B,maintenance,2025-09-23 18:08:32,2025-09-24 00:14:32,6.1,HYDRAULIC_LEAK,Hydraulic seal rupture on main boom,True
EVT-1986,DMP-06,Dumper 60T,BLOCK_B,repair,2025-10-04 14:38:43,2025-10-05 01:14:43,10.6,TIRE_WEAR,Severe tire gouging from jagged gondite boulders,True
EVT-1987,DMP-06,Dumper 60T,BLOCK_B,downtime,2025-10-17 05:57:04,2025-10-17 17:21:04,11.4,TIRE_WEAR,Severe tire gouging from jagged gondite boulders,True
EVT-1988,DMP-06,Dumper 60T,BLOCK_B,maintenance,2025-10-22 01:11:18,2025-10-22 05:53:18,4.7,TRACK_DAMAGE,Track shoe displacement on haulage floor,True
EVT-1989,DMP-06,Dumper 60T,BLOCK_B,maintenance,2025-10-31 05:59:22,2025-10-31 07:41:22,1.7,TRACK_DAMAGE,Track shoe displacement on haulage floor,True
EVT-1990,DMP-06,Dumper 60T,BLOCK_B,maintenance,2025-11-06 07:21:20,2025-11-06 10:15:20,2.9,SCHEDULED_PM,250-hour routine preventive maintenance inspection,True
EVT-1991,DMP-06,Dumper 60T,BLOCK_B,downtime,2025-11-13 21:05:12,2025-11-14 12:59:12,15.9,HYDRAULIC_LEAK,Hydraulic seal rupture on main boom,True
EVT-1992,DMP-06,Dumper 60T,BLOCK_B,downtime,2025-11-24 13:45:46,2025-11-24 20:03:46,6.3,ELECTRICAL_FAULT,Alternator circuit grounding issue,True
EVT-1993,DMP-06,Dumper 60T,BLOCK_B,repair,2025-12-04 08:03:30,2025-12-04 10:39:30,2.6,BLAST_VIBRATION_CHECK,Safety inspection after bench blast,True
EVT-1994,DMP-06,Dumper 60T,BLOCK_B,maintenance,2025-12-10 10:17:53,2025-12-10 13:23:53,3.1,ELECTRICAL_FAULT,Alternator circuit grounding issue,True
EVT-1995,DMP-06,Dumper 60T,BLOCK_B,maintenance,2025-12-15 19:03:56,2025-12-16 03:33:56,8.5,TIRE_WEAR,Severe tire gouging from jagged gondite boulders,True
EVT-1996,DMP-06,Dumper 60T,BLOCK_B,maintenance,2025-12-21 04:59:46,2025-12-21 18:59:46,14.0,ENGINE_OVERHEAT,Coolant pump failure during high ambient temp,True
EVT-1997,DMP-06,Dumper 60T,BLOCK_B,repair,2025-12-31 01:46:01,2025-12-31 06:10:01,4.4,BLAST_VIBRATION_CHECK,Safety inspection after bench blast,True
EVT-1998,DMP-06,Dumper 60T,BLOCK_B,downtime,2026-01-05 18:51:03,2026-01-06 04:21:03,9.5,ELECTRICAL_FAULT,Alternator circuit grounding issue,True
EVT-1999,DMP-06,Dumper 60T,BLOCK_B,maintenance,2026-01-10 21:58:06,2026-01-11 05:46:06,7.8,TRACK_DAMAGE,Track shoe displacement on haulage floor,True
EVT-2000,DMP-06,Dumper 60T,BLOCK_B,downtime,2026-01-14 02:41:13,2026-01-14 08:05:13,5.4,TIRE_WEAR,Severe tire gouging from jagged gondite boulders,True
EVT-2001,DMP-06,Dumper 60T,BLOCK_B,maintenance,2026-01-22 03:59:55,2026-01-22 10:47:55,6.8,BLAST_VIBRATION_CHECK,Safety inspection after bench blast,True
EVT-2002,DMP-06,Dumper 60T,BLOCK_B,maintenance,2026-01-24 20:32:20,2026-01-25 01:50:20,5.3,TIRE_WEAR,Severe tire gouging from jagged gondite boulders,True
EVT-2003,DMP-06,Dumper 60T,BLOCK_B,repair,2026-02-04 13:15:33,2026-02-04 22:57:33,9.7,ELECTRICAL_FAULT,Alternator circuit grounding issue,True
EVT-2004,DMP-06,Dumper 60T,BLOCK_B,maintenance,2026-02-19 16:30:31,2026-02-19 23:30:31,7.0,TIRE_WEAR,Severe tire gouging from jagged gondite boulders,True
EVT-2005,DMP-06,Dumper 60T,BLOCK_B,downtime,2026-02-22 01:49:27,2026-02-22 03:37:27,1.8,HYDRAULIC_LEAK,Hydraulic seal rupture on main boom,True
EVT-2006,DMP-06,Dumper 60T,BLOCK_B,maintenance,2026-03-03 10:10:19,2026-03-03 14:04:19,3.9,TRACK_DAMAGE,Track shoe displacement on haulage floor,True
EVT-2007,DMP-06,Dumper 60T,BLOCK_B,downtime,2026-03-13 12:58:39,2026-03-13 15:34:39,2.6,TRACK_DAMAGE,Track shoe displacement on haulage floor,True
EVT-2008,DMP-06,Dumper 60T,BLOCK_B,repair,2026-03-21 23:41:44,2026-03-22 04:29:44,4.8,ENGINE_OVERHEAT,Coolant pump failure during high ambient temp,True
EVT-2009,DMP-06,Dumper 60T,BLOCK_B,downtime,2026-04-05 11:58:48,2026-04-05 15:46:48,3.8,SCHEDULED_PM,250-hour routine preventive maintenance inspection,True
EVT-2010,DMP-06,Dumper 60T,BLOCK_B,repair,2026-04-13 13:28:27,2026-04-13 16:34:27,3.1,TIRE_WEAR,Severe tire gouging from jagged gondite boulders,True
EVT-2011,DMP-06,Dumper 60T,BLOCK_B,downtime,2026-04-28 14:22:31,2026-04-28 16:34:31,2.2,ENGINE_OVERHEAT,Coolant pump failure during high ambient temp,True
EVT-2012,DMP-06,Dumper 60T,BLOCK_B,maintenance,2026-05-02 19:14:51,2026-05-02 20:32:51,1.3,SCHEDULED_PM,250-hour routine preventive maintenance inspection,True
EVT-2013,DMP-06,Dumper 60T,BLOCK_B,downtime,2026-05-12 02:09:45,2026-05-12 11:45:45,9.6,BLAST_VIBRATION_CHECK,Safety inspection after bench blast,True
EVT-2014,DMP-06,Dumper 60T,BLOCK_B,downtime,2026-05-23 08:14:43,2026-05-23 17:50:43,9.6,SCHEDULED_PM,250-hour routine preventive maintenance inspection,True
EVT-2015,DMP-06,Dumper 60T,BLOCK_B,downtime,2026-05-30 14:50:11,2026-05-30 16:56:11,2.1,BLAST_VIBRATION_CHECK,Safety inspection after bench blast,True
EVT-2016,DMP-06,Dumper 60T,BLOCK_B,downtime,2026-06-04 06:49:34,2026-06-04 12:07:34,5.3,SCHEDULED_PM,250-hour routine preventive maintenance inspection,True
EVT-2017,DMP-06,Dumper 60T,BLOCK_B,downtime,2026-06-07 23:22:10,2026-06-08 00:58:10,1.6,BLAST_VIBRATION_CHECK,Safety inspection after bench blast,True
EVT-2018,DMP-06,Dumper 60T,BLOCK_B,maintenance,2026-06-17 21:21:24,2026-06-18 00:09:24,2.8,SCHEDULED_PM,250-hour routine preventive maintenance inspection,True
EVT-2019,DMP-06,Dumper 60T,BLOCK_B,downtime,2026-06-24 05:38:16,2026-06-24 09:20:16,3.7,SCHEDULED_PM,250-hour routine preventive maintenance inspection,True
EVT-2020,DMP-06,Dumper 60T,BLOCK_B,downtime,2026-06-29 23:26:22,2026-06-30 02:20:22,2.9,TIRE_WEAR,Severe tire gouging from jagged gondite boulders,True
EVT-2021,DMP-06,Dumper 60T,BLOCK_B,downtime,2026-07-12 18:31:17,2026-07-13 00:49:17,6.3,HYDRAULIC_LEAK,Hydraulic seal rupture on main boom,True
EVT-2022,DMP-06,Dumper 60T,BLOCK_B,repair,2026-07-18 13:25:05,2026-07-18 14:25:05,1.0,TIRE_WEAR,Severe tire gouging from jagged gondite boulders,True
EVT-2023,DMP-06,Dumper 60T,BLOCK_B,maintenance,2026-07-23 04:44:01,2026-07-23 07:26:01,2.7,BLAST_VIBRATION_CHECK,Safety inspection after bench blast,True
EVT-2024,DMP-06,Dumper 60T,BLOCK_B,downtime,2026-08-03 18:45:16,2026-08-04 02:09:16,7.4,SCHEDULED_PM,250-hour routine preventive maintenance inspection,True
EVT-2025,DMP-06,Dumper 60T,BLOCK_B,downtime,2026-08-08 08:10:13,2026-08-08 09:40:13,1.5,BLAST_VIBRATION_CHECK,Safety inspection after bench blast,True
EVT-2026,DMP-06,Dumper 60T,BLOCK_B,downtime,2026-08-18 01:09:02,2026-08-18 04:03:02,2.9,BLAST_VIBRATION_CHECK,Safety inspection after bench blast,True
EVT-2027,DMP-06,Dumper 60T,BLOCK_B,maintenance,2026-08-26 08:29:32,2026-08-26 16:35:32,8.1,BLAST_VIBRATION_CHECK,Safety inspection after bench blast,True
EVT-2028,DMP-07,Dumper 60T,BLOCK_B,maintenance,2025-01-10 01:56:50,2025-01-10 12:20:50,10.4,TIRE_WEAR,Severe tire gouging from jagged gondite boulders,True
EVT-2029,DMP-07,Dumper 60T,BLOCK_B,repair,2025-01-13 05:08:00,2025-01-13 19:02:00,13.9,ELECTRICAL_FAULT,Alternator circuit grounding issue,True
EVT-2030,DMP-07,Dumper 60T,BLOCK_B,downtime,2025-01-21 20:32:20,2025-01-21 21:32:20,1.0,HYDRAULIC_LEAK,Hydraulic seal rupture on main boom,True
EVT-2031,DMP-07,Dumper 60T,BLOCK_B,maintenance,2025-02-01 14:28:27,2025-02-01 16:34:27,2.1,ENGINE_OVERHEAT,Coolant pump failure during high ambient temp,True
EVT-2032,DMP-07,Dumper 60T,BLOCK_B,downtime,2025-02-03 12:29:18,2025-02-03 15:47:18,3.3,ELECTRICAL_FAULT,Alternator circuit grounding issue,True
EVT-2033,DMP-07,Dumper 60T,BLOCK_B,maintenance,2025-02-05 17:01:10,2025-02-05 20:37:10,3.6,TRACK_DAMAGE,Track shoe displacement on haulage floor,True
EVT-2034,DMP-07,Dumper 60T,BLOCK_B,maintenance,2025-02-10 09:56:53,2025-02-10 12:44:53,2.8,TRACK_DAMAGE,Track shoe displacement on haulage floor,True
EVT-2035,DMP-07,Dumper 60T,BLOCK_B,repair,2025-02-17 21:35:25,2025-02-18 03:05:25,5.5,TRACK_DAMAGE,Track shoe displacement on haulage floor,True
EVT-2036,DMP-07,Dumper 60T,BLOCK_B,maintenance,2025-03-05 20:35:33,2025-03-06 03:47:33,7.2,TIRE_WEAR,Severe tire gouging from jagged gondite boulders,True
EVT-2037,DMP-07,Dumper 60T,BLOCK_B,downtime,2025-03-25 05:32:58,2025-03-25 08:56:58,3.4,ELECTRICAL_FAULT,Alternator circuit grounding issue,True
EVT-2038,DMP-07,Dumper 60T,BLOCK_B,downtime,2025-04-01 14:44:21,2025-04-01 23:26:21,8.7,TRACK_DAMAGE,Track shoe displacement on haulage floor,True
EVT-2039,DMP-07,Dumper 60T,BLOCK_B,maintenance,2025-04-12 09:31:49,2025-04-12 11:43:49,2.2,HYDRAULIC_LEAK,Hydraulic seal rupture on main boom,True
EVT-2040,DMP-07,Dumper 60T,BLOCK_B,downtime,2025-04-16 02:56:43,2025-04-16 04:20:43,1.4,ELECTRICAL_FAULT,Alternator circuit grounding issue,True
EVT-2041,DMP-07,Dumper 60T,BLOCK_B,downtime,2025-04-20 19:13:47,2025-04-20 22:31:47,3.3,ELECTRICAL_FAULT,Alternator circuit grounding issue,True
EVT-2042,DMP-07,Dumper 60T,BLOCK_B,downtime,2025-05-01 15:51:08,2025-05-01 17:21:08,1.5,HYDRAULIC_LEAK,Hydraulic seal rupture on main boom,True
EVT-2043,DMP-07,Dumper 60T,BLOCK_B,downtime,2025-05-09 02:34:48,2025-05-09 05:10:48,2.6,ELECTRICAL_FAULT,Alternator circuit grounding issue,True
EVT-2044,DMP-07,Dumper 60T,BLOCK_B,repair,2025-05-13 06:52:11,2025-05-13 11:40:11,4.8,ELECTRICAL_FAULT,Alternator circuit grounding issue,True
EVT-2045,DMP-07,Dumper 60T,BLOCK_B,downtime,2025-05-19 03:41:23,2025-05-19 05:29:23,1.8,TIRE_WEAR,Severe tire gouging from jagged gondite boulders,True
EVT-2046,DMP-07,Dumper 60T,BLOCK_B,repair,2025-05-23 22:43:05,2025-05-24 03:19:05,4.6,TIRE_WEAR,Severe tire gouging from jagged gondite boulders,True
EVT-2047,DMP-07,Dumper 60T,BLOCK_B,downtime,2025-06-03 01:54:09,2025-06-03 04:54:09,3.0,SCHEDULED_PM,250-hour routine preventive maintenance inspection,True
EVT-2048,DMP-07,Dumper 60T,BLOCK_B,maintenance,2025-06-13 17:52:37,2025-06-14 00:04:37,6.2,ENGINE_OVERHEAT,Coolant pump failure during high ambient temp,True
EVT-2049,DMP-07,Dumper 60T,BLOCK_B,maintenance,2025-06-24 15:05:52,2025-06-24 16:59:52,1.9,ELECTRICAL_FAULT,Alternator circuit grounding issue,True
EVT-2050,DMP-07,Dumper 60T,BLOCK_B,repair,2025-06-30 08:54:31,2025-06-30 11:54:31,3.0,ELECTRICAL_FAULT,Alternator circuit grounding issue,True
EVT-2051,DMP-07,Dumper 60T,BLOCK_B,maintenance,2025-07-04 05:09:31,2025-07-04 07:57:31,2.8,TRACK_DAMAGE,Track shoe displacement on haulage floor,True
EVT-2052,DMP-07,Dumper 60T,BLOCK_B,maintenance,2025-07-08 04:38:27,2025-07-08 09:26:27,4.8,HYDRAULIC_LEAK,Hydraulic seal rupture on main boom,True
EVT-2053,DMP-07,Dumper 60T,BLOCK_B,repair,2025-07-15 09:46:07,2025-07-15 12:58:07,3.2,SCHEDULED_PM,250-hour routine preventive maintenance inspection,True
EVT-2054,DMP-07,Dumper 60T,BLOCK_B,maintenance,2025-07-21 01:14:58,2025-07-21 07:20:58,6.1,ENGINE_OVERHEAT,Coolant pump failure during high ambient temp,True
EVT-2055,DMP-07,Dumper 60T,BLOCK_B,downtime,2025-07-24 22:19:02,2025-07-25 03:13:02,4.9,TRACK_DAMAGE,Track shoe displacement on haulage floor,True
EVT-2056,DMP-07,Dumper 60T,BLOCK_B,downtime,2025-07-28 06:20:56,2025-07-28 10:32:56,4.2,TRACK_DAMAGE,Track shoe displacement on haulage floor,True
EVT-2057,DMP-07,Dumper 60T,BLOCK_B,maintenance,2025-08-02 12:18:09,2025-08-02 16:00:09,3.7,TIRE_WEAR,Severe tire gouging from jagged gondite boulders,True
EVT-2058,DMP-07,Dumper 60T,BLOCK_B,maintenance,2025-08-08 12:20:56,2025-08-09 00:14:56,11.9,ELECTRICAL_FAULT,Alternator circuit grounding issue,True
EVT-2059,DMP-07,Dumper 60T,BLOCK_B,downtime,2025-08-14 12:50:30,2025-08-14 17:20:30,4.5,HYDRAULIC_LEAK,Hydraulic seal rupture on main boom,True
EVT-2060,DMP-07,Dumper 60T,BLOCK_B,repair,2025-08-19 17:41:53,2025-08-19 23:05:53,5.4,ELECTRICAL_FAULT,Alternator circuit grounding issue,True
EVT-2061,DMP-07,Dumper 60T,BLOCK_B,downtime,2025-08-24 03:35:57,2025-08-24 08:53:57,5.3,TRACK_DAMAGE,Track shoe displacement on haulage floor,True
EVT-2062,DMP-07,Dumper 60T,BLOCK_B,maintenance,2025-08-29 06:04:29,2025-08-29 09:16:29,3.2,TIRE_WEAR,Severe tire gouging from jagged gondite boulders,True
EVT-2063,DMP-07,Dumper 60T,BLOCK_B,downtime,2025-09-02 03:59:29,2025-09-02 05:23:29,1.4,HYDRAULIC_LEAK,Hydraulic seal rupture on main boom,True
EVT-2064,DMP-07,Dumper 60T,BLOCK_B,downtime,2025-09-05 22:31:27,2025-09-06 09:43:27,11.2,SCHEDULED_PM,250-hour routine preventive maintenance inspection,True
EVT-2065,DMP-07,Dumper 60T,BLOCK_B,maintenance,2025-09-16 17:49:58,2025-09-16 21:13:58,3.4,TRACK_DAMAGE,Track shoe displacement on haulage floor,True
EVT-2066,DMP-07,Dumper 60T,BLOCK_B,maintenance,2025-10-02 00:47:04,2025-10-02 05:59:04,5.2,HYDRAULIC_LEAK,Hydraulic seal rupture on main boom,True
EVT-2067,DMP-07,Dumper 60T,BLOCK_B,downtime,2025-10-07 05:45:23,2025-10-07 17:27:23,11.7,ELECTRICAL_FAULT,Alternator circuit grounding issue,True
EVT-2068,DMP-07,Dumper 60T,BLOCK_B,maintenance,2025-10-11 16:11:59,2025-10-11 19:23:59,3.2,TRACK_DAMAGE,Track shoe displacement on haulage floor,True
EVT-2069,DMP-07,Dumper 60T,BLOCK_B,repair,2025-10-15 11:55:00,2025-10-15 13:31:00,1.6,SCHEDULED_PM,250-hour routine preventive maintenance inspection,True
EVT-2070,DMP-07,Dumper 60T,BLOCK_B,maintenance,2025-10-29 13:41:49,2025-10-29 17:29:49,3.8,HYDRAULIC_LEAK,Hydraulic seal rupture on main boom,True
EVT-2071,DMP-07,Dumper 60T,BLOCK_B,downtime,2025-11-07 14:14:34,2025-11-07 23:14:34,9.0,HYDRAULIC_LEAK,Hydraulic seal rupture on main boom,True
EVT-2072,DMP-07,Dumper 60T,BLOCK_B,downtime,2025-11-16 01:04:13,2025-11-16 04:10:13,3.1,TIRE_WEAR,Severe tire gouging from jagged gondite boulders,True
EVT-2073,DMP-07,Dumper 60T,BLOCK_B,repair,2025-11-22 17:27:11,2025-11-22 19:45:11,2.3,SCHEDULED_PM,250-hour routine preventive maintenance inspection,True
EVT-2074,DMP-07,Dumper 60T,BLOCK_B,repair,2025-11-30 13:08:32,2025-11-30 14:50:32,1.7,TIRE_WEAR,Severe tire gouging from jagged gondite boulders,True
EVT-2075,DMP-07,Dumper 60T,BLOCK_B,downtime,2025-12-06 13:40:47,2025-12-07 10:28:47,20.8,SCHEDULED_PM,250-hour routine preventive maintenance inspection,True
EVT-2076,DMP-07,Dumper 60T,BLOCK_B,maintenance,2025-12-13 20:38:26,2025-12-14 07:20:26,10.7,SCHEDULED_PM,250-hour routine preventive maintenance inspection,True
EVT-2077,DMP-07,Dumper 60T,BLOCK_B,downtime,2025-12-25 14:36:13,2025-12-25 15:42:13,1.1,HYDRAULIC_LEAK,Hydraulic seal rupture on main boom,True
EVT-2078,DMP-07,Dumper 60T,BLOCK_B,downtime,2026-01-02 07:52:30,2026-01-02 14:34:30,6.7,TRACK_DAMAGE,Track shoe displacement on haulage floor,True
EVT-2079,DMP-07,Dumper 60T,BLOCK_B,repair,2026-01-10 09:13:48,2026-01-10 20:37:48,11.4,SCHEDULED_PM,250-hour routine preventive maintenance inspection,True
EVT-2080,DMP-07,Dumper 60T,BLOCK_B,maintenance,2026-01-18 00:06:35,2026-01-18 04:18:35,4.2,SCHEDULED_PM,250-hour routine preventive maintenance inspection,True
EVT-2081,DMP-07,Dumper 60T,BLOCK_B,repair,2026-01-21 03:30:10,2026-01-21 07:00:10,3.5,ENGINE_OVERHEAT,Coolant pump failure during high ambient temp,True
EVT-2082,DMP-07,Dumper 60T,BLOCK_B,downtime,2026-01-24 04:00:17,2026-01-24 07:36:17,3.6,SCHEDULED_PM,250-hour routine preventive maintenance inspection,True
EVT-2083,DMP-07,Dumper 60T,BLOCK_B,downtime,2026-02-03 00:26:06,2026-02-03 10:38:06,10.2,ELECTRICAL_FAULT,Alternator circuit grounding issue,True
EVT-2084,DMP-07,Dumper 60T,BLOCK_B,repair,2026-02-07 23:22:35,2026-02-08 02:04:35,2.7,BLAST_VIBRATION_CHECK,Safety inspection after bench blast,True
EVT-2085,DMP-07,Dumper 60T,BLOCK_B,repair,2026-02-15 14:15:42,2026-02-15 16:57:42,2.7,SCHEDULED_PM,250-hour routine preventive maintenance inspection,True
EVT-2086,DMP-07,Dumper 60T,BLOCK_B,downtime,2026-02-25 14:55:51,2026-02-25 16:07:51,1.2,TIRE_WEAR,Severe tire gouging from jagged gondite boulders,True
EVT-2087,DMP-07,Dumper 60T,BLOCK_B,maintenance,2026-03-12 07:47:17,2026-03-12 10:29:17,2.7,ELECTRICAL_FAULT,Alternator circuit grounding issue,True
EVT-2088,DMP-07,Dumper 60T,BLOCK_B,maintenance,2026-03-15 12:41:40,2026-03-15 13:41:40,1.0,TRACK_DAMAGE,Track shoe displacement on haulage floor,True
EVT-2089,DMP-07,Dumper 60T,BLOCK_B,maintenance,2026-03-18 11:01:16,2026-03-18 14:37:16,3.6,HYDRAULIC_LEAK,Hydraulic seal rupture on main boom,True
EVT-2090,DMP-07,Dumper 60T,BLOCK_B,downtime,2026-03-23 02:25:46,2026-03-23 11:37:46,9.2,BLAST_VIBRATION_CHECK,Safety inspection after bench blast,True
EVT-2091,DMP-07,Dumper 60T,BLOCK_B,downtime,2026-03-30 02:42:00,2026-03-30 08:24:00,5.7,ELECTRICAL_FAULT,Alternator circuit grounding issue,True
EVT-2092,DMP-07,Dumper 60T,BLOCK_B,maintenance,2026-04-06 16:42:06,2026-04-06 22:54:06,6.2,TIRE_WEAR,Severe tire gouging from jagged gondite boulders,True
EVT-2093,DMP-07,Dumper 60T,BLOCK_B,repair,2026-04-09 18:29:03,2026-04-09 23:47:03,5.3,TIRE_WEAR,Severe tire gouging from jagged gondite boulders,True
EVT-2094,DMP-07,Dumper 60T,BLOCK_B,maintenance,2026-04-15 00:12:27,2026-04-15 04:06:27,3.9,HYDRAULIC_LEAK,Hydraulic seal rupture on main boom,True
EVT-2095,DMP-07,Dumper 60T,BLOCK_B,maintenance,2026-04-28 06:15:48,2026-04-28 10:15:48,4.0,TRACK_DAMAGE,Track shoe displacement on haulage floor,True
EVT-2096,DMP-07,Dumper 60T,BLOCK_B,repair,2026-05-04 07:14:10,2026-05-04 12:38:10,5.4,TIRE_WEAR,Severe tire gouging from jagged gondite boulders,True
EVT-2097,DMP-07,Dumper 60T,BLOCK_B,repair,2026-05-12 02:59:16,2026-05-12 06:17:16,3.3,SCHEDULED_PM,250-hour routine preventive maintenance inspection,True
EVT-2098,DMP-07,Dumper 60T,BLOCK_B,maintenance,2026-05-15 00:44:54,2026-05-15 03:20:54,2.6,BLAST_VIBRATION_CHECK,Safety inspection after bench blast,True
EVT-2099,DMP-07,Dumper 60T,BLOCK_B,downtime,2026-05-22 12:48:20,2026-05-22 16:18:20,3.5,ELECTRICAL_FAULT,Alternator circuit grounding issue,True
EVT-2100,DMP-07,Dumper 60T,BLOCK_B,downtime,2026-05-28 22:04:39,2026-05-29 00:10:39,2.1,BLAST_VIBRATION_CHECK,Safety inspection after bench blast,True
EVT-2101,DMP-07,Dumper 60T,BLOCK_B,maintenance,2026-06-02 02:30:37,2026-06-02 05:18:37,2.8,TIRE_WEAR,Severe tire gouging from jagged gondite boulders,True
EVT-2102,DMP-07,Dumper 60T,BLOCK_B,repair,2026-06-05 17:40:06,2026-06-06 01:52:06,8.2,ENGINE_OVERHEAT,Coolant pump failure during high ambient temp,True
EVT-2103,DMP-07,Dumper 60T,BLOCK_B,repair,2026-06-13 20:14:46,2026-06-14 00:02:46,3.8,ENGINE_OVERHEAT,Coolant pump failure during high ambient temp,True
EVT-2104,DMP-07,Dumper 60T,BLOCK_B,downtime,2026-06-19 07:58:37,2026-06-19 13:10:37,5.2,BLAST_VIBRATION_CHECK,Safety inspection after bench blast,True
EVT-2105,DMP-07,Dumper 60T,BLOCK_B,downtime,2026-06-23 16:39:31,2026-06-23 22:27:31,5.8,HYDRAULIC_LEAK,Hydraulic seal rupture on main boom,True
EVT-2106,DMP-07,Dumper 60T,BLOCK_B,downtime,2026-07-01 17:17:29,2026-07-01 21:47:29,4.5,ELECTRICAL_FAULT,Alternator circuit grounding issue,True
EVT-2107,DMP-07,Dumper 60T,BLOCK_B,downtime,2026-07-10 16:41:41,2026-07-10 23:59:41,7.3,BLAST_VIBRATION_CHECK,Safety inspection after bench blast,True
EVT-2108,DMP-07,Dumper 60T,BLOCK_B,downtime,2026-07-25 11:08:22,2026-07-25 14:14:22,3.1,SCHEDULED_PM,250-hour routine preventive maintenance inspection,True
EVT-2109,DMP-07,Dumper 60T,BLOCK_B,maintenance,2026-07-29 21:11:38,2026-07-30 02:35:38,5.4,ELECTRICAL_FAULT,Alternator circuit grounding issue,True
EVT-2110,DMP-07,Dumper 60T,BLOCK_B,repair,2026-08-06 09:52:46,2026-08-06 12:16:46,2.4,BLAST_VIBRATION_CHECK,Safety inspection after bench blast,True
EVT-2111,DMP-07,Dumper 60T,BLOCK_B,maintenance,2026-08-14 22:05:54,2026-08-14 23:11:54,1.1,BLAST_VIBRATION_CHECK,Safety inspection after bench blast,True
EVT-2112,DMP-07,Dumper 60T,BLOCK_B,downtime,2026-08-21 14:50:35,2026-08-21 17:50:35,3.0,ENGINE_OVERHEAT,Coolant pump failure during high ambient temp,True
EVT-2113,DMP-07,Dumper 60T,BLOCK_B,maintenance,2026-08-29 01:26:19,2026-08-29 05:26:19,4.0,BLAST_VIBRATION_CHECK,Safety inspection after bench blast,True
EVT-2114,DMP-08,Dumper 60T,BLOCK_B,maintenance,2025-01-12 06:33:09,2025-01-12 09:03:09,2.5,TRACK_DAMAGE,Track shoe displacement on haulage floor,True
EVT-2115,DMP-08,Dumper 60T,BLOCK_B,repair,2025-01-22 07:32:00,2025-01-22 11:14:00,3.7,ELECTRICAL_FAULT,Alternator circuit grounding issue,True
EVT-2116,DMP-08,Dumper 60T,BLOCK_B,repair,2025-02-04 09:08:06,2025-02-04 20:02:06,10.9,TRACK_DAMAGE,Track shoe displacement on haulage floor,True
EVT-2117,DMP-08,Dumper 60T,BLOCK_B,maintenance,2025-02-10 12:21:12,2025-02-10 15:15:12,2.9,BLAST_VIBRATION_CHECK,Safety inspection after bench blast,True
EVT-2118,DMP-08,Dumper 60T,BLOCK_B,maintenance,2025-02-17 02:15:07,2025-02-17 04:03:07,1.8,BLAST_VIBRATION_CHECK,Safety inspection after bench blast,True
EVT-2119,DMP-08,Dumper 60T,BLOCK_B,maintenance,2025-02-22 06:14:19,2025-02-22 11:08:19,4.9,TIRE_WEAR,Severe tire gouging from jagged gondite boulders,True
EVT-2120,DMP-08,Dumper 60T,BLOCK_B,maintenance,2025-03-02 06:08:28,2025-03-02 10:50:28,4.7,SCHEDULED_PM,250-hour routine preventive maintenance inspection,True
EVT-2121,DMP-08,Dumper 60T,BLOCK_B,maintenance,2025-03-07 01:44:32,2025-03-07 05:20:32,3.6,ENGINE_OVERHEAT,Coolant pump failure during high ambient temp,True
EVT-2122,DMP-08,Dumper 60T,BLOCK_B,downtime,2025-03-15 06:38:49,2025-03-15 12:26:49,5.8,TRACK_DAMAGE,Track shoe displacement on haulage floor,True
EVT-2123,DMP-08,Dumper 60T,BLOCK_B,downtime,2025-03-23 07:44:52,2025-03-23 10:44:52,3.0,TRACK_DAMAGE,Track shoe displacement on haulage floor,True
EVT-2124,DMP-08,Dumper 60T,BLOCK_B,maintenance,2025-04-06 22:08:06,2025-04-07 02:02:06,3.9,BLAST_VIBRATION_CHECK,Safety inspection after bench blast,True
EVT-2125,DMP-08,Dumper 60T,BLOCK_B,downtime,2025-04-08 23:51:09,2025-04-09 05:51:09,6.0,BLAST_VIBRATION_CHECK,Safety inspection after bench blast,True
EVT-2126,DMP-08,Dumper 60T,BLOCK_B,maintenance,2025-04-17 03:34:24,2025-04-17 07:10:24,3.6,ELECTRICAL_FAULT,Alternator circuit grounding issue,True
EVT-2127,DMP-08,Dumper 60T,BLOCK_B,downtime,2025-04-20 10:52:26,2025-04-20 15:34:26,4.7,TIRE_WEAR,Severe tire gouging from jagged gondite boulders,True
EVT-2128,DMP-08,Dumper 60T,BLOCK_B,maintenance,2025-04-27 20:29:18,2025-04-28 00:05:18,3.6,TRACK_DAMAGE,Track shoe displacement on haulage floor,True
EVT-2129,DMP-08,Dumper 60T,BLOCK_B,downtime,2025-04-30 04:21:42,2025-04-30 06:45:42,2.4,BLAST_VIBRATION_CHECK,Safety inspection after bench blast,True
EVT-2130,DMP-08,Dumper 60T,BLOCK_B,maintenance,2025-05-06 10:55:18,2025-05-06 18:01:18,7.1,ELECTRICAL_FAULT,Alternator circuit grounding issue,True
EVT-2131,DMP-08,Dumper 60T,BLOCK_B,repair,2025-05-13 04:20:03,2025-05-13 11:02:03,6.7,TIRE_WEAR,Severe tire gouging from jagged gondite boulders,True
EVT-2132,DMP-08,Dumper 60T,BLOCK_B,repair,2025-05-16 07:44:53,2025-05-16 14:20:53,6.6,TRACK_DAMAGE,Track shoe displacement on haulage floor,True
EVT-2133,DMP-08,Dumper 60T,BLOCK_B,downtime,2025-05-20 18:11:20,2025-05-20 22:11:20,4.0,BLAST_VIBRATION_CHECK,Safety inspection after bench blast,True
EVT-2134,DMP-08,Dumper 60T,BLOCK_B,downtime,2025-05-25 20:22:48,2025-05-26 03:52:48,7.5,ELECTRICAL_FAULT,Alternator circuit grounding issue,True
EVT-2135,DMP-08,Dumper 60T,BLOCK_B,maintenance,2025-06-07 02:04:11,2025-06-07 09:46:11,7.7,BLAST_VIBRATION_CHECK,Safety inspection after bench blast,True
EVT-2136,DMP-08,Dumper 60T,BLOCK_B,maintenance,2025-06-12 21:33:58,2025-06-12 22:33:58,1.0,ENGINE_OVERHEAT,Coolant pump failure during high ambient temp,True
EVT-2137,DMP-08,Dumper 60T,BLOCK_B,repair,2025-06-25 08:13:39,2025-06-25 18:07:39,9.9,TRACK_DAMAGE,Track shoe displacement on haulage floor,True
EVT-2138,DMP-08,Dumper 60T,BLOCK_B,repair,2025-07-05 00:04:19,2025-07-05 04:10:19,4.1,BLAST_VIBRATION_CHECK,Safety inspection after bench blast,True
EVT-2139,DMP-08,Dumper 60T,BLOCK_B,downtime,2025-07-14 17:42:04,2025-07-14 22:36:04,4.9,HYDRAULIC_LEAK,Hydraulic seal rupture on main boom,True
EVT-2140,DMP-08,Dumper 60T,BLOCK_B,maintenance,2025-07-20 19:22:57,2025-07-20 21:46:57,2.4,SCHEDULED_PM,250-hour routine preventive maintenance inspection,True
EVT-2141,DMP-08,Dumper 60T,BLOCK_B,downtime,2025-07-31 18:37:21,2025-08-01 05:31:21,10.9,HYDRAULIC_LEAK,Hydraulic seal rupture on main boom,True
EVT-2142,DMP-08,Dumper 60T,BLOCK_B,maintenance,2025-08-10 00:37:15,2025-08-10 04:19:15,3.7,SCHEDULED_PM,250-hour routine preventive maintenance inspection,True
EVT-2143,DMP-08,Dumper 60T,BLOCK_B,downtime,2025-08-17 18:32:46,2025-08-17 20:32:46,2.0,ENGINE_OVERHEAT,Coolant pump failure during high ambient temp,True
EVT-2144,DMP-08,Dumper 60T,BLOCK_B,downtime,2025-08-28 19:41:03,2025-08-29 05:47:03,10.1,ELECTRICAL_FAULT,Alternator circuit grounding issue,True
EVT-2145,DMP-08,Dumper 60T,BLOCK_B,downtime,2025-09-07 16:15:19,2025-09-07 20:15:19,4.0,ELECTRICAL_FAULT,Alternator circuit grounding issue,True
EVT-2146,DMP-08,Dumper 60T,BLOCK_B,downtime,2025-09-13 13:19:48,2025-09-14 03:25:48,14.1,TIRE_WEAR,Severe tire gouging from jagged gondite boulders,True
EVT-2147,DMP-08,Dumper 60T,BLOCK_B,downtime,2025-09-16 02:55:24,2025-09-16 07:25:24,4.5,SCHEDULED_PM,250-hour routine preventive maintenance inspection,True
EVT-2148,DMP-08,Dumper 60T,BLOCK_B,repair,2025-09-27 16:17:09,2025-09-27 19:11:09,2.9,ENGINE_OVERHEAT,Coolant pump failure during high ambient temp,True
EVT-2149,DMP-08,Dumper 60T,BLOCK_B,downtime,2025-10-13 03:29:56,2025-10-13 10:47:56,7.3,ELECTRICAL_FAULT,Alternator circuit grounding issue,True
EVT-2150,DMP-08,Dumper 60T,BLOCK_B,maintenance,2025-10-17 03:48:55,2025-10-17 07:36:55,3.8,ENGINE_OVERHEAT,Coolant pump failure during high ambient temp,True
EVT-2151,DMP-08,Dumper 60T,BLOCK_B,maintenance,2025-10-26 11:34:05,2025-10-26 17:58:05,6.4,TRACK_DAMAGE,Track shoe displacement on haulage floor,True
EVT-2152,DMP-08,Dumper 60T,BLOCK_B,downtime,2025-11-01 19:29:30,2025-11-01 22:23:30,2.9,BLAST_VIBRATION_CHECK,Safety inspection after bench blast,True
EVT-2153,DMP-08,Dumper 60T,BLOCK_B,downtime,2025-11-06 10:27:57,2025-11-06 16:27:57,6.0,TIRE_WEAR,Severe tire gouging from jagged gondite boulders,True
EVT-2154,DMP-08,Dumper 60T,BLOCK_B,downtime,2025-11-09 14:15:33,2025-11-09 17:45:33,3.5,SCHEDULED_PM,250-hour routine preventive maintenance inspection,True
EVT-2155,DMP-08,Dumper 60T,BLOCK_B,downtime,2025-11-18 01:38:30,2025-11-18 08:38:30,7.0,BLAST_VIBRATION_CHECK,Safety inspection after bench blast,True
EVT-2156,DMP-08,Dumper 60T,BLOCK_B,maintenance,2025-11-28 08:37:14,2025-11-28 12:49:14,4.2,HYDRAULIC_LEAK,Hydraulic seal rupture on main boom,True
EVT-2157,DMP-08,Dumper 60T,BLOCK_B,repair,2025-12-07 08:41:51,2025-12-07 13:35:51,4.9,ENGINE_OVERHEAT,Coolant pump failure during high ambient temp,True
EVT-2158,DMP-08,Dumper 60T,BLOCK_B,downtime,2025-12-16 07:06:20,2025-12-16 08:06:20,1.0,TIRE_WEAR,Severe tire gouging from jagged gondite boulders,True
EVT-2159,DMP-08,Dumper 60T,BLOCK_B,downtime,2025-12-28 10:46:31,2025-12-28 14:34:31,3.8,HYDRAULIC_LEAK,Hydraulic seal rupture on main boom,True
EVT-2160,DMP-08,Dumper 60T,BLOCK_B,repair,2026-01-02 20:43:34,2026-01-03 01:01:34,4.3,ELECTRICAL_FAULT,Alternator circuit grounding issue,True
EVT-2161,DMP-08,Dumper 60T,BLOCK_B,maintenance,2026-01-17 01:23:29,2026-01-17 08:17:29,6.9,ENGINE_OVERHEAT,Coolant pump failure during high ambient temp,True
EVT-2162,DMP-08,Dumper 60T,BLOCK_B,repair,2026-01-26 04:18:10,2026-01-26 06:36:10,2.3,TIRE_WEAR,Severe tire gouging from jagged gondite boulders,True
EVT-2163,DMP-08,Dumper 60T,BLOCK_B,repair,2026-01-31 00:21:42,2026-01-31 05:33:42,5.2,HYDRAULIC_LEAK,Hydraulic seal rupture on main boom,True
EVT-2164,DMP-08,Dumper 60T,BLOCK_B,downtime,2026-02-07 19:30:27,2026-02-08 15:48:27,20.3,SCHEDULED_PM,250-hour routine preventive maintenance inspection,True
EVT-2165,DMP-08,Dumper 60T,BLOCK_B,maintenance,2026-02-11 07:42:37,2026-02-11 16:54:37,9.2,TRACK_DAMAGE,Track shoe displacement on haulage floor,True
EVT-2166,DMP-08,Dumper 60T,BLOCK_B,downtime,2026-02-18 03:34:41,2026-02-18 07:34:41,4.0,BLAST_VIBRATION_CHECK,Safety inspection after bench blast,True
EVT-2167,DMP-08,Dumper 60T,BLOCK_B,maintenance,2026-02-27 10:36:58,2026-02-27 15:18:58,4.7,ELECTRICAL_FAULT,Alternator circuit grounding issue,True
EVT-2168,DMP-08,Dumper 60T,BLOCK_B,repair,2026-03-06 18:21:49,2026-03-06 21:45:49,3.4,ENGINE_OVERHEAT,Coolant pump failure during high ambient temp,True
EVT-2169,DMP-08,Dumper 60T,BLOCK_B,repair,2026-03-17 02:57:44,2026-03-17 09:15:44,6.3,ELECTRICAL_FAULT,Alternator circuit grounding issue,True
EVT-2170,DMP-08,Dumper 60T,BLOCK_B,downtime,2026-03-20 05:37:07,2026-03-20 07:43:07,2.1,TIRE_WEAR,Severe tire gouging from jagged gondite boulders,True
EVT-2171,DMP-08,Dumper 60T,BLOCK_B,downtime,2026-03-31 08:32:47,2026-03-31 12:02:47,3.5,ENGINE_OVERHEAT,Coolant pump failure during high ambient temp,True
EVT-2172,DMP-08,Dumper 60T,BLOCK_B,maintenance,2026-04-08 22:46:36,2026-04-09 01:40:36,2.9,BLAST_VIBRATION_CHECK,Safety inspection after bench blast,True
EVT-2173,DMP-08,Dumper 60T,BLOCK_B,downtime,2026-04-16 17:14:19,2026-04-16 20:38:19,3.4,ENGINE_OVERHEAT,Coolant pump failure during high ambient temp,True
EVT-2174,DMP-08,Dumper 60T,BLOCK_B,downtime,2026-04-24 20:29:19,2026-04-25 01:35:19,5.1,TRACK_DAMAGE,Track shoe displacement on haulage floor,True
EVT-2175,DMP-08,Dumper 60T,BLOCK_B,maintenance,2026-05-01 11:56:27,2026-05-01 13:08:27,1.2,SCHEDULED_PM,250-hour routine preventive maintenance inspection,True
EVT-2176,DMP-08,Dumper 60T,BLOCK_B,maintenance,2026-05-08 22:19:44,2026-05-09 02:01:44,3.7,ENGINE_OVERHEAT,Coolant pump failure during high ambient temp,True
EVT-2177,DMP-08,Dumper 60T,BLOCK_B,downtime,2026-05-19 07:09:37,2026-05-19 10:27:37,3.3,TIRE_WEAR,Severe tire gouging from jagged gondite boulders,True
EVT-2178,DMP-08,Dumper 60T,BLOCK_B,maintenance,2026-05-29 12:02:30,2026-05-29 19:56:30,7.9,ELECTRICAL_FAULT,Alternator circuit grounding issue,True
EVT-2179,DMP-08,Dumper 60T,BLOCK_B,repair,2026-06-06 21:54:15,2026-06-07 00:30:15,2.6,SCHEDULED_PM,250-hour routine preventive maintenance inspection,True
EVT-2180,DMP-08,Dumper 60T,BLOCK_B,downtime,2026-06-13 05:32:14,2026-06-13 10:38:14,5.1,ELECTRICAL_FAULT,Alternator circuit grounding issue,True
EVT-2181,DMP-08,Dumper 60T,BLOCK_B,maintenance,2026-06-21 14:06:33,2026-06-21 18:06:33,4.0,ENGINE_OVERHEAT,Coolant pump failure during high ambient temp,True
EVT-2182,DMP-08,Dumper 60T,BLOCK_B,repair,2026-06-25 08:47:30,2026-06-25 17:05:30,8.3,ELECTRICAL_FAULT,Alternator circuit grounding issue,True
EVT-2183,DMP-08,Dumper 60T,BLOCK_B,downtime,2026-07-06 23:44:17,2026-07-07 07:20:17,7.6,ENGINE_OVERHEAT,Coolant pump failure during high ambient temp,True
EVT-2184,DMP-08,Dumper 60T,BLOCK_B,downtime,2026-07-11 09:45:16,2026-07-11 21:57:16,12.2,ELECTRICAL_FAULT,Alternator circuit grounding issue,True
EVT-2185,DMP-08,Dumper 60T,BLOCK_B,downtime,2026-07-17 15:54:52,2026-07-18 00:24:52,8.5,TIRE_WEAR,Severe tire gouging from jagged gondite boulders,True
EVT-2186,DMP-08,Dumper 60T,BLOCK_B,downtime,2026-07-24 05:45:33,2026-07-24 11:09:33,5.4,TRACK_DAMAGE,Track shoe displacement on haulage floor,True
EVT-2187,DMP-08,Dumper 60T,BLOCK_B,downtime,2026-07-30 21:03:22,2026-07-31 04:15:22,7.2,BLAST_VIBRATION_CHECK,Safety inspection after bench blast,True
EVT-2188,DMP-08,Dumper 60T,BLOCK_B,maintenance,2026-08-03 09:21:53,2026-08-03 13:09:53,3.8,TRACK_DAMAGE,Track shoe displacement on haulage floor,True
EVT-2189,DMP-08,Dumper 60T,BLOCK_B,maintenance,2026-08-12 23:19:41,2026-08-13 04:07:41,4.8,BLAST_VIBRATION_CHECK,Safety inspection after bench blast,True
EVT-2190,DMP-08,Dumper 60T,BLOCK_B,downtime,2026-08-18 14:29:49,2026-08-18 19:23:49,4.9,BLAST_VIBRATION_CHECK,Safety inspection after bench blast,True
EVT-2191,DMP-08,Dumper 60T,BLOCK_B,downtime,2026-08-23 09:37:34,2026-08-23 12:13:34,2.6,TRACK_DAMAGE,Track shoe displacement on haulage floor,True
EVT-2192,DMP-09,Dumper 60T,BLOCK_C,downtime,2025-01-10 06:25:35,2025-01-10 09:19:35,2.9,SCHEDULED_PM,250-hour routine preventive maintenance inspection,True
EVT-2193,DMP-09,Dumper 60T,BLOCK_C,repair,2025-01-20 03:25:09,2025-01-20 04:31:09,1.1,BLAST_VIBRATION_CHECK,Safety inspection after bench blast,True
EVT-2194,DMP-09,Dumper 60T,BLOCK_C,maintenance,2025-01-27 08:00:12,2025-01-27 09:42:12,1.7,BLAST_VIBRATION_CHECK,Safety inspection after bench blast,True
EVT-2195,DMP-09,Dumper 60T,BLOCK_C,downtime,2025-01-30 14:21:51,2025-01-30 17:57:51,3.6,TRACK_DAMAGE,Track shoe displacement on haulage floor,True
EVT-2196,DMP-09,Dumper 60T,BLOCK_C,downtime,2025-02-07 16:31:28,2025-02-07 18:07:28,1.6,ENGINE_OVERHEAT,Coolant pump failure during high ambient temp,True
EVT-2197,DMP-09,Dumper 60T,BLOCK_C,downtime,2025-02-12 16:05:09,2025-02-12 18:59:09,2.9,ENGINE_OVERHEAT,Coolant pump failure during high ambient temp,True
EVT-2198,DMP-09,Dumper 60T,BLOCK_C,maintenance,2025-02-18 18:15:08,2025-02-19 02:45:08,8.5,ELECTRICAL_FAULT,Alternator circuit grounding issue,True
EVT-2199,DMP-09,Dumper 60T,BLOCK_C,maintenance,2025-03-03 20:29:03,2025-03-04 07:53:03,11.4,SCHEDULED_PM,250-hour routine preventive maintenance inspection,True
EVT-2200,DMP-09,Dumper 60T,BLOCK_C,downtime,2025-03-10 22:08:22,2025-03-10 23:56:22,1.8,BLAST_VIBRATION_CHECK,Safety inspection after bench blast,True
EVT-2201,DMP-09,Dumper 60T,BLOCK_C,maintenance,2025-03-20 01:26:31,2025-03-20 05:32:31,4.1,ELECTRICAL_FAULT,Alternator circuit grounding issue,True
EVT-2202,DMP-09,Dumper 60T,BLOCK_C,maintenance,2025-03-23 13:39:59,2025-03-23 14:39:59,1.0,TIRE_WEAR,Severe tire gouging from jagged gondite boulders,True
EVT-2203,DMP-09,Dumper 60T,BLOCK_C,maintenance,2025-03-31 13:07:28,2025-03-31 16:49:28,3.7,ENGINE_OVERHEAT,Coolant pump failure during high ambient temp,True
EVT-2204,DMP-09,Dumper 60T,BLOCK_C,maintenance,2025-04-12 18:48:25,2025-04-13 02:00:25,7.2,BLAST_VIBRATION_CHECK,Safety inspection after bench blast,True
EVT-2205,DMP-09,Dumper 60T,BLOCK_C,maintenance,2025-04-19 16:22:54,2025-04-19 19:28:54,3.1,TIRE_WEAR,Severe tire gouging from jagged gondite boulders,True
EVT-2206,DMP-09,Dumper 60T,BLOCK_C,maintenance,2025-04-25 20:19:30,2025-04-26 03:25:30,7.1,SCHEDULED_PM,250-hour routine preventive maintenance inspection,True
EVT-2207,DMP-09,Dumper 60T,BLOCK_C,downtime,2025-05-10 13:53:26,2025-05-11 01:23:26,11.5,BLAST_VIBRATION_CHECK,Safety inspection after bench blast,True
EVT-2208,DMP-09,Dumper 60T,BLOCK_C,downtime,2025-05-18 06:08:24,2025-05-19 00:14:24,18.1,SCHEDULED_PM,250-hour routine preventive maintenance inspection,True
EVT-2209,DMP-09,Dumper 60T,BLOCK_C,downtime,2025-05-28 19:46:50,2025-05-28 21:16:50,1.5,TIRE_WEAR,Severe tire gouging from jagged gondite boulders,True
EVT-2210,DMP-09,Dumper 60T,BLOCK_C,maintenance,2025-06-05 08:38:54,2025-06-05 13:44:54,5.1,SCHEDULED_PM,250-hour routine preventive maintenance inspection,True
EVT-2211,DMP-09,Dumper 60T,BLOCK_C,downtime,2025-06-13 02:27:56,2025-06-13 07:09:56,4.7,SCHEDULED_PM,250-hour routine preventive maintenance inspection,True
EVT-2212,DMP-09,Dumper 60T,BLOCK_C,downtime,2025-06-18 17:24:08,2025-06-19 01:54:08,8.5,TRACK_DAMAGE,Track shoe displacement on haulage floor,True
EVT-2213,DMP-09,Dumper 60T,BLOCK_C,repair,2025-06-20 16:48:13,2025-06-21 02:30:13,9.7,ELECTRICAL_FAULT,Alternator circuit grounding issue,True
EVT-2214,DMP-09,Dumper 60T,BLOCK_C,downtime,2025-06-27 06:15:55,2025-06-27 10:45:55,4.5,ENGINE_OVERHEAT,Coolant pump failure during high ambient temp,True
EVT-2215,DMP-09,Dumper 60T,BLOCK_C,maintenance,2025-07-06 20:06:29,2025-07-07 08:30:29,12.4,ELECTRICAL_FAULT,Alternator circuit grounding issue,True
EVT-2216,DMP-09,Dumper 60T,BLOCK_C,downtime,2025-07-13 08:54:50,2025-07-13 13:00:50,4.1,SCHEDULED_PM,250-hour routine preventive maintenance inspection,True
EVT-2217,DMP-09,Dumper 60T,BLOCK_C,downtime,2025-07-20 08:24:35,2025-07-20 11:06:35,2.7,HYDRAULIC_LEAK,Hydraulic seal rupture on main boom,True
EVT-2218,DMP-09,Dumper 60T,BLOCK_C,maintenance,2025-07-25 15:08:38,2025-07-25 22:14:38,7.1,SCHEDULED_PM,250-hour routine preventive maintenance inspection,True
EVT-2219,DMP-09,Dumper 60T,BLOCK_C,downtime,2025-07-31 07:51:06,2025-07-31 10:03:06,2.2,SCHEDULED_PM,250-hour routine preventive maintenance inspection,True
EVT-2220,DMP-09,Dumper 60T,BLOCK_C,downtime,2025-08-08 01:52:13,2025-08-08 08:46:13,6.9,ELECTRICAL_FAULT,Alternator circuit grounding issue,True
EVT-2221,DMP-09,Dumper 60T,BLOCK_C,maintenance,2025-08-13 18:01:00,2025-08-14 01:07:00,7.1,TRACK_DAMAGE,Track shoe displacement on haulage floor,True
EVT-2222,DMP-09,Dumper 60T,BLOCK_C,maintenance,2025-08-21 02:15:31,2025-08-21 10:45:31,8.5,ELECTRICAL_FAULT,Alternator circuit grounding issue,True
EVT-2223,DMP-09,Dumper 60T,BLOCK_C,downtime,2025-09-01 13:00:50,2025-09-01 17:06:50,4.1,HYDRAULIC_LEAK,Hydraulic seal rupture on main boom,True
EVT-2224,DMP-09,Dumper 60T,BLOCK_C,maintenance,2025-09-06 20:05:02,2025-09-07 04:05:02,8.0,SCHEDULED_PM,250-hour routine preventive maintenance inspection,True
EVT-2225,DMP-09,Dumper 60T,BLOCK_C,downtime,2025-09-15 02:09:40,2025-09-15 03:33:40,1.4,ELECTRICAL_FAULT,Alternator circuit grounding issue,True
EVT-2226,DMP-09,Dumper 60T,BLOCK_C,downtime,2025-09-20 04:04:07,2025-09-20 10:04:07,6.0,HYDRAULIC_LEAK,Hydraulic seal rupture on main boom,True
EVT-2227,DMP-09,Dumper 60T,BLOCK_C,maintenance,2025-09-28 06:57:02,2025-09-28 11:57:02,5.0,HYDRAULIC_LEAK,Hydraulic seal rupture on main boom,True
EVT-2228,DMP-09,Dumper 60T,BLOCK_C,repair,2025-10-02 00:15:03,2025-10-02 09:33:03,9.3,HYDRAULIC_LEAK,Hydraulic seal rupture on main boom,True
EVT-2229,DMP-09,Dumper 60T,BLOCK_C,repair,2025-10-13 07:40:25,2025-10-14 01:40:25,18.0,ELECTRICAL_FAULT,Alternator circuit grounding issue,True
EVT-2230,DMP-09,Dumper 60T,BLOCK_C,downtime,2025-10-19 05:56:54,2025-10-19 19:32:54,13.6,ELECTRICAL_FAULT,Alternator circuit grounding issue,True
EVT-2231,DMP-09,Dumper 60T,BLOCK_C,downtime,2025-10-26 11:13:49,2025-10-26 13:07:49,1.9,ENGINE_OVERHEAT,Coolant pump failure during high ambient temp,True
EVT-2232,DMP-09,Dumper 60T,BLOCK_C,maintenance,2025-11-04 03:48:29,2025-11-04 08:30:29,4.7,BLAST_VIBRATION_CHECK,Safety inspection after bench blast,True
EVT-2233,DMP-09,Dumper 60T,BLOCK_C,maintenance,2025-11-07 11:57:24,2025-11-07 15:09:24,3.2,ELECTRICAL_FAULT,Alternator circuit grounding issue,True
EVT-2234,DMP-09,Dumper 60T,BLOCK_C,downtime,2025-11-12 12:26:23,2025-11-12 14:56:23,2.5,ELECTRICAL_FAULT,Alternator circuit grounding issue,True
EVT-2235,DMP-09,Dumper 60T,BLOCK_C,downtime,2025-11-17 10:56:57,2025-11-17 16:50:57,5.9,ELECTRICAL_FAULT,Alternator circuit grounding issue,True
EVT-2236,DMP-09,Dumper 60T,BLOCK_C,downtime,2025-11-26 03:03:10,2025-11-26 06:03:10,3.0,BLAST_VIBRATION_CHECK,Safety inspection after bench blast,True
EVT-2237,DMP-09,Dumper 60T,BLOCK_C,repair,2025-12-03 09:17:22,2025-12-03 14:29:22,5.2,TIRE_WEAR,Severe tire gouging from jagged gondite boulders,True
EVT-2238,DMP-09,Dumper 60T,BLOCK_C,maintenance,2025-12-07 00:09:09,2025-12-07 03:57:09,3.8,BLAST_VIBRATION_CHECK,Safety inspection after bench blast,True
EVT-2239,DMP-09,Dumper 60T,BLOCK_C,repair,2025-12-10 04:15:14,2025-12-10 05:57:14,1.7,HYDRAULIC_LEAK,Hydraulic seal rupture on main boom,True
EVT-2240,DMP-09,Dumper 60T,BLOCK_C,downtime,2025-12-27 15:44:18,2025-12-27 21:38:18,5.9,SCHEDULED_PM,250-hour routine preventive maintenance inspection,True
EVT-2241,DMP-09,Dumper 60T,BLOCK_C,downtime,2026-01-07 01:26:04,2026-01-07 04:38:04,3.2,ENGINE_OVERHEAT,Coolant pump failure during high ambient temp,True
EVT-2242,DMP-09,Dumper 60T,BLOCK_C,maintenance,2026-01-24 20:20:11,2026-01-25 04:38:11,8.3,ENGINE_OVERHEAT,Coolant pump failure during high ambient temp,True
EVT-2243,DMP-09,Dumper 60T,BLOCK_C,repair,2026-02-07 19:47:20,2026-02-07 23:47:20,4.0,TIRE_WEAR,Severe tire gouging from jagged gondite boulders,True
EVT-2244,DMP-09,Dumper 60T,BLOCK_C,downtime,2026-02-11 15:21:06,2026-02-11 18:15:06,2.9,TRACK_DAMAGE,Track shoe displacement on haulage floor,True
EVT-2245,DMP-09,Dumper 60T,BLOCK_C,maintenance,2026-02-19 07:31:16,2026-02-19 11:55:16,4.4,BLAST_VIBRATION_CHECK,Safety inspection after bench blast,True
EVT-2246,DMP-09,Dumper 60T,BLOCK_C,maintenance,2026-02-26 16:05:23,2026-02-26 22:29:23,6.4,SCHEDULED_PM,250-hour routine preventive maintenance inspection,True
EVT-2247,DMP-09,Dumper 60T,BLOCK_C,downtime,2026-03-01 00:29:27,2026-03-01 03:35:27,3.1,ENGINE_OVERHEAT,Coolant pump failure during high ambient temp,True
EVT-2248,DMP-09,Dumper 60T,BLOCK_C,downtime,2026-03-10 22:16:35,2026-03-11 02:52:35,4.6,TRACK_DAMAGE,Track shoe displacement on haulage floor,True
EVT-2249,DMP-09,Dumper 60T,BLOCK_C,downtime,2026-03-13 18:45:43,2026-03-13 22:57:43,4.2,ENGINE_OVERHEAT,Coolant pump failure during high ambient temp,True
EVT-2250,DMP-09,Dumper 60T,BLOCK_C,repair,2026-03-18 07:17:35,2026-03-18 09:47:35,2.5,BLAST_VIBRATION_CHECK,Safety inspection after bench blast,True
EVT-2251,DMP-09,Dumper 60T,BLOCK_C,maintenance,2026-03-24 22:39:52,2026-03-25 06:39:52,8.0,HYDRAULIC_LEAK,Hydraulic seal rupture on main boom,True
EVT-2252,DMP-09,Dumper 60T,BLOCK_C,repair,2026-04-06 06:57:41,2026-04-06 16:27:41,9.5,ELECTRICAL_FAULT,Alternator circuit grounding issue,True
EVT-2253,DMP-09,Dumper 60T,BLOCK_C,maintenance,2026-04-12 05:09:37,2026-04-12 11:33:37,6.4,HYDRAULIC_LEAK,Hydraulic seal rupture on main boom,True
EVT-2254,DMP-09,Dumper 60T,BLOCK_C,downtime,2026-04-16 00:36:27,2026-04-16 11:30:27,10.9,HYDRAULIC_LEAK,Hydraulic seal rupture on main boom,True
EVT-2255,DMP-09,Dumper 60T,BLOCK_C,downtime,2026-04-25 21:14:03,2026-04-26 00:50:03,3.6,HYDRAULIC_LEAK,Hydraulic seal rupture on main boom,True
EVT-2256,DMP-09,Dumper 60T,BLOCK_C,downtime,2026-04-30 04:52:09,2026-04-30 08:40:09,3.8,BLAST_VIBRATION_CHECK,Safety inspection after bench blast,True
EVT-2257,DMP-09,Dumper 60T,BLOCK_C,maintenance,2026-05-02 23:07:14,2026-05-03 05:25:14,6.3,HYDRAULIC_LEAK,Hydraulic seal rupture on main boom,True
EVT-2258,DMP-09,Dumper 60T,BLOCK_C,downtime,2026-05-09 11:55:46,2026-05-09 14:55:46,3.0,HYDRAULIC_LEAK,Hydraulic seal rupture on main boom,True
EVT-2259,DMP-09,Dumper 60T,BLOCK_C,downtime,2026-05-17 15:04:56,2026-05-17 16:40:56,1.6,ENGINE_OVERHEAT,Coolant pump failure during high ambient temp,True
EVT-2260,DMP-09,Dumper 60T,BLOCK_C,maintenance,2026-05-21 16:20:03,2026-05-22 01:32:03,9.2,TIRE_WEAR,Severe tire gouging from jagged gondite boulders,True
EVT-2261,DMP-09,Dumper 60T,BLOCK_C,repair,2026-05-29 20:22:21,2026-05-29 23:28:21,3.1,HYDRAULIC_LEAK,Hydraulic seal rupture on main boom,True
EVT-2262,DMP-09,Dumper 60T,BLOCK_C,downtime,2026-06-03 22:57:52,2026-06-04 07:57:52,9.0,TRACK_DAMAGE,Track shoe displacement on haulage floor,True
EVT-2263,DMP-09,Dumper 60T,BLOCK_C,downtime,2026-06-11 14:39:06,2026-06-11 21:33:06,6.9,BLAST_VIBRATION_CHECK,Safety inspection after bench blast,True
EVT-2264,DMP-09,Dumper 60T,BLOCK_C,maintenance,2026-06-16 03:27:21,2026-06-16 09:39:21,6.2,SCHEDULED_PM,250-hour routine preventive maintenance inspection,True
EVT-2265,DMP-09,Dumper 60T,BLOCK_C,maintenance,2026-06-19 00:53:47,2026-06-19 08:35:47,7.7,BLAST_VIBRATION_CHECK,Safety inspection after bench blast,True
EVT-2266,DMP-09,Dumper 60T,BLOCK_C,repair,2026-06-26 13:37:43,2026-06-26 17:07:43,3.5,ENGINE_OVERHEAT,Coolant pump failure during high ambient temp,True
EVT-2267,DMP-09,Dumper 60T,BLOCK_C,downtime,2026-06-30 14:14:00,2026-06-30 23:20:00,9.1,ENGINE_OVERHEAT,Coolant pump failure during high ambient temp,True
EVT-2268,DMP-09,Dumper 60T,BLOCK_C,repair,2026-07-08 04:54:44,2026-07-08 17:24:44,12.5,SCHEDULED_PM,250-hour routine preventive maintenance inspection,True
EVT-2269,DMP-09,Dumper 60T,BLOCK_C,downtime,2026-07-16 02:22:29,2026-07-16 11:22:29,9.0,TRACK_DAMAGE,Track shoe displacement on haulage floor,True
EVT-2270,DMP-09,Dumper 60T,BLOCK_C,downtime,2026-07-24 07:45:50,2026-07-24 10:21:50,2.6,SCHEDULED_PM,250-hour routine preventive maintenance inspection,True
EVT-2271,DMP-09,Dumper 60T,BLOCK_C,repair,2026-07-28 15:19:06,2026-07-28 20:49:06,5.5,BLAST_VIBRATION_CHECK,Safety inspection after bench blast,True
EVT-2272,DMP-09,Dumper 60T,BLOCK_C,repair,2026-08-05 09:40:38,2026-08-05 11:52:38,2.2,BLAST_VIBRATION_CHECK,Safety inspection after bench blast,True
EVT-2273,DMP-09,Dumper 60T,BLOCK_C,maintenance,2026-08-12 19:51:40,2026-08-13 02:51:40,7.0,SCHEDULED_PM,250-hour routine preventive maintenance inspection,True
EVT-2274,DMP-09,Dumper 60T,BLOCK_C,maintenance,2026-08-19 20:36:46,2026-08-20 00:24:46,3.8,TRACK_DAMAGE,Track shoe displacement on haulage floor,True
EVT-2275,DMP-10,Dumper 60T,BLOCK_C,maintenance,2025-01-10 17:29:49,2025-01-10 19:05:49,1.6,TIRE_WEAR,Severe tire gouging from jagged gondite boulders,True
EVT-2276,DMP-10,Dumper 60T,BLOCK_C,maintenance,2025-01-18 10:32:53,2025-01-18 12:44:53,2.2,BLAST_VIBRATION_CHECK,Safety inspection after bench blast,True
EVT-2277,DMP-10,Dumper 60T,BLOCK_C,downtime,2025-01-27 11:45:49,2025-01-27 14:45:49,3.0,ENGINE_OVERHEAT,Coolant pump failure during high ambient temp,True
EVT-2278,DMP-10,Dumper 60T,BLOCK_C,downtime,2025-01-31 05:39:53,2025-01-31 09:09:53,3.5,ENGINE_OVERHEAT,Coolant pump failure during high ambient temp,True
EVT-2279,DMP-10,Dumper 60T,BLOCK_C,maintenance,2025-02-05 09:41:08,2025-02-05 11:29:08,1.8,ELECTRICAL_FAULT,Alternator circuit grounding issue,True
EVT-2280,DMP-10,Dumper 60T,BLOCK_C,downtime,2025-02-12 16:33:23,2025-02-12 18:57:23,2.4,ENGINE_OVERHEAT,Coolant pump failure during high ambient temp,True
EVT-2281,DMP-10,Dumper 60T,BLOCK_C,downtime,2025-02-23 13:15:36,2025-02-23 14:57:36,1.7,BLAST_VIBRATION_CHECK,Safety inspection after bench blast,True
EVT-2282,DMP-10,Dumper 60T,BLOCK_C,downtime,2025-03-06 20:18:42,2025-03-07 01:24:42,5.1,ELECTRICAL_FAULT,Alternator circuit grounding issue,True
EVT-2283,DMP-10,Dumper 60T,BLOCK_C,repair,2025-03-14 02:57:39,2025-03-14 07:57:39,5.0,SCHEDULED_PM,250-hour routine preventive maintenance inspection,True
EVT-2284,DMP-10,Dumper 60T,BLOCK_C,downtime,2025-03-22 03:24:30,2025-03-22 14:00:30,10.6,ELECTRICAL_FAULT,Alternator circuit grounding issue,True
EVT-2285,DMP-10,Dumper 60T,BLOCK_C,maintenance,2025-03-29 11:25:32,2025-03-29 16:43:32,5.3,ENGINE_OVERHEAT,Coolant pump failure during high ambient temp,True
EVT-2286,DMP-10,Dumper 60T,BLOCK_C,downtime,2025-04-01 17:28:32,2025-04-01 23:52:32,6.4,TRACK_DAMAGE,Track shoe displacement on haulage floor,True
EVT-2287,DMP-10,Dumper 60T,BLOCK_C,downtime,2025-04-11 23:53:08,2025-04-12 06:41:08,6.8,BLAST_VIBRATION_CHECK,Safety inspection after bench blast,True
EVT-2288,DMP-10,Dumper 60T,BLOCK_C,downtime,2025-04-16 02:08:23,2025-04-16 04:44:23,2.6,ELECTRICAL_FAULT,Alternator circuit grounding issue,True
EVT-2289,DMP-10,Dumper 60T,BLOCK_C,repair,2025-04-22 16:57:33,2025-04-22 19:21:33,2.4,HYDRAULIC_LEAK,Hydraulic seal rupture on main boom,True
EVT-2290,DMP-10,Dumper 60T,BLOCK_C,maintenance,2025-04-26 01:49:13,2025-04-26 04:01:13,2.2,TIRE_WEAR,Severe tire gouging from jagged gondite boulders,True
EVT-2291,DMP-10,Dumper 60T,BLOCK_C,downtime,2025-04-30 15:07:39,2025-04-30 18:37:39,3.5,TRACK_DAMAGE,Track shoe displacement on haulage floor,True
EVT-2292,DMP-10,Dumper 60T,BLOCK_C,downtime,2025-05-09 05:45:47,2025-05-09 09:03:47,3.3,SCHEDULED_PM,250-hour routine preventive maintenance inspection,True
EVT-2293,DMP-10,Dumper 60T,BLOCK_C,maintenance,2025-05-12 02:49:12,2025-05-12 07:31:12,4.7,TIRE_WEAR,Severe tire gouging from jagged gondite boulders,True
EVT-2294,DMP-10,Dumper 60T,BLOCK_C,downtime,2025-05-20 18:17:44,2025-05-21 01:29:44,7.2,TIRE_WEAR,Severe tire gouging from jagged gondite boulders,True
EVT-2295,DMP-10,Dumper 60T,BLOCK_C,maintenance,2025-05-27 06:40:35,2025-05-27 13:04:35,6.4,BLAST_VIBRATION_CHECK,Safety inspection after bench blast,True
EVT-2296,DMP-10,Dumper 60T,BLOCK_C,maintenance,2025-06-07 05:55:18,2025-06-07 09:13:18,3.3,ENGINE_OVERHEAT,Coolant pump failure during high ambient temp,True
EVT-2297,DMP-10,Dumper 60T,BLOCK_C,maintenance,2025-06-10 15:50:05,2025-06-10 18:50:05,3.0,TIRE_WEAR,Severe tire gouging from jagged gondite boulders,True
EVT-2298,DMP-10,Dumper 60T,BLOCK_C,repair,2025-06-20 10:22:21,2025-06-20 13:34:21,3.2,TRACK_DAMAGE,Track shoe displacement on haulage floor,True
EVT-2299,DMP-10,Dumper 60T,BLOCK_C,repair,2025-06-28 03:24:36,2025-06-28 06:48:36,3.4,HYDRAULIC_LEAK,Hydraulic seal rupture on main boom,True
EVT-2300,DMP-10,Dumper 60T,BLOCK_C,downtime,2025-06-30 22:11:56,2025-07-01 00:05:56,1.9,ENGINE_OVERHEAT,Coolant pump failure during high ambient temp,True
EVT-2301,DMP-10,Dumper 60T,BLOCK_C,repair,2025-07-05 04:39:00,2025-07-05 10:03:00,5.4,HYDRAULIC_LEAK,Hydraulic seal rupture on main boom,True
EVT-2302,DMP-10,Dumper 60T,BLOCK_C,maintenance,2025-07-15 06:29:48,2025-07-15 20:41:48,14.2,TIRE_WEAR,Severe tire gouging from jagged gondite boulders,True
EVT-2303,DMP-10,Dumper 60T,BLOCK_C,maintenance,2025-07-21 21:28:58,2025-07-22 01:58:58,4.5,ENGINE_OVERHEAT,Coolant pump failure during high ambient temp,True
EVT-2304,DMP-10,Dumper 60T,BLOCK_C,maintenance,2025-07-26 07:31:02,2025-07-26 12:13:02,4.7,BLAST_VIBRATION_CHECK,Safety inspection after bench blast,True
EVT-2305,DMP-10,Dumper 60T,BLOCK_C,downtime,2025-07-29 17:58:20,2025-07-29 23:52:20,5.9,ENGINE_OVERHEAT,Coolant pump failure during high ambient temp,True
EVT-2306,DMP-10,Dumper 60T,BLOCK_C,maintenance,2025-08-04 15:15:20,2025-08-04 17:33:20,2.3,TIRE_WEAR,Severe tire gouging from jagged gondite boulders,True
EVT-2307,DMP-10,Dumper 60T,BLOCK_C,downtime,2025-08-17 07:55:44,2025-08-17 10:55:44,3.0,ELECTRICAL_FAULT,Alternator circuit grounding issue,True
EVT-2308,DMP-10,Dumper 60T,BLOCK_C,maintenance,2025-08-28 14:19:46,2025-08-28 17:31:46,3.2,TRACK_DAMAGE,Track shoe displacement on haulage floor,True
EVT-2309,DMP-10,Dumper 60T,BLOCK_C,downtime,2025-09-06 21:13:03,2025-09-06 23:31:03,2.3,TRACK_DAMAGE,Track shoe displacement on haulage floor,True
EVT-2310,DMP-10,Dumper 60T,BLOCK_C,maintenance,2025-09-10 22:53:13,2025-09-11 10:53:13,12.0,ELECTRICAL_FAULT,Alternator circuit grounding issue,True
EVT-2311,DMP-10,Dumper 60T,BLOCK_C,maintenance,2025-09-19 08:15:30,2025-09-19 15:21:30,7.1,TIRE_WEAR,Severe tire gouging from jagged gondite boulders,True
EVT-2312,DMP-10,Dumper 60T,BLOCK_C,repair,2025-09-28 02:29:59,2025-09-28 09:53:59,7.4,ELECTRICAL_FAULT,Alternator circuit grounding issue,True
EVT-2313,DMP-10,Dumper 60T,BLOCK_C,maintenance,2025-09-30 05:07:14,2025-09-30 08:49:14,3.7,TRACK_DAMAGE,Track shoe displacement on haulage floor,True
EVT-2314,DMP-10,Dumper 60T,BLOCK_C,repair,2025-10-05 00:40:59,2025-10-05 05:34:59,4.9,TRACK_DAMAGE,Track shoe displacement on haulage floor,True
EVT-2315,DMP-10,Dumper 60T,BLOCK_C,downtime,2025-10-08 03:37:35,2025-10-08 07:07:35,3.5,HYDRAULIC_LEAK,Hydraulic seal rupture on main boom,True
EVT-2316,DMP-10,Dumper 60T,BLOCK_C,maintenance,2025-10-18 17:35:30,2025-10-18 21:29:30,3.9,ENGINE_OVERHEAT,Coolant pump failure during high ambient temp,True
EVT-2317,DMP-10,Dumper 60T,BLOCK_C,maintenance,2025-10-27 10:58:09,2025-10-27 15:40:09,4.7,HYDRAULIC_LEAK,Hydraulic seal rupture on main boom,True
EVT-2318,DMP-10,Dumper 60T,BLOCK_C,downtime,2025-11-07 09:34:01,2025-11-07 13:40:01,4.1,SCHEDULED_PM,250-hour routine preventive maintenance inspection,True
EVT-2319,DMP-10,Dumper 60T,BLOCK_C,maintenance,2025-11-18 05:37:48,2025-11-18 10:13:48,4.6,ELECTRICAL_FAULT,Alternator circuit grounding issue,True
EVT-2320,DMP-10,Dumper 60T,BLOCK_C,downtime,2025-11-27 04:47:43,2025-11-27 06:35:43,1.8,ENGINE_OVERHEAT,Coolant pump failure during high ambient temp,True
EVT-2321,DMP-10,Dumper 60T,BLOCK_C,downtime,2025-12-03 12:55:33,2025-12-03 15:13:33,2.3,ELECTRICAL_FAULT,Alternator circuit grounding issue,True
EVT-2322,DMP-10,Dumper 60T,BLOCK_C,maintenance,2025-12-14 11:34:05,2025-12-14 15:04:05,3.5,ENGINE_OVERHEAT,Coolant pump failure during high ambient temp,True
EVT-2323,DMP-10,Dumper 60T,BLOCK_C,maintenance,2025-12-25 10:12:43,2025-12-25 14:00:43,3.8,BLAST_VIBRATION_CHECK,Safety inspection after bench blast,True
EVT-2324,DMP-10,Dumper 60T,BLOCK_C,repair,2025-12-27 11:21:49,2025-12-27 15:09:49,3.8,TRACK_DAMAGE,Track shoe displacement on haulage floor,True
EVT-2325,DMP-10,Dumper 60T,BLOCK_C,downtime,2026-01-03 03:24:47,2026-01-03 09:42:47,6.3,TIRE_WEAR,Severe tire gouging from jagged gondite boulders,True
EVT-2326,DMP-10,Dumper 60T,BLOCK_C,maintenance,2026-01-06 15:47:21,2026-01-06 20:59:21,5.2,BLAST_VIBRATION_CHECK,Safety inspection after bench blast,True
EVT-2327,DMP-10,Dumper 60T,BLOCK_C,maintenance,2026-01-19 03:49:40,2026-01-19 09:31:40,5.7,ELECTRICAL_FAULT,Alternator circuit grounding issue,True
EVT-2328,DMP-10,Dumper 60T,BLOCK_C,maintenance,2026-01-27 14:24:39,2026-01-27 17:36:39,3.2,BLAST_VIBRATION_CHECK,Safety inspection after bench blast,True
EVT-2329,DMP-10,Dumper 60T,BLOCK_C,maintenance,2026-02-03 01:23:44,2026-02-03 03:53:44,2.5,ENGINE_OVERHEAT,Coolant pump failure during high ambient temp,True
EVT-2330,DMP-10,Dumper 60T,BLOCK_C,downtime,2026-02-10 13:59:42,2026-02-10 17:59:42,4.0,SCHEDULED_PM,250-hour routine preventive maintenance inspection,True
EVT-2331,DMP-10,Dumper 60T,BLOCK_C,maintenance,2026-02-19 04:13:01,2026-02-19 10:55:01,6.7,SCHEDULED_PM,250-hour routine preventive maintenance inspection,True
EVT-2332,DMP-10,Dumper 60T,BLOCK_C,repair,2026-03-05 06:35:13,2026-03-05 18:17:13,11.7,HYDRAULIC_LEAK,Hydraulic seal rupture on main boom,True
EVT-2333,DMP-10,Dumper 60T,BLOCK_C,maintenance,2026-03-10 11:13:28,2026-03-10 14:25:28,3.2,TIRE_WEAR,Severe tire gouging from jagged gondite boulders,True
EVT-2334,DMP-10,Dumper 60T,BLOCK_C,repair,2026-03-15 15:27:09,2026-03-16 03:09:09,11.7,TIRE_WEAR,Severe tire gouging from jagged gondite boulders,True
EVT-2335,DMP-10,Dumper 60T,BLOCK_C,maintenance,2026-03-19 02:41:32,2026-03-19 05:05:32,2.4,TIRE_WEAR,Severe tire gouging from jagged gondite boulders,True
EVT-2336,DMP-10,Dumper 60T,BLOCK_C,downtime,2026-03-25 13:18:11,2026-03-25 15:12:11,1.9,ENGINE_OVERHEAT,Coolant pump failure during high ambient temp,True
EVT-2337,DMP-10,Dumper 60T,BLOCK_C,repair,2026-03-30 09:29:38,2026-03-30 13:17:38,3.8,ENGINE_OVERHEAT,Coolant pump failure during high ambient temp,True
EVT-2338,DMP-10,Dumper 60T,BLOCK_C,downtime,2026-04-13 17:50:24,2026-04-13 20:26:24,2.6,ENGINE_OVERHEAT,Coolant pump failure during high ambient temp,True
EVT-2339,DMP-10,Dumper 60T,BLOCK_C,downtime,2026-04-20 14:38:52,2026-04-20 17:38:52,3.0,SCHEDULED_PM,250-hour routine preventive maintenance inspection,True
EVT-2340,DMP-10,Dumper 60T,BLOCK_C,maintenance,2026-04-28 19:19:54,2026-04-29 03:07:54,7.8,HYDRAULIC_LEAK,Hydraulic seal rupture on main boom,True
EVT-2341,DMP-10,Dumper 60T,BLOCK_C,maintenance,2026-05-01 04:57:36,2026-05-01 12:21:36,7.4,BLAST_VIBRATION_CHECK,Safety inspection after bench blast,True
EVT-2342,DMP-10,Dumper 60T,BLOCK_C,repair,2026-05-07 01:16:52,2026-05-07 06:28:52,5.2,ELECTRICAL_FAULT,Alternator circuit grounding issue,True
EVT-2343,DMP-10,Dumper 60T,BLOCK_C,maintenance,2026-05-14 15:24:18,2026-05-14 20:24:18,5.0,HYDRAULIC_LEAK,Hydraulic seal rupture on main boom,True
EVT-2344,DMP-10,Dumper 60T,BLOCK_C,downtime,2026-05-17 03:55:49,2026-05-17 06:49:49,2.9,SCHEDULED_PM,250-hour routine preventive maintenance inspection,True
EVT-2345,DMP-10,Dumper 60T,BLOCK_C,downtime,2026-05-26 06:13:01,2026-05-26 10:13:01,4.0,HYDRAULIC_LEAK,Hydraulic seal rupture on main boom,True
EVT-2346,DMP-10,Dumper 60T,BLOCK_C,maintenance,2026-05-28 21:26:42,2026-05-29 01:08:42,3.7,TRACK_DAMAGE,Track shoe displacement on haulage floor,True
EVT-2347,DMP-10,Dumper 60T,BLOCK_C,maintenance,2026-06-04 03:56:54,2026-06-04 06:02:54,2.1,TRACK_DAMAGE,Track shoe displacement on haulage floor,True
EVT-2348,DMP-10,Dumper 60T,BLOCK_C,downtime,2026-06-09 21:30:36,2026-06-10 10:42:36,13.2,TIRE_WEAR,Severe tire gouging from jagged gondite boulders,True
EVT-2349,DMP-10,Dumper 60T,BLOCK_C,maintenance,2026-06-15 18:45:19,2026-06-15 22:27:19,3.7,ELECTRICAL_FAULT,Alternator circuit grounding issue,True
EVT-2350,DMP-10,Dumper 60T,BLOCK_C,repair,2026-06-22 19:09:48,2026-06-22 21:33:48,2.4,ENGINE_OVERHEAT,Coolant pump failure during high ambient temp,True
EVT-2351,DMP-10,Dumper 60T,BLOCK_C,downtime,2026-06-30 09:11:43,2026-06-30 11:11:43,2.0,HYDRAULIC_LEAK,Hydraulic seal rupture on main boom,True
EVT-2352,DMP-10,Dumper 60T,BLOCK_C,maintenance,2026-07-06 19:44:13,2026-07-07 01:38:13,5.9,ENGINE_OVERHEAT,Coolant pump failure during high ambient temp,True
EVT-2353,DMP-10,Dumper 60T,BLOCK_C,downtime,2026-07-16 19:21:03,2026-07-17 07:45:03,12.4,SCHEDULED_PM,250-hour routine preventive maintenance inspection,True
EVT-2354,DMP-10,Dumper 60T,BLOCK_C,downtime,2026-07-23 06:38:24,2026-07-23 22:08:24,15.5,TRACK_DAMAGE,Track shoe displacement on haulage floor,True
EVT-2355,DMP-10,Dumper 60T,BLOCK_C,downtime,2026-07-28 00:13:10,2026-07-28 04:25:10,4.2,ELECTRICAL_FAULT,Alternator circuit grounding issue,True
EVT-2356,DMP-10,Dumper 60T,BLOCK_C,downtime,2026-08-02 15:46:48,2026-08-02 19:28:48,3.7,ELECTRICAL_FAULT,Alternator circuit grounding issue,True
EVT-2357,DMP-10,Dumper 60T,BLOCK_C,maintenance,2026-08-08 17:04:03,2026-08-08 21:46:03,4.7,ENGINE_OVERHEAT,Coolant pump failure during high ambient temp,True
EVT-2358,DMP-10,Dumper 60T,BLOCK_C,repair,2026-08-16 05:55:01,2026-08-16 10:31:01,4.6,ENGINE_OVERHEAT,Coolant pump failure during high ambient temp,True
EVT-2359,DMP-10,Dumper 60T,BLOCK_C,downtime,2026-08-18 19:26:01,2026-08-18 20:56:01,1.5,TIRE_WEAR,Severe tire gouging from jagged gondite boulders,True
EVT-2360,DMP-10,Dumper 60T,BLOCK_C,repair,2026-08-23 03:05:57,2026-08-23 06:35:57,3.5,BLAST_VIBRATION_CHECK,Safety inspection after bench blast,True
EVT-2361,DMP-10,Dumper 60T,BLOCK_C,repair,2026-08-27 16:15:33,2026-08-27 21:39:33,5.4,BLAST_VIBRATION_CHECK,Safety inspection after bench blast,True
EVT-2362,DRL-01,Rotary Drill 150mm,BLOCK_A,downtime,2025-01-11 17:24:11,2025-01-11 23:18:11,5.9,ELECTRICAL_FAULT,Alternator circuit grounding issue,True
EVT-2363,DRL-01,Rotary Drill 150mm,BLOCK_A,downtime,2025-01-20 23:01:02,2025-01-21 04:31:02,5.5,ELECTRICAL_FAULT,Alternator circuit grounding issue,True
EVT-2364,DRL-01,Rotary Drill 150mm,BLOCK_A,downtime,2025-01-24 07:41:35,2025-01-24 08:41:35,1.0,HYDRAULIC_LEAK,Hydraulic seal rupture on main boom,True
EVT-2365,DRL-01,Rotary Drill 150mm,BLOCK_A,maintenance,2025-01-29 05:09:53,2025-01-29 12:33:53,7.4,HYDRAULIC_LEAK,Hydraulic seal rupture on main boom,True
EVT-2366,DRL-01,Rotary Drill 150mm,BLOCK_A,maintenance,2025-02-08 18:04:46,2025-02-08 20:58:46,2.9,ELECTRICAL_FAULT,Alternator circuit grounding issue,True
EVT-2367,DRL-01,Rotary Drill 150mm,BLOCK_A,maintenance,2025-02-13 10:09:49,2025-02-13 14:27:49,4.3,TRACK_DAMAGE,Track shoe displacement on haulage floor,True
EVT-2368,DRL-01,Rotary Drill 150mm,BLOCK_A,maintenance,2025-02-17 18:05:48,2025-02-17 23:29:48,5.4,TIRE_WEAR,Severe tire gouging from jagged gondite boulders,True
EVT-2369,DRL-01,Rotary Drill 150mm,BLOCK_A,repair,2025-02-24 22:58:20,2025-02-25 06:16:20,7.3,SCHEDULED_PM,250-hour routine preventive maintenance inspection,True
EVT-2370,DRL-01,Rotary Drill 150mm,BLOCK_A,repair,2025-03-03 18:11:27,2025-03-04 03:41:27,9.5,ENGINE_OVERHEAT,Coolant pump failure during high ambient temp,True
EVT-2371,DRL-01,Rotary Drill 150mm,BLOCK_A,downtime,2025-03-11 01:50:55,2025-03-11 08:50:55,7.0,TIRE_WEAR,Severe tire gouging from jagged gondite boulders,True
EVT-2372,DRL-01,Rotary Drill 150mm,BLOCK_A,maintenance,2025-03-24 03:30:34,2025-03-24 09:36:34,6.1,SCHEDULED_PM,250-hour routine preventive maintenance inspection,True
EVT-2373,DRL-01,Rotary Drill 150mm,BLOCK_A,maintenance,2025-03-30 00:40:15,2025-03-30 05:40:15,5.0,HYDRAULIC_LEAK,Hydraulic seal rupture on main boom,True
EVT-2374,DRL-01,Rotary Drill 150mm,BLOCK_A,repair,2025-04-09 22:24:54,2025-04-10 02:06:54,3.7,BLAST_VIBRATION_CHECK,Safety inspection after bench blast,True
EVT-2375,DRL-01,Rotary Drill 150mm,BLOCK_A,repair,2025-04-13 14:29:39,2025-04-13 23:35:39,9.1,SCHEDULED_PM,250-hour routine preventive maintenance inspection,True
EVT-2376,DRL-01,Rotary Drill 150mm,BLOCK_A,maintenance,2025-04-19 00:37:00,2025-04-19 03:31:00,2.9,HYDRAULIC_LEAK,Hydraulic seal rupture on main boom,True
EVT-2377,DRL-01,Rotary Drill 150mm,BLOCK_A,downtime,2025-04-25 09:31:40,2025-04-25 16:31:40,7.0,TIRE_WEAR,Severe tire gouging from jagged gondite boulders,True
EVT-2378,DRL-01,Rotary Drill 150mm,BLOCK_A,downtime,2025-05-02 17:06:52,2025-05-02 23:42:52,6.6,ENGINE_OVERHEAT,Coolant pump failure during high ambient temp,True
EVT-2379,DRL-01,Rotary Drill 150mm,BLOCK_A,maintenance,2025-05-10 22:58:46,2025-05-11 03:52:46,4.9,TIRE_WEAR,Severe tire gouging from jagged gondite boulders,True
EVT-2380,DRL-01,Rotary Drill 150mm,BLOCK_A,repair,2025-05-20 15:29:16,2025-05-21 00:41:16,9.2,TIRE_WEAR,Severe tire gouging from jagged gondite boulders,True
EVT-2381,DRL-01,Rotary Drill 150mm,BLOCK_A,downtime,2025-05-25 11:34:13,2025-05-25 16:52:13,5.3,HYDRAULIC_LEAK,Hydraulic seal rupture on main boom,True
EVT-2382,DRL-01,Rotary Drill 150mm,BLOCK_A,downtime,2025-05-29 16:32:00,2025-05-29 21:38:00,5.1,SCHEDULED_PM,250-hour routine preventive maintenance inspection,True
EVT-2383,DRL-01,Rotary Drill 150mm,BLOCK_A,downtime,2025-06-06 23:27:49,2025-06-07 05:21:49,5.9,TIRE_WEAR,Severe tire gouging from jagged gondite boulders,True
EVT-2384,DRL-01,Rotary Drill 150mm,BLOCK_A,repair,2025-06-13 09:07:05,2025-06-13 17:01:05,7.9,BLAST_VIBRATION_CHECK,Safety inspection after bench blast,True
EVT-2385,DRL-01,Rotary Drill 150mm,BLOCK_A,repair,2025-06-16 20:11:21,2025-06-16 21:29:21,1.3,TRACK_DAMAGE,Track shoe displacement on haulage floor,True
EVT-2386,DRL-01,Rotary Drill 150mm,BLOCK_A,downtime,2025-06-22 22:40:25,2025-06-23 12:46:25,14.1,BLAST_VIBRATION_CHECK,Safety inspection after bench blast,True
EVT-2387,DRL-01,Rotary Drill 150mm,BLOCK_A,downtime,2025-07-01 05:23:41,2025-07-01 06:35:41,1.2,BLAST_VIBRATION_CHECK,Safety inspection after bench blast,True
EVT-2388,DRL-01,Rotary Drill 150mm,BLOCK_A,maintenance,2025-07-14 21:28:13,2025-07-15 04:46:13,7.3,SCHEDULED_PM,250-hour routine preventive maintenance inspection,True
EVT-2389,DRL-01,Rotary Drill 150mm,BLOCK_A,maintenance,2025-07-22 03:20:58,2025-07-22 08:44:58,5.4,TRACK_DAMAGE,Track shoe displacement on haulage floor,True
EVT-2390,DRL-01,Rotary Drill 150mm,BLOCK_A,downtime,2025-07-29 23:29:59,2025-07-30 00:59:59,1.5,ELECTRICAL_FAULT,Alternator circuit grounding issue,True
EVT-2391,DRL-01,Rotary Drill 150mm,BLOCK_A,downtime,2025-08-08 16:59:33,2025-08-09 03:23:33,10.4,HYDRAULIC_LEAK,Hydraulic seal rupture on main boom,True
EVT-2392,DRL-01,Rotary Drill 150mm,BLOCK_A,downtime,2025-08-15 23:06:24,2025-08-16 02:48:24,3.7,TIRE_WEAR,Severe tire gouging from jagged gondite boulders,True
EVT-2393,DRL-01,Rotary Drill 150mm,BLOCK_A,maintenance,2025-08-24 02:57:30,2025-08-24 05:21:30,2.4,SCHEDULED_PM,250-hour routine preventive maintenance inspection,True
EVT-2394,DRL-01,Rotary Drill 150mm,BLOCK_A,downtime,2025-08-29 00:41:46,2025-08-29 07:53:46,7.2,TIRE_WEAR,Severe tire gouging from jagged gondite boulders,True
EVT-2395,DRL-01,Rotary Drill 150mm,BLOCK_A,downtime,2025-09-13 14:11:47,2025-09-13 17:17:47,3.1,BLAST_VIBRATION_CHECK,Safety inspection after bench blast,True
EVT-2396,DRL-01,Rotary Drill 150mm,BLOCK_A,downtime,2025-09-23 00:42:16,2025-09-23 01:42:16,1.0,ELECTRICAL_FAULT,Alternator circuit grounding issue,True
EVT-2397,DRL-01,Rotary Drill 150mm,BLOCK_A,maintenance,2025-09-29 20:39:16,2025-09-30 05:21:16,8.7,TRACK_DAMAGE,Track shoe displacement on haulage floor,True
EVT-2398,DRL-01,Rotary Drill 150mm,BLOCK_A,maintenance,2025-10-06 08:11:49,2025-10-06 10:05:49,1.9,ELECTRICAL_FAULT,Alternator circuit grounding issue,True
EVT-2399,DRL-01,Rotary Drill 150mm,BLOCK_A,downtime,2025-10-18 02:43:52,2025-10-18 07:13:52,4.5,BLAST_VIBRATION_CHECK,Safety inspection after bench blast,True
EVT-2400,DRL-01,Rotary Drill 150mm,BLOCK_A,maintenance,2025-10-27 08:28:11,2025-10-27 13:52:11,5.4,ELECTRICAL_FAULT,Alternator circuit grounding issue,True
EVT-2401,DRL-01,Rotary Drill 150mm,BLOCK_A,downtime,2025-11-01 04:57:48,2025-11-01 09:45:48,4.8,SCHEDULED_PM,250-hour routine preventive maintenance inspection,True
EVT-2402,DRL-01,Rotary Drill 150mm,BLOCK_A,downtime,2025-11-04 02:20:44,2025-11-04 05:20:44,3.0,ENGINE_OVERHEAT,Coolant pump failure during high ambient temp,True
EVT-2403,DRL-01,Rotary Drill 150mm,BLOCK_A,maintenance,2025-11-13 14:58:23,2025-11-13 19:46:23,4.8,HYDRAULIC_LEAK,Hydraulic seal rupture on main boom,True
EVT-2404,DRL-01,Rotary Drill 150mm,BLOCK_A,downtime,2025-11-16 10:10:06,2025-11-16 11:46:06,1.6,ELECTRICAL_FAULT,Alternator circuit grounding issue,True
EVT-2405,DRL-01,Rotary Drill 150mm,BLOCK_A,maintenance,2025-11-28 11:54:36,2025-11-28 17:18:36,5.4,BLAST_VIBRATION_CHECK,Safety inspection after bench blast,True
EVT-2406,DRL-01,Rotary Drill 150mm,BLOCK_A,downtime,2025-12-04 17:48:25,2025-12-04 21:30:25,3.7,ELECTRICAL_FAULT,Alternator circuit grounding issue,True
EVT-2407,DRL-01,Rotary Drill 150mm,BLOCK_A,downtime,2025-12-10 09:09:10,2025-12-10 15:33:10,6.4,HYDRAULIC_LEAK,Hydraulic seal rupture on main boom,True
EVT-2408,DRL-01,Rotary Drill 150mm,BLOCK_A,downtime,2025-12-23 18:49:07,2025-12-24 00:19:07,5.5,TRACK_DAMAGE,Track shoe displacement on haulage floor,True
EVT-2409,DRL-01,Rotary Drill 150mm,BLOCK_A,downtime,2025-12-29 12:11:36,2025-12-29 14:11:36,2.0,TIRE_WEAR,Severe tire gouging from jagged gondite boulders,True
EVT-2410,DRL-01,Rotary Drill 150mm,BLOCK_A,downtime,2026-01-07 21:43:17,2026-01-08 01:43:17,4.0,ENGINE_OVERHEAT,Coolant pump failure during high ambient temp,True
EVT-2411,DRL-01,Rotary Drill 150mm,BLOCK_A,downtime,2026-01-16 10:48:41,2026-01-16 13:12:41,2.4,ELECTRICAL_FAULT,Alternator circuit grounding issue,True
EVT-2412,DRL-01,Rotary Drill 150mm,BLOCK_A,downtime,2026-01-22 04:46:48,2026-01-22 09:40:48,4.9,SCHEDULED_PM,250-hour routine preventive maintenance inspection,True
EVT-2413,DRL-01,Rotary Drill 150mm,BLOCK_A,maintenance,2026-01-28 20:52:25,2026-01-29 00:40:25,3.8,HYDRAULIC_LEAK,Hydraulic seal rupture on main boom,True
EVT-2414,DRL-01,Rotary Drill 150mm,BLOCK_A,downtime,2026-01-30 13:58:48,2026-01-30 20:52:48,6.9,TRACK_DAMAGE,Track shoe displacement on haulage floor,True
EVT-2415,DRL-01,Rotary Drill 150mm,BLOCK_A,maintenance,2026-02-02 21:37:01,2026-02-03 02:37:01,5.0,SCHEDULED_PM,250-hour routine preventive maintenance inspection,True
EVT-2416,DRL-01,Rotary Drill 150mm,BLOCK_A,maintenance,2026-02-10 08:53:21,2026-02-10 12:41:21,3.8,TRACK_DAMAGE,Track shoe displacement on haulage floor,True
EVT-2417,DRL-01,Rotary Drill 150mm,BLOCK_A,repair,2026-02-12 08:18:26,2026-02-12 13:12:26,4.9,HYDRAULIC_LEAK,Hydraulic seal rupture on main boom,True
EVT-2418,DRL-01,Rotary Drill 150mm,BLOCK_A,downtime,2026-02-18 16:19:38,2026-02-18 19:37:38,3.3,ELECTRICAL_FAULT,Alternator circuit grounding issue,True
EVT-2419,DRL-01,Rotary Drill 150mm,BLOCK_A,maintenance,2026-03-01 02:13:14,2026-03-01 08:01:14,5.8,BLAST_VIBRATION_CHECK,Safety inspection after bench blast,True
EVT-2420,DRL-01,Rotary Drill 150mm,BLOCK_A,repair,2026-03-09 06:02:42,2026-03-09 11:02:42,5.0,ENGINE_OVERHEAT,Coolant pump failure during high ambient temp,True
EVT-2421,DRL-01,Rotary Drill 150mm,BLOCK_A,maintenance,2026-03-23 13:13:18,2026-03-23 14:31:18,1.3,ENGINE_OVERHEAT,Coolant pump failure during high ambient temp,True
EVT-2422,DRL-01,Rotary Drill 150mm,BLOCK_A,maintenance,2026-03-27 15:34:58,2026-03-28 09:58:58,18.4,ENGINE_OVERHEAT,Coolant pump failure during high ambient temp,True
EVT-2423,DRL-01,Rotary Drill 150mm,BLOCK_A,downtime,2026-03-31 17:26:41,2026-03-31 21:56:41,4.5,TRACK_DAMAGE,Track shoe displacement on haulage floor,True
EVT-2424,DRL-01,Rotary Drill 150mm,BLOCK_A,downtime,2026-04-03 02:20:13,2026-04-03 05:50:13,3.5,ENGINE_OVERHEAT,Coolant pump failure during high ambient temp,True
EVT-2425,DRL-01,Rotary Drill 150mm,BLOCK_A,downtime,2026-04-06 12:19:33,2026-04-06 16:37:33,4.3,ELECTRICAL_FAULT,Alternator circuit grounding issue,True
EVT-2426,DRL-01,Rotary Drill 150mm,BLOCK_A,downtime,2026-04-11 15:26:57,2026-04-11 21:56:57,6.5,TRACK_DAMAGE,Track shoe displacement on haulage floor,True
EVT-2427,DRL-01,Rotary Drill 150mm,BLOCK_A,maintenance,2026-04-17 11:17:04,2026-04-17 15:23:04,4.1,HYDRAULIC_LEAK,Hydraulic seal rupture on main boom,True
EVT-2428,DRL-01,Rotary Drill 150mm,BLOCK_A,downtime,2026-04-24 01:07:50,2026-04-24 05:01:50,3.9,ENGINE_OVERHEAT,Coolant pump failure during high ambient temp,True
EVT-2429,DRL-01,Rotary Drill 150mm,BLOCK_A,maintenance,2026-05-03 14:38:34,2026-05-03 16:56:34,2.3,ELECTRICAL_FAULT,Alternator circuit grounding issue,True
EVT-2430,DRL-01,Rotary Drill 150mm,BLOCK_A,maintenance,2026-05-05 16:52:36,2026-05-05 20:10:36,3.3,ENGINE_OVERHEAT,Coolant pump failure during high ambient temp,True
EVT-2431,DRL-01,Rotary Drill 150mm,BLOCK_A,maintenance,2026-05-10 01:27:41,2026-05-10 06:39:41,5.2,ENGINE_OVERHEAT,Coolant pump failure during high ambient temp,True
EVT-2432,DRL-01,Rotary Drill 150mm,BLOCK_A,downtime,2026-05-13 19:18:35,2026-05-14 00:00:35,4.7,ELECTRICAL_FAULT,Alternator circuit grounding issue,True
EVT-2433,DRL-01,Rotary Drill 150mm,BLOCK_A,downtime,2026-05-19 03:27:53,2026-05-19 06:45:53,3.3,SCHEDULED_PM,250-hour routine preventive maintenance inspection,True
EVT-2434,DRL-01,Rotary Drill 150mm,BLOCK_A,downtime,2026-05-24 22:04:17,2026-05-25 03:34:17,5.5,TIRE_WEAR,Severe tire gouging from jagged gondite boulders,True
EVT-2435,DRL-01,Rotary Drill 150mm,BLOCK_A,downtime,2026-06-01 12:20:44,2026-06-01 15:38:44,3.3,TRACK_DAMAGE,Track shoe displacement on haulage floor,True
EVT-2436,DRL-01,Rotary Drill 150mm,BLOCK_A,downtime,2026-06-06 22:41:10,2026-06-07 04:11:10,5.5,TIRE_WEAR,Severe tire gouging from jagged gondite boulders,True
EVT-2437,DRL-01,Rotary Drill 150mm,BLOCK_A,repair,2026-06-16 13:11:09,2026-06-16 15:23:09,2.2,SCHEDULED_PM,250-hour routine preventive maintenance inspection,True
EVT-2438,DRL-01,Rotary Drill 150mm,BLOCK_A,downtime,2026-06-21 12:06:24,2026-06-21 16:06:24,4.0,TRACK_DAMAGE,Track shoe displacement on haulage floor,True
EVT-2439,DRL-01,Rotary Drill 150mm,BLOCK_A,maintenance,2026-06-27 07:27:18,2026-06-27 10:57:18,3.5,BLAST_VIBRATION_CHECK,Safety inspection after bench blast,True
EVT-2440,DRL-01,Rotary Drill 150mm,BLOCK_A,downtime,2026-07-09 15:18:16,2026-07-10 00:42:16,9.4,TRACK_DAMAGE,Track shoe displacement on haulage floor,True
EVT-2441,DRL-01,Rotary Drill 150mm,BLOCK_A,downtime,2026-07-16 14:02:47,2026-07-16 17:32:47,3.5,ELECTRICAL_FAULT,Alternator circuit grounding issue,True
EVT-2442,DRL-01,Rotary Drill 150mm,BLOCK_A,repair,2026-07-18 20:20:03,2026-07-19 04:20:03,8.0,TRACK_DAMAGE,Track shoe displacement on haulage floor,True
EVT-2443,DRL-01,Rotary Drill 150mm,BLOCK_A,maintenance,2026-07-21 20:30:44,2026-07-22 01:42:44,5.2,BLAST_VIBRATION_CHECK,Safety inspection after bench blast,True
EVT-2444,DRL-01,Rotary Drill 150mm,BLOCK_A,maintenance,2026-07-28 23:45:45,2026-07-29 02:15:45,2.5,SCHEDULED_PM,250-hour routine preventive maintenance inspection,True
EVT-2445,DRL-01,Rotary Drill 150mm,BLOCK_A,maintenance,2026-08-06 11:31:35,2026-08-06 19:31:35,8.0,TRACK_DAMAGE,Track shoe displacement on haulage floor,True
EVT-2446,DRL-01,Rotary Drill 150mm,BLOCK_A,downtime,2026-08-15 06:29:25,2026-08-15 13:41:25,7.2,TIRE_WEAR,Severe tire gouging from jagged gondite boulders,True
EVT-2447,DRL-01,Rotary Drill 150mm,BLOCK_A,maintenance,2026-08-18 08:03:03,2026-08-18 13:57:03,5.9,TRACK_DAMAGE,Track shoe displacement on haulage floor,True
EVT-2448,DRL-01,Rotary Drill 150mm,BLOCK_A,downtime,2026-08-21 14:00:38,2026-08-21 19:48:38,5.8,SCHEDULED_PM,250-hour routine preventive maintenance inspection,True
EVT-2449,DRL-01,Rotary Drill 150mm,BLOCK_A,downtime,2026-08-27 23:16:01,2026-08-28 04:10:01,4.9,SCHEDULED_PM,250-hour routine preventive maintenance inspection,True
EVT-2450,DRL-02,Rotary Drill 150mm,BLOCK_A,maintenance,2025-01-15 05:28:41,2025-01-15 10:40:41,5.2,SCHEDULED_PM,250-hour routine preventive maintenance inspection,True
EVT-2451,DRL-02,Rotary Drill 150mm,BLOCK_A,downtime,2025-01-20 07:20:02,2025-01-20 13:44:02,6.4,BLAST_VIBRATION_CHECK,Safety inspection after bench blast,True
EVT-2452,DRL-02,Rotary Drill 150mm,BLOCK_A,maintenance,2025-01-30 03:47:36,2025-01-30 05:59:36,2.2,BLAST_VIBRATION_CHECK,Safety inspection after bench blast,True
EVT-2453,DRL-02,Rotary Drill 150mm,BLOCK_A,downtime,2025-02-10 11:19:43,2025-02-10 15:43:43,4.4,TIRE_WEAR,Severe tire gouging from jagged gondite boulders,True
EVT-2454,DRL-02,Rotary Drill 150mm,BLOCK_A,downtime,2025-02-15 17:41:16,2025-02-15 20:05:16,2.4,BLAST_VIBRATION_CHECK,Safety inspection after bench blast,True
EVT-2455,DRL-02,Rotary Drill 150mm,BLOCK_A,downtime,2025-02-22 06:37:36,2025-02-22 14:55:36,8.3,TIRE_WEAR,Severe tire gouging from jagged gondite boulders,True
EVT-2456,DRL-02,Rotary Drill 150mm,BLOCK_A,maintenance,2025-03-04 13:22:28,2025-03-04 17:58:28,4.6,ELECTRICAL_FAULT,Alternator circuit grounding issue,True
EVT-2457,DRL-02,Rotary Drill 150mm,BLOCK_A,maintenance,2025-03-16 18:49:09,2025-03-16 21:37:09,2.8,ENGINE_OVERHEAT,Coolant pump failure during high ambient temp,True
EVT-2458,DRL-02,Rotary Drill 150mm,BLOCK_A,maintenance,2025-03-29 23:25:05,2025-03-30 02:37:05,3.2,ENGINE_OVERHEAT,Coolant pump failure during high ambient temp,True
EVT-2459,DRL-02,Rotary Drill 150mm,BLOCK_A,downtime,2025-04-07 18:50:18,2025-04-07 22:20:18,3.5,ENGINE_OVERHEAT,Coolant pump failure during high ambient temp,True
EVT-2460,DRL-02,Rotary Drill 150mm,BLOCK_A,maintenance,2025-04-10 02:09:08,2025-04-10 12:51:08,10.7,TIRE_WEAR,Severe tire gouging from jagged gondite boulders,True
EVT-2461,DRL-02,Rotary Drill 150mm,BLOCK_A,downtime,2025-04-17 12:18:04,2025-04-17 16:36:04,4.3,ELECTRICAL_FAULT,Alternator circuit grounding issue,True
EVT-2462,DRL-02,Rotary Drill 150mm,BLOCK_A,repair,2025-04-21 11:31:29,2025-04-21 18:55:29,7.4,ELECTRICAL_FAULT,Alternator circuit grounding issue,True
EVT-2463,DRL-02,Rotary Drill 150mm,BLOCK_A,maintenance,2025-04-29 07:21:43,2025-04-29 11:45:43,4.4,SCHEDULED_PM,250-hour routine preventive maintenance inspection,True
EVT-2464,DRL-02,Rotary Drill 150mm,BLOCK_A,maintenance,2025-05-08 03:08:45,2025-05-08 05:32:45,2.4,TIRE_WEAR,Severe tire gouging from jagged gondite boulders,True
EVT-2465,DRL-02,Rotary Drill 150mm,BLOCK_A,maintenance,2025-05-12 14:47:08,2025-05-12 17:59:08,3.2,SCHEDULED_PM,250-hour routine preventive maintenance inspection,True
EVT-2466,DRL-02,Rotary Drill 150mm,BLOCK_A,downtime,2025-05-19 11:32:28,2025-05-19 17:02:28,5.5,TRACK_DAMAGE,Track shoe displacement on haulage floor,True
EVT-2467,DRL-02,Rotary Drill 150mm,BLOCK_A,maintenance,2025-05-28 04:33:56,2025-05-28 06:09:56,1.6,TIRE_WEAR,Severe tire gouging from jagged gondite boulders,True
EVT-2468,DRL-02,Rotary Drill 150mm,BLOCK_A,maintenance,2025-06-06 01:18:01,2025-06-06 07:24:01,6.1,BLAST_VIBRATION_CHECK,Safety inspection after bench blast,True
EVT-2469,DRL-02,Rotary Drill 150mm,BLOCK_A,repair,2025-06-14 09:31:50,2025-06-14 12:31:50,3.0,HYDRAULIC_LEAK,Hydraulic seal rupture on main boom,True
EVT-2470,DRL-02,Rotary Drill 150mm,BLOCK_A,maintenance,2025-06-16 02:17:19,2025-06-16 07:17:19,5.0,BLAST_VIBRATION_CHECK,Safety inspection after bench blast,True
EVT-2471,DRL-02,Rotary Drill 150mm,BLOCK_A,maintenance,2025-06-21 18:12:21,2025-06-21 21:30:21,3.3,ENGINE_OVERHEAT,Coolant pump failure during high ambient temp,True
EVT-2472,DRL-02,Rotary Drill 150mm,BLOCK_A,maintenance,2025-06-25 06:53:50,2025-06-25 13:41:50,6.8,HYDRAULIC_LEAK,Hydraulic seal rupture on main boom,True
EVT-2473,DRL-02,Rotary Drill 150mm,BLOCK_A,maintenance,2025-07-03 02:35:02,2025-07-03 07:11:02,4.6,BLAST_VIBRATION_CHECK,Safety inspection after bench blast,True
EVT-2474,DRL-02,Rotary Drill 150mm,BLOCK_A,maintenance,2025-07-11 23:45:45,2025-07-12 06:27:45,6.7,ELECTRICAL_FAULT,Alternator circuit grounding issue,True
EVT-2475,DRL-02,Rotary Drill 150mm,BLOCK_A,repair,2025-07-15 15:13:52,2025-07-15 16:55:52,1.7,TRACK_DAMAGE,Track shoe displacement on haulage floor,True
EVT-2476,DRL-02,Rotary Drill 150mm,BLOCK_A,repair,2025-07-21 07:59:35,2025-07-21 11:59:35,4.0,ELECTRICAL_FAULT,Alternator circuit grounding issue,True
EVT-2477,DRL-02,Rotary Drill 150mm,BLOCK_A,downtime,2025-07-31 21:18:01,2025-08-01 00:18:01,3.0,HYDRAULIC_LEAK,Hydraulic seal rupture on main boom,True
EVT-2478,DRL-02,Rotary Drill 150mm,BLOCK_A,downtime,2025-08-06 10:04:08,2025-08-06 16:04:08,6.0,SCHEDULED_PM,250-hour routine preventive maintenance inspection,True
EVT-2479,DRL-02,Rotary Drill 150mm,BLOCK_A,maintenance,2025-08-13 04:35:37,2025-08-13 12:47:37,8.2,SCHEDULED_PM,250-hour routine preventive maintenance inspection,True
EVT-2480,DRL-02,Rotary Drill 150mm,BLOCK_A,maintenance,2025-08-17 18:09:20,2025-08-18 02:09:20,8.0,SCHEDULED_PM,250-hour routine preventive maintenance inspection,True
EVT-2481,DRL-02,Rotary Drill 150mm,BLOCK_A,downtime,2025-08-24 00:33:57,2025-08-24 11:39:57,11.1,TRACK_DAMAGE,Track shoe displacement on haulage floor,True
EVT-2482,DRL-02,Rotary Drill 150mm,BLOCK_A,downtime,2025-08-28 17:44:29,2025-08-29 02:02:29,8.3,TIRE_WEAR,Severe tire gouging from jagged gondite boulders,True
EVT-2483,DRL-02,Rotary Drill 150mm,BLOCK_A,maintenance,2025-09-08 08:41:19,2025-09-08 12:41:19,4.0,BLAST_VIBRATION_CHECK,Safety inspection after bench blast,True
EVT-2484,DRL-02,Rotary Drill 150mm,BLOCK_A,maintenance,2025-09-21 10:14:21,2025-09-21 12:50:21,2.6,TRACK_DAMAGE,Track shoe displacement on haulage floor,True
EVT-2485,DRL-02,Rotary Drill 150mm,BLOCK_A,repair,2025-09-23 06:29:06,2025-09-23 08:17:06,1.8,ELECTRICAL_FAULT,Alternator circuit grounding issue,True
EVT-2486,DRL-02,Rotary Drill 150mm,BLOCK_A,downtime,2025-10-06 07:20:58,2025-10-06 09:50:58,2.5,ELECTRICAL_FAULT,Alternator circuit grounding issue,True
EVT-2487,DRL-02,Rotary Drill 150mm,BLOCK_A,repair,2025-10-18 05:05:58,2025-10-18 06:41:58,1.6,HYDRAULIC_LEAK,Hydraulic seal rupture on main boom,True
EVT-2488,DRL-02,Rotary Drill 150mm,BLOCK_A,downtime,2025-10-24 22:50:43,2025-10-25 00:56:43,2.1,BLAST_VIBRATION_CHECK,Safety inspection after bench blast,True
EVT-2489,DRL-02,Rotary Drill 150mm,BLOCK_A,downtime,2025-10-31 11:11:20,2025-10-31 16:23:20,5.2,TRACK_DAMAGE,Track shoe displacement on haulage floor,True
EVT-2490,DRL-02,Rotary Drill 150mm,BLOCK_A,downtime,2025-11-12 18:47:40,2025-11-12 20:29:40,1.7,TIRE_WEAR,Severe tire gouging from jagged gondite boulders,True
EVT-2491,DRL-02,Rotary Drill 150mm,BLOCK_A,downtime,2025-11-14 20:00:07,2025-11-15 01:42:07,5.7,ELECTRICAL_FAULT,Alternator circuit grounding issue,True
EVT-2492,DRL-02,Rotary Drill 150mm,BLOCK_A,downtime,2025-11-20 03:11:28,2025-11-20 06:23:28,3.2,HYDRAULIC_LEAK,Hydraulic seal rupture on main boom,True
EVT-2493,DRL-02,Rotary Drill 150mm,BLOCK_A,downtime,2025-11-27 17:04:59,2025-11-27 21:46:59,4.7,BLAST_VIBRATION_CHECK,Safety inspection after bench blast,True
EVT-2494,DRL-02,Rotary Drill 150mm,BLOCK_A,maintenance,2025-12-04 13:14:58,2025-12-04 18:02:58,4.8,HYDRAULIC_LEAK,Hydraulic seal rupture on main boom,True
EVT-2495,DRL-02,Rotary Drill 150mm,BLOCK_A,downtime,2025-12-10 02:20:43,2025-12-10 13:26:43,11.1,TIRE_WEAR,Severe tire gouging from jagged gondite boulders,True
EVT-2496,DRL-02,Rotary Drill 150mm,BLOCK_A,maintenance,2025-12-24 15:20:02,2025-12-24 20:14:02,4.9,HYDRAULIC_LEAK,Hydraulic seal rupture on main boom,True
EVT-2497,DRL-02,Rotary Drill 150mm,BLOCK_A,repair,2025-12-29 18:40:11,2025-12-29 20:52:11,2.2,BLAST_VIBRATION_CHECK,Safety inspection after bench blast,True
EVT-2498,DRL-02,Rotary Drill 150mm,BLOCK_A,downtime,2026-01-05 13:12:19,2026-01-05 15:54:19,2.7,TIRE_WEAR,Severe tire gouging from jagged gondite boulders,True
EVT-2499,DRL-02,Rotary Drill 150mm,BLOCK_A,downtime,2026-01-13 15:04:46,2026-01-13 19:52:46,4.8,BLAST_VIBRATION_CHECK,Safety inspection after bench blast,True
EVT-2500,DRL-02,Rotary Drill 150mm,BLOCK_A,downtime,2026-01-21 12:27:04,2026-01-21 16:21:04,3.9,ENGINE_OVERHEAT,Coolant pump failure during high ambient temp,True
EVT-2501,DRL-02,Rotary Drill 150mm,BLOCK_A,maintenance,2026-01-26 10:02:13,2026-01-26 14:56:13,4.9,TRACK_DAMAGE,Track shoe displacement on haulage floor,True
EVT-2502,DRL-02,Rotary Drill 150mm,BLOCK_A,maintenance,2026-02-03 11:20:42,2026-02-03 17:02:42,5.7,ELECTRICAL_FAULT,Alternator circuit grounding issue,True
EVT-2503,DRL-02,Rotary Drill 150mm,BLOCK_A,downtime,2026-02-06 02:49:34,2026-02-06 05:31:34,2.7,ELECTRICAL_FAULT,Alternator circuit grounding issue,True
EVT-2504,DRL-02,Rotary Drill 150mm,BLOCK_A,maintenance,2026-02-11 06:44:34,2026-02-11 12:32:34,5.8,ENGINE_OVERHEAT,Coolant pump failure during high ambient temp,True
EVT-2505,DRL-02,Rotary Drill 150mm,BLOCK_A,maintenance,2026-02-19 07:37:36,2026-02-19 13:49:36,6.2,ELECTRICAL_FAULT,Alternator circuit grounding issue,True
EVT-2506,DRL-02,Rotary Drill 150mm,BLOCK_A,downtime,2026-03-02 11:49:43,2026-03-02 16:49:43,5.0,BLAST_VIBRATION_CHECK,Safety inspection after bench blast,True
EVT-2507,DRL-02,Rotary Drill 150mm,BLOCK_A,maintenance,2026-03-17 21:31:24,2026-03-18 11:07:24,13.6,ENGINE_OVERHEAT,Coolant pump failure during high ambient temp,True
EVT-2508,DRL-02,Rotary Drill 150mm,BLOCK_A,downtime,2026-03-26 19:06:30,2026-03-26 20:54:30,1.8,ELECTRICAL_FAULT,Alternator circuit grounding issue,True
EVT-2509,DRL-02,Rotary Drill 150mm,BLOCK_A,downtime,2026-04-07 12:42:21,2026-04-08 01:06:21,12.4,BLAST_VIBRATION_CHECK,Safety inspection after bench blast,True
EVT-2510,DRL-02,Rotary Drill 150mm,BLOCK_A,downtime,2026-04-12 18:28:48,2026-04-12 22:10:48,3.7,TRACK_DAMAGE,Track shoe displacement on haulage floor,True
EVT-2511,DRL-02,Rotary Drill 150mm,BLOCK_A,maintenance,2026-04-23 00:23:08,2026-04-23 03:17:08,2.9,TIRE_WEAR,Severe tire gouging from jagged gondite boulders,True
EVT-2512,DRL-02,Rotary Drill 150mm,BLOCK_A,maintenance,2026-05-01 00:02:49,2026-05-01 06:02:49,6.0,SCHEDULED_PM,250-hour routine preventive maintenance inspection,True
EVT-2513,DRL-02,Rotary Drill 150mm,BLOCK_A,downtime,2026-05-07 17:27:18,2026-05-07 20:39:18,3.2,TIRE_WEAR,Severe tire gouging from jagged gondite boulders,True
EVT-2514,DRL-02,Rotary Drill 150mm,BLOCK_A,maintenance,2026-05-14 09:51:06,2026-05-14 17:39:06,7.8,TRACK_DAMAGE,Track shoe displacement on haulage floor,True
EVT-2515,DRL-02,Rotary Drill 150mm,BLOCK_A,downtime,2026-05-19 15:33:27,2026-05-19 19:09:27,3.6,ELECTRICAL_FAULT,Alternator circuit grounding issue,True
EVT-2516,DRL-02,Rotary Drill 150mm,BLOCK_A,downtime,2026-05-22 15:23:54,2026-05-22 23:59:54,8.6,BLAST_VIBRATION_CHECK,Safety inspection after bench blast,True
EVT-2517,DRL-02,Rotary Drill 150mm,BLOCK_A,repair,2026-05-30 22:16:32,2026-05-31 00:46:32,2.5,SCHEDULED_PM,250-hour routine preventive maintenance inspection,True
EVT-2518,DRL-02,Rotary Drill 150mm,BLOCK_A,repair,2026-06-03 19:42:01,2026-06-04 01:06:01,5.4,TRACK_DAMAGE,Track shoe displacement on haulage floor,True
EVT-2519,DRL-02,Rotary Drill 150mm,BLOCK_A,maintenance,2026-06-12 04:11:16,2026-06-12 06:59:16,2.8,SCHEDULED_PM,250-hour routine preventive maintenance inspection,True
EVT-2520,DRL-02,Rotary Drill 150mm,BLOCK_A,downtime,2026-06-17 14:24:46,2026-06-17 20:00:46,5.6,HYDRAULIC_LEAK,Hydraulic seal rupture on main boom,True
EVT-2521,DRL-02,Rotary Drill 150mm,BLOCK_A,downtime,2026-06-19 04:46:27,2026-06-19 06:46:27,2.0,TIRE_WEAR,Severe tire gouging from jagged gondite boulders,True
EVT-2522,DRL-02,Rotary Drill 150mm,BLOCK_A,maintenance,2026-06-27 19:46:02,2026-06-27 21:52:02,2.1,ENGINE_OVERHEAT,Coolant pump failure during high ambient temp,True
EVT-2523,DRL-02,Rotary Drill 150mm,BLOCK_A,repair,2026-07-06 22:23:16,2026-07-07 01:59:16,3.6,BLAST_VIBRATION_CHECK,Safety inspection after bench blast,True
EVT-2524,DRL-02,Rotary Drill 150mm,BLOCK_A,repair,2026-07-16 22:18:53,2026-07-17 07:06:53,8.8,SCHEDULED_PM,250-hour routine preventive maintenance inspection,True
EVT-2525,DRL-02,Rotary Drill 150mm,BLOCK_A,maintenance,2026-07-26 21:11:42,2026-07-26 22:59:42,1.8,BLAST_VIBRATION_CHECK,Safety inspection after bench blast,True
EVT-2526,DRL-02,Rotary Drill 150mm,BLOCK_A,downtime,2026-08-02 19:20:09,2026-08-03 05:20:09,10.0,HYDRAULIC_LEAK,Hydraulic seal rupture on main boom,True
EVT-2527,DRL-02,Rotary Drill 150mm,BLOCK_A,downtime,2026-08-09 21:57:42,2026-08-10 03:33:42,5.6,HYDRAULIC_LEAK,Hydraulic seal rupture on main boom,True
EVT-2528,DRL-02,Rotary Drill 150mm,BLOCK_A,downtime,2026-08-17 14:34:21,2026-08-17 22:58:21,8.4,BLAST_VIBRATION_CHECK,Safety inspection after bench blast,True
EVT-2529,DRL-02,Rotary Drill 150mm,BLOCK_A,downtime,2026-08-22 04:02:53,2026-08-22 08:38:53,4.6,ELECTRICAL_FAULT,Alternator circuit grounding issue,True
EVT-2530,DRL-02,Rotary Drill 150mm,BLOCK_A,downtime,2026-08-26 19:35:53,2026-08-27 00:35:53,5.0,ENGINE_OVERHEAT,Coolant pump failure during high ambient temp,True
EVT-2531,DRL-03,Rotary Drill 150mm,BLOCK_B,downtime,2025-01-09 16:47:44,2025-01-09 20:41:44,3.9,ENGINE_OVERHEAT,Coolant pump failure during high ambient temp,True
EVT-2532,DRL-03,Rotary Drill 150mm,BLOCK_B,maintenance,2025-01-25 05:26:31,2025-01-25 10:32:31,5.1,SCHEDULED_PM,250-hour routine preventive maintenance inspection,True
EVT-2533,DRL-03,Rotary Drill 150mm,BLOCK_B,maintenance,2025-01-28 10:32:59,2025-01-28 11:32:59,1.0,BLAST_VIBRATION_CHECK,Safety inspection after bench blast,True
EVT-2534,DRL-03,Rotary Drill 150mm,BLOCK_B,repair,2025-02-04 06:04:27,2025-02-04 09:28:27,3.4,ENGINE_OVERHEAT,Coolant pump failure during high ambient temp,True
EVT-2535,DRL-03,Rotary Drill 150mm,BLOCK_B,maintenance,2025-02-09 14:12:52,2025-02-09 23:06:52,8.9,ELECTRICAL_FAULT,Alternator circuit grounding issue,True
EVT-2536,DRL-03,Rotary Drill 150mm,BLOCK_B,downtime,2025-02-15 01:06:11,2025-02-15 02:48:11,1.7,ENGINE_OVERHEAT,Coolant pump failure during high ambient temp,True
EVT-2537,DRL-03,Rotary Drill 150mm,BLOCK_B,downtime,2025-02-26 13:23:51,2025-02-26 16:59:51,3.6,ELECTRICAL_FAULT,Alternator circuit grounding issue,True
EVT-2538,DRL-03,Rotary Drill 150mm,BLOCK_B,maintenance,2025-03-01 13:45:40,2025-03-01 15:21:40,1.6,TIRE_WEAR,Severe tire gouging from jagged gondite boulders,True
EVT-2539,DRL-03,Rotary Drill 150mm,BLOCK_B,downtime,2025-03-12 22:51:13,2025-03-13 00:33:13,1.7,HYDRAULIC_LEAK,Hydraulic seal rupture on main boom,True
EVT-2540,DRL-03,Rotary Drill 150mm,BLOCK_B,maintenance,2025-03-17 01:24:51,2025-03-17 04:00:51,2.6,ENGINE_OVERHEAT,Coolant pump failure during high ambient temp,True
EVT-2541,DRL-03,Rotary Drill 150mm,BLOCK_B,repair,2025-03-30 14:50:44,2025-03-30 20:26:44,5.6,SCHEDULED_PM,250-hour routine preventive maintenance inspection,True
EVT-2542,DRL-03,Rotary Drill 150mm,BLOCK_B,maintenance,2025-04-07 03:15:14,2025-04-07 05:39:14,2.4,ELECTRICAL_FAULT,Alternator circuit grounding issue,True
EVT-2543,DRL-03,Rotary Drill 150mm,BLOCK_B,downtime,2025-04-12 08:20:01,2025-04-12 23:02:01,14.7,ELECTRICAL_FAULT,Alternator circuit grounding issue,True
EVT-2544,DRL-03,Rotary Drill 150mm,BLOCK_B,downtime,2025-04-16 23:17:40,2025-04-17 05:23:40,6.1,TIRE_WEAR,Severe tire gouging from jagged gondite boulders,True
EVT-2545,DRL-03,Rotary Drill 150mm,BLOCK_B,downtime,2025-04-22 11:33:19,2025-04-22 16:21:19,4.8,ENGINE_OVERHEAT,Coolant pump failure during high ambient temp,True
EVT-2546,DRL-03,Rotary Drill 150mm,BLOCK_B,downtime,2025-05-03 20:57:31,2025-05-03 23:03:31,2.1,HYDRAULIC_LEAK,Hydraulic seal rupture on main boom,True
EVT-2547,DRL-03,Rotary Drill 150mm,BLOCK_B,maintenance,2025-05-10 01:54:06,2025-05-10 03:42:06,1.8,ENGINE_OVERHEAT,Coolant pump failure during high ambient temp,True
EVT-2548,DRL-03,Rotary Drill 150mm,BLOCK_B,downtime,2025-05-18 18:09:36,2025-05-18 22:15:36,4.1,TRACK_DAMAGE,Track shoe displacement on haulage floor,True
EVT-2549,DRL-03,Rotary Drill 150mm,BLOCK_B,downtime,2025-05-25 13:40:15,2025-05-26 02:52:15,13.2,TRACK_DAMAGE,Track shoe displacement on haulage floor,True
EVT-2550,DRL-03,Rotary Drill 150mm,BLOCK_B,downtime,2025-05-28 01:52:34,2025-05-28 04:16:34,2.4,ELECTRICAL_FAULT,Alternator circuit grounding issue,True
EVT-2551,DRL-03,Rotary Drill 150mm,BLOCK_B,maintenance,2025-06-04 03:23:18,2025-06-04 05:23:18,2.0,TIRE_WEAR,Severe tire gouging from jagged gondite boulders,True
EVT-2552,DRL-03,Rotary Drill 150mm,BLOCK_B,maintenance,2025-06-11 04:24:23,2025-06-11 12:42:23,8.3,SCHEDULED_PM,250-hour routine preventive maintenance inspection,True
EVT-2553,DRL-03,Rotary Drill 150mm,BLOCK_B,maintenance,2025-06-15 17:43:05,2025-06-16 01:49:05,8.1,SCHEDULED_PM,250-hour routine preventive maintenance inspection,True
EVT-2554,DRL-03,Rotary Drill 150mm,BLOCK_B,downtime,2025-06-25 08:02:29,2025-06-25 13:20:29,5.3,TIRE_WEAR,Severe tire gouging from jagged gondite boulders,True
EVT-2555,DRL-03,Rotary Drill 150mm,BLOCK_B,maintenance,2025-07-02 05:35:54,2025-07-02 08:53:54,3.3,TRACK_DAMAGE,Track shoe displacement on haulage floor,True
EVT-2556,DRL-03,Rotary Drill 150mm,BLOCK_B,maintenance,2025-07-08 06:32:34,2025-07-08 12:50:34,6.3,TIRE_WEAR,Severe tire gouging from jagged gondite boulders,True
EVT-2557,DRL-03,Rotary Drill 150mm,BLOCK_B,downtime,2025-07-18 23:58:07,2025-07-19 01:58:07,2.0,BLAST_VIBRATION_CHECK,Safety inspection after bench blast,True
EVT-2558,DRL-03,Rotary Drill 150mm,BLOCK_B,downtime,2025-07-24 12:22:08,2025-07-24 17:16:08,4.9,ENGINE_OVERHEAT,Coolant pump failure during high ambient temp,True
EVT-2559,DRL-03,Rotary Drill 150mm,BLOCK_B,repair,2025-08-01 06:55:01,2025-08-01 08:31:01,1.6,HYDRAULIC_LEAK,Hydraulic seal rupture on main boom,True
EVT-2560,DRL-03,Rotary Drill 150mm,BLOCK_B,maintenance,2025-08-07 02:42:28,2025-08-07 07:24:28,4.7,BLAST_VIBRATION_CHECK,Safety inspection after bench blast,True
EVT-2561,DRL-03,Rotary Drill 150mm,BLOCK_B,maintenance,2025-08-09 08:50:00,2025-08-09 17:20:00,8.5,TRACK_DAMAGE,Track shoe displacement on haulage floor,True
EVT-2562,DRL-03,Rotary Drill 150mm,BLOCK_B,repair,2025-08-13 19:47:42,2025-08-14 09:17:42,13.5,HYDRAULIC_LEAK,Hydraulic seal rupture on main boom,True
EVT-2563,DRL-03,Rotary Drill 150mm,BLOCK_B,downtime,2025-08-18 11:03:32,2025-08-18 14:27:32,3.4,TRACK_DAMAGE,Track shoe displacement on haulage floor,True
EVT-2564,DRL-03,Rotary Drill 150mm,BLOCK_B,repair,2025-09-02 11:26:06,2025-09-02 16:56:06,5.5,HYDRAULIC_LEAK,Hydraulic seal rupture on main boom,True
EVT-2565,DRL-03,Rotary Drill 150mm,BLOCK_B,downtime,2025-09-04 10:42:28,2025-09-04 12:06:28,1.4,HYDRAULIC_LEAK,Hydraulic seal rupture on main boom,True
EVT-2566,DRL-03,Rotary Drill 150mm,BLOCK_B,maintenance,2025-09-15 17:39:21,2025-09-15 20:45:21,3.1,ENGINE_OVERHEAT,Coolant pump failure during high ambient temp,True
EVT-2567,DRL-03,Rotary Drill 150mm,BLOCK_B,downtime,2025-09-28 10:57:18,2025-09-28 17:15:18,6.3,BLAST_VIBRATION_CHECK,Safety inspection after bench blast,True
EVT-2568,DRL-03,Rotary Drill 150mm,BLOCK_B,maintenance,2025-10-03 14:39:51,2025-10-03 22:27:51,7.8,TRACK_DAMAGE,Track shoe displacement on haulage floor,True
EVT-2569,DRL-03,Rotary Drill 150mm,BLOCK_B,repair,2025-10-12 19:32:21,2025-10-13 01:50:21,6.3,SCHEDULED_PM,250-hour routine preventive maintenance inspection,True
EVT-2570,DRL-03,Rotary Drill 150mm,BLOCK_B,maintenance,2025-10-25 03:47:38,2025-10-25 06:59:38,3.2,ENGINE_OVERHEAT,Coolant pump failure during high ambient temp,True
EVT-2571,DRL-03,Rotary Drill 150mm,BLOCK_B,maintenance,2025-11-01 23:59:20,2025-11-02 02:35:20,2.6,TIRE_WEAR,Severe tire gouging from jagged gondite boulders,True
EVT-2572,DRL-03,Rotary Drill 150mm,BLOCK_B,downtime,2025-11-10 21:19:33,2025-11-11 00:07:33,2.8,ENGINE_OVERHEAT,Coolant pump failure during high ambient temp,True
EVT-2573,DRL-03,Rotary Drill 150mm,BLOCK_B,repair,2025-11-21 08:48:54,2025-11-21 13:30:54,4.7,SCHEDULED_PM,250-hour routine preventive maintenance inspection,True
EVT-2574,DRL-03,Rotary Drill 150mm,BLOCK_B,downtime,2025-12-05 09:00:12,2025-12-05 10:54:12,1.9,TRACK_DAMAGE,Track shoe displacement on haulage floor,True
EVT-2575,DRL-03,Rotary Drill 150mm,BLOCK_B,maintenance,2025-12-07 04:51:28,2025-12-07 08:15:28,3.4,ENGINE_OVERHEAT,Coolant pump failure during high ambient temp,True
EVT-2576,DRL-03,Rotary Drill 150mm,BLOCK_B,downtime,2025-12-11 13:42:17,2025-12-11 19:54:17,6.2,BLAST_VIBRATION_CHECK,Safety inspection after bench blast,True
EVT-2577,DRL-03,Rotary Drill 150mm,BLOCK_B,downtime,2025-12-14 15:58:25,2025-12-14 21:10:25,5.2,SCHEDULED_PM,250-hour routine preventive maintenance inspection,True
EVT-2578,DRL-03,Rotary Drill 150mm,BLOCK_B,downtime,2025-12-21 19:05:05,2025-12-21 21:23:05,2.3,TIRE_WEAR,Severe tire gouging from jagged gondite boulders,True
EVT-2579,DRL-03,Rotary Drill 150mm,BLOCK_B,maintenance,2025-12-28 22:58:18,2025-12-29 06:52:18,7.9,BLAST_VIBRATION_CHECK,Safety inspection after bench blast,True
EVT-2580,DRL-03,Rotary Drill 150mm,BLOCK_B,repair,2026-01-06 20:28:55,2026-01-07 00:28:55,4.0,ENGINE_OVERHEAT,Coolant pump failure during high ambient temp,True
EVT-2581,DRL-03,Rotary Drill 150mm,BLOCK_B,repair,2026-01-15 23:39:37,2026-01-16 08:57:37,9.3,TIRE_WEAR,Severe tire gouging from jagged gondite boulders,True
EVT-2582,DRL-03,Rotary Drill 150mm,BLOCK_B,downtime,2026-01-21 03:33:17,2026-01-21 06:39:17,3.1,HYDRAULIC_LEAK,Hydraulic seal rupture on main boom,True
EVT-2583,DRL-03,Rotary Drill 150mm,BLOCK_B,repair,2026-01-26 12:37:59,2026-01-26 15:49:59,3.2,TIRE_WEAR,Severe tire gouging from jagged gondite boulders,True
EVT-2584,DRL-03,Rotary Drill 150mm,BLOCK_B,maintenance,2026-01-28 17:16:52,2026-01-29 01:04:52,7.8,BLAST_VIBRATION_CHECK,Safety inspection after bench blast,True
EVT-2585,DRL-03,Rotary Drill 150mm,BLOCK_B,repair,2026-02-05 20:56:44,2026-02-05 22:56:44,2.0,ENGINE_OVERHEAT,Coolant pump failure during high ambient temp,True
EVT-2586,DRL-03,Rotary Drill 150mm,BLOCK_B,downtime,2026-02-08 13:16:56,2026-02-08 19:34:56,6.3,TRACK_DAMAGE,Track shoe displacement on haulage floor,True
EVT-2587,DRL-03,Rotary Drill 150mm,BLOCK_B,repair,2026-02-13 17:31:59,2026-02-13 19:07:59,1.6,TIRE_WEAR,Severe tire gouging from jagged gondite boulders,True
EVT-2588,DRL-03,Rotary Drill 150mm,BLOCK_B,repair,2026-02-19 12:53:58,2026-02-19 15:47:58,2.9,ELECTRICAL_FAULT,Alternator circuit grounding issue,True
EVT-2589,DRL-03,Rotary Drill 150mm,BLOCK_B,maintenance,2026-02-22 20:43:32,2026-02-23 00:07:32,3.4,SCHEDULED_PM,250-hour routine preventive maintenance inspection,True
EVT-2590,DRL-03,Rotary Drill 150mm,BLOCK_B,maintenance,2026-03-08 17:11:30,2026-03-08 23:17:30,6.1,BLAST_VIBRATION_CHECK,Safety inspection after bench blast,True
EVT-2591,DRL-03,Rotary Drill 150mm,BLOCK_B,downtime,2026-03-17 18:15:25,2026-03-17 19:21:25,1.1,ELECTRICAL_FAULT,Alternator circuit grounding issue,True
EVT-2592,DRL-03,Rotary Drill 150mm,BLOCK_B,downtime,2026-03-20 01:10:40,2026-03-20 07:46:40,6.6,TIRE_WEAR,Severe tire gouging from jagged gondite boulders,True
EVT-2593,DRL-03,Rotary Drill 150mm,BLOCK_B,repair,2026-03-31 01:39:16,2026-03-31 04:57:16,3.3,HYDRAULIC_LEAK,Hydraulic seal rupture on main boom,True
EVT-2594,DRL-03,Rotary Drill 150mm,BLOCK_B,downtime,2026-04-05 13:43:55,2026-04-05 23:43:55,10.0,BLAST_VIBRATION_CHECK,Safety inspection after bench blast,True
EVT-2595,DRL-03,Rotary Drill 150mm,BLOCK_B,downtime,2026-04-10 16:58:40,2026-04-10 19:58:40,3.0,TRACK_DAMAGE,Track shoe displacement on haulage floor,True
EVT-2596,DRL-03,Rotary Drill 150mm,BLOCK_B,maintenance,2026-04-13 22:16:15,2026-04-14 01:16:15,3.0,ELECTRICAL_FAULT,Alternator circuit grounding issue,True
EVT-2597,DRL-03,Rotary Drill 150mm,BLOCK_B,downtime,2026-04-16 08:45:40,2026-04-16 10:39:40,1.9,HYDRAULIC_LEAK,Hydraulic seal rupture on main boom,True
EVT-2598,DRL-03,Rotary Drill 150mm,BLOCK_B,repair,2026-04-22 16:45:23,2026-04-22 21:33:23,4.8,TIRE_WEAR,Severe tire gouging from jagged gondite boulders,True
EVT-2599,DRL-03,Rotary Drill 150mm,BLOCK_B,maintenance,2026-04-25 11:23:30,2026-04-25 23:53:30,12.5,BLAST_VIBRATION_CHECK,Safety inspection after bench blast,True
EVT-2600,DRL-03,Rotary Drill 150mm,BLOCK_B,repair,2026-05-01 22:07:17,2026-05-02 01:55:17,3.8,BLAST_VIBRATION_CHECK,Safety inspection after bench blast,True
EVT-2601,DRL-03,Rotary Drill 150mm,BLOCK_B,maintenance,2026-05-04 11:58:14,2026-05-04 16:46:14,4.8,TRACK_DAMAGE,Track shoe displacement on haulage floor,True
EVT-2602,DRL-03,Rotary Drill 150mm,BLOCK_B,repair,2026-05-10 01:04:51,2026-05-10 02:46:51,1.7,TIRE_WEAR,Severe tire gouging from jagged gondite boulders,True
EVT-2603,DRL-03,Rotary Drill 150mm,BLOCK_B,maintenance,2026-05-18 13:28:18,2026-05-18 20:04:18,6.6,ENGINE_OVERHEAT,Coolant pump failure during high ambient temp,True
EVT-2604,DRL-03,Rotary Drill 150mm,BLOCK_B,repair,2026-05-24 05:14:33,2026-05-24 08:50:33,3.6,TIRE_WEAR,Severe tire gouging from jagged gondite boulders,True
EVT-2605,DRL-03,Rotary Drill 150mm,BLOCK_B,downtime,2026-06-01 03:25:53,2026-06-01 06:43:53,3.3,TRACK_DAMAGE,Track shoe displacement on haulage floor,True
EVT-2606,DRL-03,Rotary Drill 150mm,BLOCK_B,downtime,2026-06-03 14:06:30,2026-06-03 16:48:30,2.7,TRACK_DAMAGE,Track shoe displacement on haulage floor,True
EVT-2607,DRL-03,Rotary Drill 150mm,BLOCK_B,downtime,2026-06-07 14:35:31,2026-06-07 17:35:31,3.0,SCHEDULED_PM,250-hour routine preventive maintenance inspection,True
EVT-2608,DRL-03,Rotary Drill 150mm,BLOCK_B,downtime,2026-06-15 22:21:06,2026-06-16 04:33:06,6.2,TIRE_WEAR,Severe tire gouging from jagged gondite boulders,True
EVT-2609,DRL-03,Rotary Drill 150mm,BLOCK_B,maintenance,2026-06-23 23:52:28,2026-06-24 07:16:28,7.4,TRACK_DAMAGE,Track shoe displacement on haulage floor,True
EVT-2610,DRL-03,Rotary Drill 150mm,BLOCK_B,repair,2026-07-06 08:25:17,2026-07-06 09:55:17,1.5,TIRE_WEAR,Severe tire gouging from jagged gondite boulders,True
EVT-2611,DRL-03,Rotary Drill 150mm,BLOCK_B,downtime,2026-07-12 03:42:02,2026-07-12 05:54:02,2.2,HYDRAULIC_LEAK,Hydraulic seal rupture on main boom,True
EVT-2612,DRL-03,Rotary Drill 150mm,BLOCK_B,maintenance,2026-07-16 04:49:48,2026-07-16 09:25:48,4.6,TIRE_WEAR,Severe tire gouging from jagged gondite boulders,True
EVT-2613,DRL-03,Rotary Drill 150mm,BLOCK_B,maintenance,2026-07-28 19:19:56,2026-07-28 21:31:56,2.2,HYDRAULIC_LEAK,Hydraulic seal rupture on main boom,True
EVT-2614,DRL-03,Rotary Drill 150mm,BLOCK_B,repair,2026-08-03 10:05:46,2026-08-03 12:35:46,2.5,ENGINE_OVERHEAT,Coolant pump failure during high ambient temp,True
EVT-2615,DRL-03,Rotary Drill 150mm,BLOCK_B,downtime,2026-08-08 11:41:09,2026-08-08 14:23:09,2.7,HYDRAULIC_LEAK,Hydraulic seal rupture on main boom,True
EVT-2616,DRL-03,Rotary Drill 150mm,BLOCK_B,repair,2026-08-17 06:26:13,2026-08-17 11:56:13,5.5,ELECTRICAL_FAULT,Alternator circuit grounding issue,True
EVT-2617,DRL-03,Rotary Drill 150mm,BLOCK_B,downtime,2026-08-22 10:40:18,2026-08-22 20:04:18,9.4,BLAST_VIBRATION_CHECK,Safety inspection after bench blast,True
EVT-2618,DRL-03,Rotary Drill 150mm,BLOCK_B,repair,2026-08-27 16:24:30,2026-08-27 20:18:30,3.9,BLAST_VIBRATION_CHECK,Safety inspection after bench blast,True
EVT-2619,DRL-04,Rotary Drill 150mm,BLOCK_C,downtime,2025-01-09 01:38:54,2025-01-09 06:20:54,4.7,TRACK_DAMAGE,Track shoe displacement on haulage floor,True
EVT-2620,DRL-04,Rotary Drill 150mm,BLOCK_C,downtime,2025-01-23 20:06:01,2025-01-23 23:36:01,3.5,TRACK_DAMAGE,Track shoe displacement on haulage floor,True
EVT-2621,DRL-04,Rotary Drill 150mm,BLOCK_C,downtime,2025-02-01 14:35:24,2025-02-01 20:17:24,5.7,TRACK_DAMAGE,Track shoe displacement on haulage floor,True
EVT-2622,DRL-04,Rotary Drill 150mm,BLOCK_C,maintenance,2025-02-08 03:48:32,2025-02-08 10:12:32,6.4,BLAST_VIBRATION_CHECK,Safety inspection after bench blast,True
EVT-2623,DRL-04,Rotary Drill 150mm,BLOCK_C,downtime,2025-02-15 06:50:17,2025-02-15 09:26:17,2.6,ELECTRICAL_FAULT,Alternator circuit grounding issue,True
EVT-2624,DRL-04,Rotary Drill 150mm,BLOCK_C,maintenance,2025-02-17 08:36:00,2025-02-17 18:24:00,9.8,BLAST_VIBRATION_CHECK,Safety inspection after bench blast,True
EVT-2625,DRL-04,Rotary Drill 150mm,BLOCK_C,maintenance,2025-02-21 03:18:47,2025-02-21 13:48:47,10.5,ENGINE_OVERHEAT,Coolant pump failure during high ambient temp,True
EVT-2626,DRL-04,Rotary Drill 150mm,BLOCK_C,downtime,2025-02-26 17:49:34,2025-02-26 20:13:34,2.4,HYDRAULIC_LEAK,Hydraulic seal rupture on main boom,True
EVT-2627,DRL-04,Rotary Drill 150mm,BLOCK_C,maintenance,2025-03-09 09:48:26,2025-03-09 15:00:26,5.2,HYDRAULIC_LEAK,Hydraulic seal rupture on main boom,True
EVT-2628,DRL-04,Rotary Drill 150mm,BLOCK_C,downtime,2025-03-11 12:54:03,2025-03-12 06:48:03,17.9,HYDRAULIC_LEAK,Hydraulic seal rupture on main boom,True
EVT-2629,DRL-04,Rotary Drill 150mm,BLOCK_C,downtime,2025-03-17 21:42:52,2025-03-18 03:54:52,6.2,ENGINE_OVERHEAT,Coolant pump failure during high ambient temp,True
EVT-2630,DRL-04,Rotary Drill 150mm,BLOCK_C,maintenance,2025-03-22 19:52:14,2025-03-22 22:58:14,3.1,ELECTRICAL_FAULT,Alternator circuit grounding issue,True
EVT-2631,DRL-04,Rotary Drill 150mm,BLOCK_C,downtime,2025-04-01 23:13:56,2025-04-02 01:55:56,2.7,BLAST_VIBRATION_CHECK,Safety inspection after bench blast,True
EVT-2632,DRL-04,Rotary Drill 150mm,BLOCK_C,downtime,2025-04-05 15:14:48,2025-04-05 21:56:48,6.7,HYDRAULIC_LEAK,Hydraulic seal rupture on main boom,True
EVT-2633,DRL-04,Rotary Drill 150mm,BLOCK_C,repair,2025-04-10 21:28:21,2025-04-11 06:04:21,8.6,ELECTRICAL_FAULT,Alternator circuit grounding issue,True
EVT-2634,DRL-04,Rotary Drill 150mm,BLOCK_C,maintenance,2025-04-18 02:31:14,2025-04-18 04:55:14,2.4,ELECTRICAL_FAULT,Alternator circuit grounding issue,True
EVT-2635,DRL-04,Rotary Drill 150mm,BLOCK_C,downtime,2025-04-29 23:45:57,2025-04-30 03:51:57,4.1,ELECTRICAL_FAULT,Alternator circuit grounding issue,True
EVT-2636,DRL-04,Rotary Drill 150mm,BLOCK_C,downtime,2025-05-07 05:23:26,2025-05-07 09:59:26,4.6,TIRE_WEAR,Severe tire gouging from jagged gondite boulders,True
EVT-2637,DRL-04,Rotary Drill 150mm,BLOCK_C,downtime,2025-05-10 02:10:14,2025-05-10 06:46:14,4.6,TRACK_DAMAGE,Track shoe displacement on haulage floor,True
EVT-2638,DRL-04,Rotary Drill 150mm,BLOCK_C,downtime,2025-05-14 05:52:30,2025-05-14 11:04:30,5.2,TRACK_DAMAGE,Track shoe displacement on haulage floor,True
EVT-2639,DRL-04,Rotary Drill 150mm,BLOCK_C,downtime,2025-05-25 05:10:07,2025-05-25 08:58:07,3.8,TIRE_WEAR,Severe tire gouging from jagged gondite boulders,True
EVT-2640,DRL-04,Rotary Drill 150mm,BLOCK_C,repair,2025-06-01 01:24:29,2025-06-01 05:42:29,4.3,TIRE_WEAR,Severe tire gouging from jagged gondite boulders,True
EVT-2641,DRL-04,Rotary Drill 150mm,BLOCK_C,downtime,2025-06-11 08:45:08,2025-06-11 13:09:08,4.4,BLAST_VIBRATION_CHECK,Safety inspection after bench blast,True
EVT-2642,DRL-04,Rotary Drill 150mm,BLOCK_C,downtime,2025-06-17 21:54:20,2025-06-18 00:12:20,2.3,SCHEDULED_PM,250-hour routine preventive maintenance inspection,True
EVT-2643,DRL-04,Rotary Drill 150mm,BLOCK_C,maintenance,2025-06-23 03:31:35,2025-06-23 16:31:35,13.0,SCHEDULED_PM,250-hour routine preventive maintenance inspection,True
EVT-2644,DRL-04,Rotary Drill 150mm,BLOCK_C,maintenance,2025-06-27 18:48:29,2025-06-28 01:48:29,7.0,ELECTRICAL_FAULT,Alternator circuit grounding issue,True
EVT-2645,DRL-04,Rotary Drill 150mm,BLOCK_C,downtime,2025-07-03 08:09:19,2025-07-03 16:27:19,8.3,ENGINE_OVERHEAT,Coolant pump failure during high ambient temp,True
EVT-2646,DRL-04,Rotary Drill 150mm,BLOCK_C,maintenance,2025-07-08 14:55:05,2025-07-08 20:13:05,5.3,ENGINE_OVERHEAT,Coolant pump failure during high ambient temp,True
EVT-2647,DRL-04,Rotary Drill 150mm,BLOCK_C,repair,2025-07-14 17:22:04,2025-07-15 11:40:04,18.3,SCHEDULED_PM,250-hour routine preventive maintenance inspection,True
EVT-2648,DRL-04,Rotary Drill 150mm,BLOCK_C,maintenance,2025-07-25 14:31:20,2025-07-25 15:31:20,1.0,TIRE_WEAR,Severe tire gouging from jagged gondite boulders,True
EVT-2649,DRL-04,Rotary Drill 150mm,BLOCK_C,downtime,2025-07-29 04:26:29,2025-07-29 09:08:29,4.7,HYDRAULIC_LEAK,Hydraulic seal rupture on main boom,True
EVT-2650,DRL-04,Rotary Drill 150mm,BLOCK_C,downtime,2025-08-08 09:18:07,2025-08-08 12:00:07,2.7,HYDRAULIC_LEAK,Hydraulic seal rupture on main boom,True
EVT-2651,DRL-04,Rotary Drill 150mm,BLOCK_C,maintenance,2025-08-16 08:06:33,2025-08-16 13:00:33,4.9,ELECTRICAL_FAULT,Alternator circuit grounding issue,True
EVT-2652,DRL-04,Rotary Drill 150mm,BLOCK_C,downtime,2025-08-22 08:11:54,2025-08-22 19:17:54,11.1,ELECTRICAL_FAULT,Alternator circuit grounding issue,True
EVT-2653,DRL-04,Rotary Drill 150mm,BLOCK_C,downtime,2025-08-25 04:16:26,2025-08-25 10:58:26,6.7,ENGINE_OVERHEAT,Coolant pump failure during high ambient temp,True
EVT-2654,DRL-04,Rotary Drill 150mm,BLOCK_C,downtime,2025-09-01 10:25:23,2025-09-01 14:49:23,4.4,BLAST_VIBRATION_CHECK,Safety inspection after bench blast,True
EVT-2655,DRL-04,Rotary Drill 150mm,BLOCK_C,downtime,2025-09-08 21:45:14,2025-09-09 09:45:14,12.0,SCHEDULED_PM,250-hour routine preventive maintenance inspection,True
EVT-2656,DRL-04,Rotary Drill 150mm,BLOCK_C,maintenance,2025-09-20 23:24:50,2025-09-21 07:12:50,7.8,BLAST_VIBRATION_CHECK,Safety inspection after bench blast,True
EVT-2657,DRL-04,Rotary Drill 150mm,BLOCK_C,maintenance,2025-10-01 19:47:29,2025-10-02 01:59:29,6.2,TIRE_WEAR,Severe tire gouging from jagged gondite boulders,True
EVT-2658,DRL-04,Rotary Drill 150mm,BLOCK_C,repair,2025-10-09 20:18:34,2025-10-10 02:24:34,6.1,HYDRAULIC_LEAK,Hydraulic seal rupture on main boom,True
EVT-2659,DRL-04,Rotary Drill 150mm,BLOCK_C,repair,2025-10-12 20:46:09,2025-10-13 04:16:09,7.5,BLAST_VIBRATION_CHECK,Safety inspection after bench blast,True
EVT-2660,DRL-04,Rotary Drill 150mm,BLOCK_C,repair,2025-10-22 07:52:14,2025-10-22 11:04:14,3.2,ENGINE_OVERHEAT,Coolant pump failure during high ambient temp,True
EVT-2661,DRL-04,Rotary Drill 150mm,BLOCK_C,maintenance,2025-10-28 00:10:10,2025-10-28 03:10:10,3.0,SCHEDULED_PM,250-hour routine preventive maintenance inspection,True
EVT-2662,DRL-04,Rotary Drill 150mm,BLOCK_C,downtime,2025-11-02 00:19:27,2025-11-02 02:49:27,2.5,ELECTRICAL_FAULT,Alternator circuit grounding issue,True
EVT-2663,DRL-04,Rotary Drill 150mm,BLOCK_C,downtime,2025-11-06 19:49:43,2025-11-06 23:07:43,3.3,HYDRAULIC_LEAK,Hydraulic seal rupture on main boom,True
EVT-2664,DRL-04,Rotary Drill 150mm,BLOCK_C,maintenance,2025-11-08 17:15:52,2025-11-09 04:39:52,11.4,TIRE_WEAR,Severe tire gouging from jagged gondite boulders,True
EVT-2665,DRL-04,Rotary Drill 150mm,BLOCK_C,repair,2025-11-19 22:39:47,2025-11-20 02:45:47,4.1,ELECTRICAL_FAULT,Alternator circuit grounding issue,True
EVT-2666,DRL-04,Rotary Drill 150mm,BLOCK_C,downtime,2025-11-30 02:49:22,2025-11-30 14:25:22,11.6,ENGINE_OVERHEAT,Coolant pump failure during high ambient temp,True
EVT-2667,DRL-04,Rotary Drill 150mm,BLOCK_C,maintenance,2025-12-05 06:13:20,2025-12-05 09:25:20,3.2,SCHEDULED_PM,250-hour routine preventive maintenance inspection,True
EVT-2668,DRL-04,Rotary Drill 150mm,BLOCK_C,downtime,2025-12-07 18:03:14,2025-12-08 02:57:14,8.9,HYDRAULIC_LEAK,Hydraulic seal rupture on main boom,True
EVT-2669,DRL-04,Rotary Drill 150mm,BLOCK_C,repair,2025-12-17 19:57:42,2025-12-18 05:57:42,10.0,TRACK_DAMAGE,Track shoe displacement on haulage floor,True
EVT-2670,DRL-04,Rotary Drill 150mm,BLOCK_C,downtime,2025-12-25 18:08:15,2025-12-25 23:08:15,5.0,TIRE_WEAR,Severe tire gouging from jagged gondite boulders,True
EVT-2671,DRL-04,Rotary Drill 150mm,BLOCK_C,repair,2026-01-02 13:57:56,2026-01-02 17:57:56,4.0,ELECTRICAL_FAULT,Alternator circuit grounding issue,True
EVT-2672,DRL-04,Rotary Drill 150mm,BLOCK_C,downtime,2026-01-12 13:09:41,2026-01-12 16:03:41,2.9,BLAST_VIBRATION_CHECK,Safety inspection after bench blast,True
EVT-2673,DRL-04,Rotary Drill 150mm,BLOCK_C,downtime,2026-01-15 06:41:52,2026-01-15 14:53:52,8.2,ELECTRICAL_FAULT,Alternator circuit grounding issue,True
EVT-2674,DRL-04,Rotary Drill 150mm,BLOCK_C,repair,2026-01-19 07:16:13,2026-01-19 11:16:13,4.0,TIRE_WEAR,Severe tire gouging from jagged gondite boulders,True
EVT-2675,DRL-04,Rotary Drill 150mm,BLOCK_C,downtime,2026-01-25 13:26:14,2026-01-25 17:08:14,3.7,SCHEDULED_PM,250-hour routine preventive maintenance inspection,True
EVT-2676,DRL-04,Rotary Drill 150mm,BLOCK_C,downtime,2026-02-06 11:44:19,2026-02-06 17:26:19,5.7,TRACK_DAMAGE,Track shoe displacement on haulage floor,True
EVT-2677,DRL-04,Rotary Drill 150mm,BLOCK_C,downtime,2026-02-08 13:46:35,2026-02-08 20:28:35,6.7,HYDRAULIC_LEAK,Hydraulic seal rupture on main boom,True
EVT-2678,DRL-04,Rotary Drill 150mm,BLOCK_C,repair,2026-02-13 22:58:42,2026-02-14 01:46:42,2.8,ELECTRICAL_FAULT,Alternator circuit grounding issue,True
EVT-2679,DRL-04,Rotary Drill 150mm,BLOCK_C,maintenance,2026-02-23 18:35:25,2026-02-24 00:11:25,5.6,BLAST_VIBRATION_CHECK,Safety inspection after bench blast,True
EVT-2680,DRL-04,Rotary Drill 150mm,BLOCK_C,maintenance,2026-03-08 00:00:55,2026-03-08 10:06:55,10.1,TIRE_WEAR,Severe tire gouging from jagged gondite boulders,True
EVT-2681,DRL-04,Rotary Drill 150mm,BLOCK_C,downtime,2026-03-11 20:00:07,2026-03-11 22:30:07,2.5,BLAST_VIBRATION_CHECK,Safety inspection after bench blast,True
EVT-2682,DRL-04,Rotary Drill 150mm,BLOCK_C,downtime,2026-03-20 05:24:04,2026-03-20 13:42:04,8.3,BLAST_VIBRATION_CHECK,Safety inspection after bench blast,True
EVT-2683,DRL-04,Rotary Drill 150mm,BLOCK_C,maintenance,2026-03-28 07:54:04,2026-03-28 16:06:04,8.2,SCHEDULED_PM,250-hour routine preventive maintenance inspection,True
EVT-2684,DRL-04,Rotary Drill 150mm,BLOCK_C,downtime,2026-04-03 21:55:30,2026-04-04 06:37:30,8.7,HYDRAULIC_LEAK,Hydraulic seal rupture on main boom,True
EVT-2685,DRL-04,Rotary Drill 150mm,BLOCK_C,downtime,2026-04-18 10:10:56,2026-04-18 16:58:56,6.8,SCHEDULED_PM,250-hour routine preventive maintenance inspection,True
EVT-2686,DRL-04,Rotary Drill 150mm,BLOCK_C,repair,2026-04-30 00:36:49,2026-04-30 07:12:49,6.6,TIRE_WEAR,Severe tire gouging from jagged gondite boulders,True
EVT-2687,DRL-04,Rotary Drill 150mm,BLOCK_C,downtime,2026-05-07 09:45:06,2026-05-07 17:51:06,8.1,TRACK_DAMAGE,Track shoe displacement on haulage floor,True
EVT-2688,DRL-04,Rotary Drill 150mm,BLOCK_C,downtime,2026-05-10 21:02:00,2026-05-11 02:38:00,5.6,BLAST_VIBRATION_CHECK,Safety inspection after bench blast,True
EVT-2689,DRL-04,Rotary Drill 150mm,BLOCK_C,maintenance,2026-05-20 20:15:07,2026-05-20 23:45:07,3.5,BLAST_VIBRATION_CHECK,Safety inspection after bench blast,True
EVT-2690,DRL-04,Rotary Drill 150mm,BLOCK_C,maintenance,2026-05-28 11:32:22,2026-05-28 15:02:22,3.5,HYDRAULIC_LEAK,Hydraulic seal rupture on main boom,True
EVT-2691,DRL-04,Rotary Drill 150mm,BLOCK_C,downtime,2026-06-02 14:42:40,2026-06-02 19:00:40,4.3,ELECTRICAL_FAULT,Alternator circuit grounding issue,True
EVT-2692,DRL-04,Rotary Drill 150mm,BLOCK_C,maintenance,2026-06-08 13:18:35,2026-06-08 20:30:35,7.2,TIRE_WEAR,Severe tire gouging from jagged gondite boulders,True
EVT-2693,DRL-04,Rotary Drill 150mm,BLOCK_C,downtime,2026-06-11 20:38:42,2026-06-12 01:02:42,4.4,ENGINE_OVERHEAT,Coolant pump failure during high ambient temp,True
EVT-2694,DRL-04,Rotary Drill 150mm,BLOCK_C,downtime,2026-06-18 15:32:40,2026-06-18 19:32:40,4.0,ELECTRICAL_FAULT,Alternator circuit grounding issue,True
EVT-2695,DRL-04,Rotary Drill 150mm,BLOCK_C,downtime,2026-07-11 02:55:56,2026-07-11 11:37:56,8.7,SCHEDULED_PM,250-hour routine preventive maintenance inspection,True
EVT-2696,DRL-04,Rotary Drill 150mm,BLOCK_C,maintenance,2026-07-18 01:06:50,2026-07-18 06:12:50,5.1,TRACK_DAMAGE,Track shoe displacement on haulage floor,True
EVT-2697,DRL-04,Rotary Drill 150mm,BLOCK_C,maintenance,2026-07-22 09:20:22,2026-07-22 11:26:22,2.1,BLAST_VIBRATION_CHECK,Safety inspection after bench blast,True
EVT-2698,DRL-04,Rotary Drill 150mm,BLOCK_C,maintenance,2026-07-30 04:27:20,2026-07-30 07:03:20,2.6,HYDRAULIC_LEAK,Hydraulic seal rupture on main boom,True
EVT-2699,DRL-04,Rotary Drill 150mm,BLOCK_C,downtime,2026-08-01 20:05:38,2026-08-01 22:29:38,2.4,ENGINE_OVERHEAT,Coolant pump failure during high ambient temp,True
EVT-2700,DRL-04,Rotary Drill 150mm,BLOCK_C,maintenance,2026-08-06 13:53:07,2026-08-06 18:23:07,4.5,ENGINE_OVERHEAT,Coolant pump failure during high ambient temp,True
EVT-2701,DRL-04,Rotary Drill 150mm,BLOCK_C,maintenance,2026-08-15 06:03:50,2026-08-15 08:39:50,2.6,TRACK_DAMAGE,Track shoe displacement on haulage floor,True
EVT-2702,DRL-04,Rotary Drill 150mm,BLOCK_C,maintenance,2026-08-24 08:51:47,2026-08-24 12:51:47,4.0,TIRE_WEAR,Severe tire gouging from jagged gondite boulders,True
EVT-2703,DRL-04,Rotary Drill 150mm,BLOCK_C,repair,2026-08-29 04:43:10,2026-08-29 08:07:10,3.4,TRACK_DAMAGE,Track shoe displacement on haulage floor,True
