grid_id,latitude,longitude,elevation_m,slope_deg,aspect_deg,ndvi,ndwi,iron_oxide_index,clay_index,ferrous_index,lst_k,acquisition_date,synthetic
GRID-0001,21.8515,80.1643,368.3,3.3,79.5,0.549,0.069,1.563,1.113,1.086,304.9,2026-03-15,True
GRID-0002,21.8515,80.165476,396.3,4.4,300.5,0.563,0.139,1.102,1.223,1.088,300.6,2026-03-15,True
GRID-0003,21.8515,80.166653,413.8,12.1,70.0,0.493,-0.114,1.387,1.094,1.369,303.8,2026-03-15,True
GRID-0004,21.8515,80.167829,410.2,20.2,65.3,0.47,-0.11,1.29,1.471,1.033,303.2,2026-03-15,True
GRID-0005,21.8515,80.169006,392.2,22.9,287.9,0.442,0.064,1.213,1.009,0.918,305.7,2026-03-15,True
GRID-0006,21.8515,80.170182,362.9,23.5,306.8,0.535,0.046,1.184,1.414,1.2,306.1,2026-03-15,True
GRID-0007,21.8515,80.171359,330.3,26.1,306.5,0.556,-0.101,1.094,1.188,1.074,305.7,2026-03-15,True
GRID-0008,21.8515,80.172535,313.0,27.9,335.7,0.562,0.124,1.439,1.267,1.104,304.0,2026-03-15,True
GRID-0009,21.8515,80.173712,306.2,25.6,358.0,0.492,0.066,1.193,0.748,1.119,301.5,2026-03-15,True
GRID-0010,21.8515,80.174888,316.4,21.1,166.1,0.373,-0.064,1.276,1.114,1.053,302.3,2026-03-15,True
GRID-0011,21.8515,80.176065,349.8,16.7,197.9,0.536,-0.067,1.144,1.359,1.01,306.3,2026-03-15,True
GRID-0012,21.8515,80.177241,377.0,11.0,104.6,0.565,-0.047,1.172,1.129,1.23,306.4,2026-03-15,True
GRID-0013,21.8515,80.178418,403.9,4.8,24.3,0.54,0.086,0.924,1.038,1.112,300.8,2026-03-15,True
GRID-0014,21.8515,80.179594,410.7,1.0,35.4,0.557,-0.145,0.932,1.006,1.105,301.4,2026-03-15,True
GRID-0015,21.8515,80.180771,399.8,1.0,261.2,0.463,-0.114,1.054,1.349,1.111,300.0,2026-03-15,True
GRID-0016,21.8515,80.181947,379.1,1.0,175.4,0.531,-0.096,1.06,0.95,1.107,306.9,2026-03-15,True
GRID-0017,21.8515,80.183124,348.2,1.0,119.1,0.479,-0.073,1.156,1.017,0.945,302.2,2026-03-15,True
GRID-0018,21.8515,80.1843,321.9,1.0,46.2,0.469,-0.102,1.142,1.04,1.02,302.6,2026-03-15,True
GRID-0019,21.8515,80.185476,307.2,6.8,236.0,0.406,-0.048,1.04,1.044,0.941,302.8,2026-03-15,True
GRID-0020,21.8515,80.186653,309.2,8.0,36.0,0.393,-0.011,1.056,1.16,1.358,303.1,2026-03-15,True
GRID-0021,21.8515,80.187829,330.0,15.2,223.0,0.404,-0.06,1.241,1.094,0.985,300.4,2026-03-15,True
GRID-0022,21.8515,80.189006,354.4,21.0,324.0,0.462,-0.029,1.22,1.234,1.27,302.4,2026-03-15,True
GRID-0023,21.8515,80.190182,383.2,21.1,114.4,0.577,-0.123,1.369,1.131,1.327,304.7,2026-03-15,True
GRID-0024,21.8515,80.191359,405.6,28.3,162.2,0.406,-0.134,1.103,0.942,0.931,301.9,2026-03-15,True
GRID-0025,21.8515,80.192535,414.3,30.6,221.9,0.515,-0.215,0.934,1.29,0.978,304.0,2026-03-15,True
GRID-0026,21.8515,80.193712,393.5,26.9,110.0,0.535,-0.011,1.251,1.129,0.94,302.6,2026-03-15,True
GRID-0027,21.8515,80.194888,376.1,23.6,210.3,0.537,-0.09,1.306,1.081,1.083,300.5,2026-03-15,True
GRID-0028,21.8515,80.196065,344.7,22.2,203.6,0.554,-0.069,1.26,1.148,1.044,302.1,2026-03-15,True
GRID-0029,21.8515,80.197241,322.4,13.9,131.2,0.355,-0.047,1.378,1.266,1.135,302.6,2026-03-15,True
GRID-0030,21.8515,80.198418,306.6,10.0,113.9,0.456,0.066,1.354,1.031,1.024,302.5,2026-03-15,True
GRID-0031,21.8515,80.199594,310.8,1.6,154.2,0.347,-0.104,1.273,0.986,1.15,300.3,2026-03-15,True
GRID-0032,21.8515,80.200771,337.5,1.9,1.7,0.503,-0.219,1.268,0.937,0.938,302.5,2026-03-15,True
GRID-0033,21.8515,80.201947,370.5,1.0,88.6,0.694,0.117,0.902,1.009,0.955,304.5,2026-03-15,True
GRID-0034,21.8515,80.203124,392.6,1.0,79.7,0.465,0.064,0.973,1.261,1.189,302.1,2026-03-15,True
GRID-0035,21.8515,80.2043,406.3,1.0,266.3,0.408,-0.064,1.183,1.19,1.323,306.1,2026-03-15,True
GRID-0036,21.852676,80.1643,363.4,6.1,157.0,0.504,-0.042,1.009,1.021,0.939,303.6,2026-03-15,True
GRID-0037,21.852676,80.165476,363.9,12.6,302.4,0.338,-0.002,0.789,1.122,1.226,301.8,2026-03-15,True
GRID-0038,21.852676,80.166653,371.8,18.2,48.4,0.515,-0.121,1.281,1.11,1.249,303.2,2026-03-15,True
GRID-0039,21.852676,80.167829,368.0,22.6,263.9,0.486,0.056,1.116,0.998,1.08,302.2,2026-03-15,True
GRID-0040,21.852676,80.169006,359.9,24.7,316.0,0.381,-0.086,0.875,1.162,0.799,306.1,2026-03-15,True
GRID-0041,21.852676,80.170182,357.4,26.9,166.6,0.589,0.036,1.316,1.323,1.167,300.6,2026-03-15,True
GRID-0042,21.852676,80.171359,356.2,28.3,129.1,0.557,-0.057,1.009,1.013,0.93,302.4,2026-03-15,True
GRID-0043,21.852676,80.172535,347.5,24.3,110.0,0.498,-0.094,1.086,1.137,0.879,300.5,2026-03-15,True
GRID-0044,21.852676,80.173712,346.4,18.4,198.6,0.511,-0.126,1.159,1.118,1.09,305.1,2026-03-15,True
GRID-0045,21.852676,80.174888,351.4,16.9,63.3,0.519,-0.051,1.167,1.156,1.018,304.6,2026-03-15,True
GRID-0046,21.852676,80.176065,355.1,7.2,218.4,0.489,-0.155,1.005,1.26,1.027,303.1,2026-03-15,True
GRID-0047,21.852676,80.177241,360.0,3.9,303.0,0.538,-0.209,1.12,1.167,1.133,303.0,2026-03-15,True
GRID-0048,21.852676,80.178418,367.1,1.0,309.1,0.488,-0.105,1.203,1.062,1.127,304.9,2026-03-15,True
GRID-0049,21.852676,80.179594,363.0,1.0,50.4,0.353,-0.192,0.847,0.963,1.129,307.8,2026-03-15,True
GRID-0050,21.852676,80.180771,364.3,1.0,193.9,0.614,-0.165,1.166,1.021,1.135,302.0,2026-03-15,True
GRID-0051,21.852676,80.181947,366.8,1.0,94.8,0.498,-0.028,1.42,1.177,1.321,303.6,2026-03-15,True
GRID-0052,21.852676,80.183124,358.3,1.6,319.1,0.523,0.0,1.247,1.218,1.192,301.0,2026-03-15,True
GRID-0053,21.852676,80.1843,352.0,5.4,27.5,0.482,-0.138,1.485,0.809,0.965,301.4,2026-03-15,True
GRID-0054,21.852676,80.185476,352.1,11.7,27.1,0.558,-0.018,0.794,1.074,1.119,306.5,2026-03-15,True
GRID-0055,21.852676,80.186653,350.9,16.4,6.7,0.57,-0.062,1.071,1.109,0.868,303.7,2026-03-15,True
GRID-0056,21.852676,80.187829,353.1,20.0,182.6,0.477,0.016,1.279,0.951,0.909,306.7,2026-03-15,True
GRID-0057,21.852676,80.189006,360.2,25.0,11.2,0.475,-0.066,0.877,1.402,1.141,300.8,2026-03-15,True
GRID-0058,21.852676,80.190182,362.3,29.7,209.5,0.36,-0.048,1.002,0.949,0.945,305.2,2026-03-15,True
GRID-0059,21.852676,80.191359,366.8,24.2,145.8,0.435,-0.076,1.258,1.092,1.2,302.7,2026-03-15,True
GRID-0060,21.852676,80.192535,369.9,25.5,212.4,0.552,0.035,1.089,0.822,0.965,302.1,2026-03-15,True
GRID-0061,21.852676,80.193712,371.2,23.7,326.3,0.443,-0.171,0.932,0.852,1.233,298.5,2026-03-15,True
GRID-0062,21.852676,80.194888,361.4,20.7,198.6,0.604,-0.189,1.06,0.942,0.968,301.7,2026-03-15,True
GRID-0063,21.852676,80.196065,360.6,15.9,195.6,0.426,-0.136,1.236,1.003,1.055,300.8,2026-03-15,True
GRID-0064,21.852676,80.197241,354.8,9.6,359.5,0.455,-0.098,1.263,1.123,1.116,301.4,2026-03-15,True
GRID-0065,21.852676,80.198418,346.1,2.5,170.0,0.584,-0.028,1.127,0.86,0.843,302.1,2026-03-15,True
GRID-0066,21.852676,80.199594,358.4,1.0,279.1,0.491,-0.237,1.395,1.083,1.168,303.2,2026-03-15,True
GRID-0067,21.852676,80.200771,356.6,1.0,131.7,0.363,0.019,1.589,1.147,1.151,305.2,2026-03-15,True
GRID-0068,21.852676,80.201947,361.9,1.0,80.4,0.537,-0.135,1.021,1.068,0.973,304.1,2026-03-15,True
GRID-0069,21.852676,80.203124,363.7,1.0,278.0,0.535,-0.077,1.323,0.994,1.148,305.3,2026-03-15,True
GRID-0070,21.852676,80.2043,369.5,2.7,264.0,0.416,-0.153,1.559,1.064,1.147,302.6,2026-03-15,True
GRID-0071,21.853853,80.1643,350.9,10.9,104.8,0.51,0.135,1.318,1.023,1.157,304.0,2026-03-15,True
GRID-0072,21.853853,80.165476,339.4,18.7,167.3,0.501,-0.029,1.262,1.275,1.15,304.1,2026-03-15,True
GRID-0073,21.853853,80.166653,323.1,20.9,183.7,0.413,0.064,1.485,1.38,0.911,304.1,2026-03-15,True
GRID-0074,21.853853,80.167829,328.0,27.2,142.8,0.394,-0.018,1.152,1.149,1.088,305.5,2026-03-15,True
GRID-0075,21.853853,80.169006,337.2,27.2,180.8,0.412,0.083,1.241,1.057,1.152,304.3,2026-03-15,True
GRID-0076,21.853853,80.170182,355.0,30.0,238.6,0.529,-0.227,1.234,0.992,1.216,301.9,2026-03-15,True
GRID-0077,21.853853,80.171359,379.0,20.1,305.3,0.507,-0.049,1.217,1.124,0.872,300.6,2026-03-15,True
GRID-0078,21.853853,80.172535,395.1,22.4,290.4,0.46,-0.243,1.142,1.07,1.159,304.0,2026-03-15,True
GRID-0079,21.853853,80.173712,393.3,15.2,221.1,0.531,0.001,1.492,1.08,1.05,301.2,2026-03-15,True
GRID-0080,21.853853,80.174888,386.9,10.8,59.7,0.362,0.048,1.254,1.143,1.438,305.4,2026-03-15,True
GRID-0081,21.853853,80.176065,370.8,4.3,185.1,0.597,-0.087,1.533,0.771,0.948,306.2,2026-03-15,True
GRID-0082,21.853853,80.177241,343.9,1.0,160.6,0.431,0.092,1.094,1.163,1.017,306.0,2026-03-15,True
GRID-0083,21.853853,80.178418,330.2,1.0,64.5,0.486,-0.057,0.769,1.136,1.148,301.4,2026-03-15,True
GRID-0084,21.853853,80.179594,326.0,1.0,341.5,0.331,-0.163,0.757,1.088,0.904,303.8,2026-03-15,True
GRID-0085,21.853853,80.180771,330.0,1.0,237.4,0.341,-0.171,1.202,0.836,1.014,304.2,2026-03-15,True
GRID-0086,21.853853,80.181947,344.5,1.1,348.4,0.592,-0.016,1.129,1.219,0.988,302.6,2026-03-15,True
GRID-0087,21.853853,80.183124,365.2,3.7,264.9,0.456,0.034,1.519,1.137,1.05,304.4,2026-03-15,True
GRID-0088,21.853853,80.1843,382.8,6.2,174.1,0.455,-0.109,1.02,1.072,1.252,299.5,2026-03-15,True
GRID-0089,21.853853,80.185476,399.3,14.9,129.2,0.488,0.099,1.359,1.244,1.025,303.4,2026-03-15,True
GRID-0090,21.853853,80.186653,396.0,20.6,78.8,0.558,0.028,1.329,1.081,1.045,305.3,2026-03-15,True
GRID-0091,21.853853,80.187829,383.8,24.2,175.6,0.423,-0.052,1.111,1.013,1.167,305.8,2026-03-15,True
GRID-0092,21.853853,80.189006,366.3,26.5,22.6,0.476,-0.106,1.141,1.081,1.18,305.4,2026-03-15,True
GRID-0093,21.853853,80.190182,342.8,25.8,133.0,0.46,-0.075,1.296,1.246,0.899,303.9,2026-03-15,True
GRID-0094,21.853853,80.191359,329.7,25.2,15.4,0.507,-0.063,0.901,1.255,0.882,303.3,2026-03-15,True
GRID-0095,21.853853,80.192535,329.2,29.9,74.4,0.585,0.046,0.873,1.248,1.027,305.8,2026-03-15,True
GRID-0096,21.853853,80.193712,333.5,18.1,326.8,0.432,0.051,1.386,1.118,1.015,306.2,2026-03-15,True
GRID-0097,21.853853,80.194888,346.7,16.2,130.1,0.397,-0.208,1.126,0.88,1.072,301.4,2026-03-15,True
GRID-0098,21.853853,80.196065,368.1,8.4,169.1,0.518,0.009,0.935,1.041,0.943,303.5,2026-03-15,True
GRID-0099,21.853853,80.197241,387.6,4.2,163.7,0.304,-0.058,1.033,0.978,1.156,302.4,2026-03-15,True
GRID-0100,21.853853,80.198418,397.7,1.0,16.7,0.373,-0.059,1.202,1.151,0.764,304.0,2026-03-15,True
GRID-0101,21.853853,80.199594,392.0,1.0,353.0,0.357,-0.137,0.984,0.862,1.063,304.9,2026-03-15,True
GRID-0102,21.853853,80.200771,377.0,1.0,116.7,0.359,-0.245,1.06,1.193,1.082,306.8,2026-03-15,True
GRID-0103,21.853853,80.201947,352.2,1.0,253.3,0.337,-0.194,1.502,1.122,0.96,303.8,2026-03-15,True
GRID-0104,21.853853,80.203124,341.1,1.0,187.7,0.507,-0.046,1.089,1.205,0.947,302.2,2026-03-15,True
GRID-0105,21.853853,80.2043,325.3,8.1,298.7,0.59,0.014,1.321,1.264,0.912,300.0,2026-03-15,True
GRID-0106,21.855029,80.1643,351.9,16.9,300.6,0.495,-0.061,0.891,1.119,1.131,302.3,2026-03-15,True
GRID-0107,21.855029,80.165476,321.1,19.9,94.8,0.475,-0.189,1.375,1.102,0.922,301.8,2026-03-15,True
GRID-0108,21.855029,80.166653,292.5,22.3,196.0,0.372,0.168,1.301,0.955,0.832,299.0,2026-03-15,True
GRID-0109,21.855029,80.167829,295.5,25.4,62.6,0.412,-0.186,1.13,1.191,1.133,304.2,2026-03-15,True
GRID-0110,21.855029,80.169006,319.6,26.0,235.3,0.48,0.002,1.288,1.033,0.926,303.6,2026-03-15,True
GRID-0111,21.855029,80.170182,357.3,22.9,131.5,0.348,-0.069,1.516,1.049,1.032,304.1,2026-03-15,True
GRID-0112,21.855029,80.171359,397.4,23.8,235.2,0.414,0.047,1.304,1.142,0.983,304.9,2026-03-15,True
GRID-0113,21.855029,80.172535,419.3,17.4,300.8,0.375,-0.293,1.33,0.933,1.131,302.7,2026-03-15,True
GRID-0114,21.855029,80.173712,429.8,10.5,186.0,0.523,-0.094,1.773,1.157,1.072,304.9,2026-03-15,True
GRID-0115,21.855029,80.174888,413.3,6.3,135.5,0.508,-0.094,1.075,0.865,0.975,303.6,2026-03-15,True
GRID-0116,21.855029,80.176065,377.2,2.2,326.6,0.326,-0.067,1.005,1.129,0.954,306.1,2026-03-15,True
GRID-0117,21.855029,80.177241,333.2,1.0,185.9,0.417,-0.167,1.36,1.445,0.976,305.3,2026-03-15,True
GRID-0118,21.855029,80.178418,302.2,1.0,127.0,0.565,-0.211,0.83,1.233,1.224,304.2,2026-03-15,True
GRID-0119,21.855029,80.179594,285.5,1.0,312.4,0.479,-0.246,1.241,1.147,1.13,304.1,2026-03-15,True
GRID-0120,21.855029,80.180771,299.9,1.0,175.3,0.551,-0.118,0.886,1.331,1.235,298.0,2026-03-15,True
GRID-0121,21.855029,80.181947,331.3,4.4,173.6,0.498,-0.046,1.125,1.269,1.177,303.1,2026-03-15,True
GRID-0122,21.855029,80.183124,370.9,6.8,217.5,0.533,-0.119,1.285,0.962,1.25,303.2,2026-03-15,True
GRID-0123,21.855029,80.1843,403.1,16.8,180.7,0.495,0.026,1.525,1.204,1.283,305.4,2026-03-15,True
GRID-0124,21.855029,80.185476,427.1,19.0,50.0,0.261,-0.068,1.387,1.197,0.937,298.8,2026-03-15,True
GRID-0125,21.855029,80.186653,423.1,21.3,59.6,0.531,0.013,1.086,1.223,1.206,304.3,2026-03-15,True
GRID-0126,21.855029,80.187829,395.3,25.9,27.8,0.462,0.005,0.841,1.176,0.736,300.8,2026-03-15,True
GRID-0127,21.855029,80.189006,368.0,28.0,231.7,0.495,-0.049,1.276,1.205,0.996,303.0,2026-03-15,True
GRID-0128,21.855029,80.190182,323.7,23.8,76.1,0.565,-0.167,1.133,1.041,0.939,302.7,2026-03-15,True
GRID-0129,21.855029,80.191359,301.4,25.6,67.3,0.374,-0.078,1.443,1.011,1.168,302.6,2026-03-15,True
GRID-0130,21.855029,80.192535,289.2,19.1,130.4,0.462,-0.03,1.101,0.953,1.178,303.3,2026-03-15,True
GRID-0131,21.855029,80.193712,307.3,15.1,258.2,0.482,-0.095,1.139,1.313,1.164,302.8,2026-03-15,True
GRID-0132,21.855029,80.194888,342.4,12.7,42.6,0.331,-0.068,0.925,1.199,1.219,300.9,2026-03-15,True
GRID-0133,21.855029,80.196065,382.8,4.0,82.9,0.503,-0.027,1.174,1.038,1.158,303.3,2026-03-15,True
GRID-0134,21.855029,80.197241,416.4,1.0,292.0,0.299,-0.258,1.54,0.915,0.791,304.3,2026-03-15,True
GRID-0135,21.855029,80.198418,431.0,1.0,259.3,0.497,0.013,0.989,1.212,1.059,301.5,2026-03-15,True
GRID-0136,21.855029,80.199594,428.6,1.0,173.3,0.498,0.057,1.094,0.936,1.037,300.7,2026-03-15,True
GRID-0137,21.855029,80.200771,392.6,1.0,172.4,0.325,0.087,1.287,1.084,1.341,299.6,2026-03-15,True
GRID-0138,21.855029,80.201947,348.1,1.0,75.9,0.5,-0.005,1.25,0.924,0.848,303.1,2026-03-15,True
GRID-0139,21.855029,80.203124,314.5,8.3,58.0,0.37,0.005,1.229,1.221,1.071,301.7,2026-03-15,True
GRID-0140,21.855029,80.2043,292.8,10.2,300.0,0.414,-0.112,0.812,0.859,1.186,303.3,2026-03-15,True
GRID-0141,21.856206,80.1643,347.7,23.1,8.1,0.499,0.061,1.19,1.13,0.945,301.9,2026-03-15,True
GRID-0142,21.856206,80.165476,309.6,25.3,15.5,0.515,0.071,1.347,1.119,1.045,303.5,2026-03-15,True
GRID-0143,21.856206,80.166653,284.2,26.2,206.5,0.468,0.048,1.514,1.196,1.062,301.8,2026-03-15,True
GRID-0144,21.856206,80.167829,279.3,26.7,58.0,0.484,0.002,1.438,1.339,1.034,302.5,2026-03-15,True
GRID-0145,21.856206,80.169006,313.4,24.2,226.6,0.459,0.143,1.402,1.208,1.172,304.0,2026-03-15,True
GRID-0146,21.856206,80.170182,355.9,19.2,14.1,0.451,-0.067,1.181,1.117,0.932,303.1,2026-03-15,True
GRID-0147,21.856206,80.171359,394.9,15.7,206.0,0.685,0.018,1.125,1.097,1.205,300.5,2026-03-15,True
GRID-0148,21.856206,80.172535,430.6,11.9,20.1,0.444,0.125,1.297,1.248,1.035,303.1,2026-03-15,True
GRID-0149,21.856206,80.173712,436.0,8.6,93.0,0.571,-0.009,0.901,0.576,1.165,300.4,2026-03-15,True
GRID-0150,21.856206,80.174888,419.7,1.0,64.8,0.512,0.069,1.093,1.312,0.893,303.8,2026-03-15,True
GRID-0151,21.856206,80.176065,384.3,1.0,345.0,0.441,-0.18,1.286,1.155,1.142,304.9,2026-03-15,True
GRID-0152,21.856206,80.177241,337.8,1.0,215.8,0.345,-0.199,1.09,0.866,1.063,303.0,2026-03-15,True
GRID-0153,21.856206,80.178418,294.4,1.0,202.9,0.395,-0.132,1.168,1.009,0.794,300.5,2026-03-15,True
GRID-0154,21.856206,80.179594,279.4,1.0,6.7,0.523,-0.186,1.167,1.136,0.926,300.8,2026-03-15,True
GRID-0155,21.856206,80.180771,290.5,5.1,259.0,0.467,-0.153,1.373,1.342,0.994,300.5,2026-03-15,True
GRID-0156,21.856206,80.181947,325.2,7.0,238.2,0.379,-0.132,1.446,0.881,1.123,304.1,2026-03-15,True
GRID-0157,21.856206,80.183124,368.1,12.8,102.0,0.485,-0.07,1.038,1.368,0.957,303.4,2026-03-15,True
GRID-0158,21.856206,80.1843,410.5,18.4,30.9,0.599,0.011,1.279,0.971,1.213,303.1,2026-03-15,True
GRID-0159,21.856206,80.185476,428.0,23.9,161.7,0.529,-0.195,1.122,1.063,0.765,303.2,2026-03-15,True
GRID-0160,21.856206,80.186653,438.4,24.9,357.4,0.35,0.053,1.443,0.988,1.14,304.8,2026-03-15,True
GRID-0161,21.856206,80.187829,410.4,26.2,312.2,0.493,-0.205,0.92,1.041,1.217,300.8,2026-03-15,True
GRID-0162,21.856206,80.189006,369.6,27.2,61.4,0.295,-0.066,0.953,0.835,0.956,307.9,2026-03-15,True
GRID-0163,21.856206,80.190182,315.9,23.4,298.9,0.465,-0.166,1.462,1.212,1.028,302.5,2026-03-15,True
GRID-0164,21.856206,80.191359,289.5,22.1,216.3,0.503,0.028,1.076,1.072,0.908,304.3,2026-03-15,True
GRID-0165,21.856206,80.192535,277.3,15.2,286.1,0.328,-0.072,1.065,1.252,1.026,303.9,2026-03-15,True
GRID-0166,21.856206,80.193712,300.2,8.7,295.4,0.394,0.047,1.083,0.952,0.991,301.2,2026-03-15,True
GRID-0167,21.856206,80.194888,338.8,4.8,65.5,0.515,-0.155,1.389,1.263,1.154,300.9,2026-03-15,True
GRID-0168,21.856206,80.196065,382.1,2.1,237.5,0.407,-0.047,1.215,1.23,1.2,303.0,2026-03-15,True
GRID-0169,21.856206,80.197241,421.7,1.0,95.2,0.4,0.018,1.437,1.108,1.052,301.0,2026-03-15,True
GRID-0170,21.856206,80.198418,440.9,1.0,260.7,0.476,-0.049,1.117,1.148,1.078,303.1,2026-03-15,True
GRID-0171,21.856206,80.199594,430.1,1.0,123.4,0.49,0.045,0.979,1.077,1.09,304.2,2026-03-15,True
GRID-0172,21.856206,80.200771,393.8,1.0,163.2,0.541,-0.032,1.138,1.099,1.05,305.5,2026-03-15,True
GRID-0173,21.856206,80.201947,351.6,2.9,212.6,0.345,-0.049,1.107,1.191,0.808,304.9,2026-03-15,True
GRID-0174,21.856206,80.203124,312.4,9.1,82.7,0.479,-0.112,1.412,1.111,0.82,304.8,2026-03-15,True
GRID-0175,21.856206,80.2043,283.2,12.3,138.8,0.428,-0.027,0.9,1.097,0.687,300.9,2026-03-15,True
GRID-0176,21.857382,80.1643,354.2,27.8,39.1,0.48,-0.189,0.997,1.055,1.199,302.7,2026-03-15,True
GRID-0177,21.857382,80.165476,315.4,29.1,72.8,0.349,-0.125,1.321,1.053,1.071,306.1,2026-03-15,True
GRID-0178,21.857382,80.166653,299.0,28.4,309.5,0.461,0.114,1.246,1.297,0.75,304.9,2026-03-15,True
GRID-0179,21.857382,80.167829,304.3,24.4,181.6,0.561,0.001,1.093,0.946,0.885,302.9,2026-03-15,True
GRID-0180,21.857382,80.169006,323.4,21.0,151.1,0.507,-0.217,1.392,1.243,0.89,303.3,2026-03-15,True
GRID-0181,21.857382,80.170182,358.0,13.3,53.8,0.452,-0.167,1.117,1.101,1.085,302.9,2026-03-15,True
GRID-0182,21.857382,80.171359,386.9,10.3,34.7,0.329,-0.087,1.112,1.08,0.966,304.9,2026-03-15,True
GRID-0183,21.857382,80.172535,420.5,10.5,171.3,0.478,-0.059,1.538,0.92,0.989,303.1,2026-03-15,True
GRID-0184,21.857382,80.173712,429.8,1.0,221.3,0.519,0.053,1.057,1.347,0.958,304.0,2026-03-15,True
GRID-0185,21.857382,80.174888,408.0,1.0,14.1,0.273,0.092,1.021,1.026,1.13,303.6,2026-03-15,True
GRID-0186,21.857382,80.176065,376.7,1.0,282.2,0.272,0.029,0.943,1.04,1.171,302.3,2026-03-15,True
GRID-0187,21.857382,80.177241,339.0,1.0,181.2,0.248,-0.095,1.254,0.993,1.144,303.3,2026-03-15,True
GRID-0188,21.857382,80.178418,308.9,1.0,42.3,0.495,-0.048,1.352,0.913,1.04,305.3,2026-03-15,True
GRID-0189,21.857382,80.179594,296.8,4.6,173.6,0.494,0.028,1.189,1.192,1.259,305.9,2026-03-15,True
GRID-0190,21.857382,80.180771,309.3,7.8,46.9,0.537,-0.022,1.407,1.137,1.218,303.9,2026-03-15,True
GRID-0191,21.857382,80.181947,332.7,14.4,217.3,0.528,-0.107,1.168,1.062,1.314,302.4,2026-03-15,True
GRID-0192,21.857382,80.183124,371.2,17.4,297.9,0.35,-0.168,0.904,0.889,0.791,305.8,2026-03-15,True
GRID-0193,21.857382,80.1843,401.3,22.3,322.9,0.443,0.156,0.911,1.079,0.789,304.3,2026-03-15,True
GRID-0194,21.857382,80.185476,420.3,27.3,279.0,0.366,-0.085,1.096,0.98,1.306,303.6,2026-03-15,True
GRID-0195,21.857382,80.186653,417.1,28.3,233.7,0.456,0.121,1.139,1.2,1.138,301.7,2026-03-15,True
GRID-0196,21.857382,80.187829,402.8,28.6,187.9,0.688,-0.083,1.554,1.126,0.932,301.4,2026-03-15,True
GRID-0197,21.857382,80.189006,364.1,21.8,133.3,0.577,0.012,1.305,1.009,1.007,303.0,2026-03-15,True
GRID-0198,21.857382,80.190182,329.4,19.9,15.6,0.467,-0.008,1.114,1.1,1.124,301.3,2026-03-15,True
GRID-0199,21.857382,80.191359,301.8,13.5,190.7,0.372,-0.006,1.087,1.293,1.159,302.2,2026-03-15,True
GRID-0200,21.857382,80.192535,295.3,6.7,82.6,0.385,0.028,1.394,0.895,1.042,302.3,2026-03-15,True
GRID-0201,21.857382,80.193712,311.7,4.5,288.8,0.428,-0.207,1.261,1.102,1.044,300.8,2026-03-15,True
GRID-0202,21.857382,80.194888,345.1,1.0,284.2,0.41,0.039,1.067,0.889,0.792,301.9,2026-03-15,True
GRID-0203,21.857382,80.196065,380.7,1.0,137.2,0.453,0.133,1.328,1.047,0.865,306.6,2026-03-15,True
GRID-0204,21.857382,80.197241,411.0,1.0,212.1,0.524,-0.029,1.261,1.148,1.044,302.4,2026-03-15,True
GRID-0205,21.857382,80.198418,419.4,1.0,266.9,0.452,-0.156,1.36,1.095,1.095,302.5,2026-03-15,True
GRID-0206,21.857382,80.199594,412.1,1.0,274.2,0.642,0.031,1.441,1.037,0.939,302.3,2026-03-15,True
GRID-0207,21.857382,80.200771,390.1,4.1,250.8,0.488,0.052,1.061,1.171,1.001,304.8,2026-03-15,True
GRID-0208,21.857382,80.201947,351.2,10.5,35.2,0.518,-0.08,0.974,1.168,1.072,307.2,2026-03-15,True
GRID-0209,21.857382,80.203124,316.5,16.8,48.2,0.485,-0.1,0.994,1.176,1.136,303.3,2026-03-15,True
GRID-0210,21.857382,80.2043,300.1,23.3,171.8,0.454,-0.06,1.026,1.017,1.093,305.1,2026-03-15,True
GRID-0211,21.858559,80.1643,348.0,25.7,83.7,0.54,0.045,0.852,0.921,1.411,302.8,2026-03-15,True
GRID-0212,21.858559,80.165476,345.5,23.0,309.3,0.531,-0.018,1.408,0.977,0.97,303.2,2026-03-15,True
GRID-0213,21.858559,80.166653,331.4,24.6,102.0,0.393,-0.049,1.392,1.02,1.247,306.1,2026-03-15,True
GRID-0214,21.858559,80.167829,334.1,22.8,315.6,0.403,0.08,1.595,1.126,0.971,305.6,2026-03-15,True
GRID-0215,21.858559,80.169006,349.1,15.9,147.1,0.592,0.113,1.408,1.093,0.918,301.0,2026-03-15,True
GRID-0216,21.858559,80.170182,355.4,10.8,68.0,0.421,0.02,1.391,0.93,1.084,301.4,2026-03-15,True
GRID-0217,21.858559,80.171359,375.0,5.3,255.3,0.424,-0.016,1.013,1.11,0.759,299.5,2026-03-15,True
GRID-0218,21.858559,80.172535,375.0,1.0,284.2,0.575,-0.09,1.465,1.088,0.97,303.5,2026-03-15,True
GRID-0219,21.858559,80.173712,385.1,1.0,208.1,0.434,-0.084,1.259,1.216,1.022,298.4,2026-03-15,True
GRID-0220,21.858559,80.174888,379.8,1.0,42.4,0.55,-0.143,1.326,1.086,1.066,303.7,2026-03-15,True
GRID-0221,21.858559,80.176065,367.3,1.0,2.6,0.491,-0.157,1.014,1.189,1.156,301.9,2026-03-15,True
GRID-0222,21.858559,80.177241,351.7,1.3,235.6,0.472,-0.18,0.883,1.015,0.99,302.6,2026-03-15,True
GRID-0223,21.858559,80.178418,339.0,1.6,247.6,0.391,-0.041,1.176,1.019,1.124,301.4,2026-03-15,True
GRID-0224,21.858559,80.179594,333.0,9.1,113.7,0.335,0.09,1.247,1.037,1.01,304.4,2026-03-15,True
GRID-0225,21.858559,80.180771,340.0,10.6,130.4,0.569,0.095,1.081,1.05,0.76,307.1,2026-03-15,True
GRID-0226,21.858559,80.181947,345.6,19.1,55.7,0.293,0.063,1.465,1.062,0.965,303.0,2026-03-15,True
GRID-0227,21.858559,80.183124,361.0,23.6,234.6,0.642,-0.063,1.231,1.125,1.017,306.2,2026-03-15,True
GRID-0228,21.858559,80.1843,378.3,26.6,91.3,0.387,-0.147,1.177,1.246,1.067,303.8,2026-03-15,True
GRID-0229,21.858559,80.185476,381.7,26.9,307.8,0.621,0.005,1.411,1.146,0.942,305.0,2026-03-15,True
GRID-0230,21.858559,80.186653,377.2,26.9,152.5,0.601,0.114,1.368,1.355,0.83,299.0,2026-03-15,True
GRID-0231,21.858559,80.187829,377.0,25.0,131.6,0.419,-0.072,1.135,1.026,1.15,304.6,2026-03-15,True
GRID-0232,21.858559,80.189006,367.1,20.9,99.2,0.591,-0.065,1.227,1.023,0.898,305.3,2026-03-15,True
GRID-0233,21.858559,80.190182,346.6,13.7,245.0,0.662,-0.113,1.284,1.089,0.869,304.9,2026-03-15,True
GRID-0234,21.858559,80.191359,340.0,7.2,271.8,0.653,-0.07,1.0,1.055,0.92,304.8,2026-03-15,True
GRID-0235,21.858559,80.192535,336.5,5.2,148.8,0.653,-0.179,1.208,1.286,0.926,304.6,2026-03-15,True
GRID-0236,21.858559,80.193712,336.6,1.0,282.2,0.341,-0.149,1.219,1.027,1.023,304.0,2026-03-15,True
GRID-0237,21.858559,80.194888,353.3,1.0,173.7,0.429,0.012,1.465,0.917,0.996,303.1,2026-03-15,True
GRID-0238,21.858559,80.196065,367.5,1.0,133.3,0.405,-0.141,1.373,1.067,1.067,306.0,2026-03-15,True
GRID-0239,21.858559,80.197241,374.5,1.0,199.8,0.605,-0.005,1.496,1.196,1.001,303.5,2026-03-15,True
GRID-0240,21.858559,80.198418,385.9,1.5,91.4,0.464,-0.174,1.301,1.429,1.021,302.9,2026-03-15,True
GRID-0241,21.858559,80.199594,387.7,6.6,110.4,0.383,-0.035,1.091,1.105,0.856,302.0,2026-03-15,True
GRID-0242,21.858559,80.200771,368.4,10.5,124.0,0.423,-0.209,1.184,0.865,0.739,299.3,2026-03-15,True
GRID-0243,21.858559,80.201947,360.5,14.6,254.0,0.521,-0.063,1.147,1.072,0.879,301.5,2026-03-15,True
GRID-0244,21.858559,80.203124,341.9,17.3,264.9,0.486,-0.058,1.119,1.064,0.985,303.5,2026-03-15,True
GRID-0245,21.858559,80.2043,338.5,24.9,307.8,0.545,0.017,1.391,0.973,0.974,301.6,2026-03-15,True
GRID-0246,21.859735,80.1643,364.8,24.7,237.3,0.437,0.168,1.296,1.096,0.842,303.4,2026-03-15,True
GRID-0247,21.859735,80.165476,380.9,21.5,269.2,0.543,0.034,1.35,0.72,1.05,301.4,2026-03-15,True
GRID-0248,21.859735,80.166653,383.5,19.7,160.8,0.637,-0.045,1.167,1.035,0.88,305.2,2026-03-15,True
GRID-0249,21.859735,80.167829,383.1,14.0,251.8,0.525,-0.152,1.443,1.176,0.894,306.2,2026-03-15,True
GRID-0250,21.859735,80.169006,375.2,10.6,58.2,0.455,0.174,1.453,0.863,0.938,300.9,2026-03-15,True
GRID-0251,21.859735,80.170182,356.1,2.7,77.2,0.556,-0.066,1.381,1.011,1.026,303.4,2026-03-15,True
GRID-0252,21.859735,80.171359,351.0,1.0,144.2,0.401,-0.3,1.167,1.136,1.18,304.4,2026-03-15,True
GRID-0253,21.859735,80.172535,343.8,1.0,121.8,0.565,-0.044,1.254,1.015,1.125,308.0,2026-03-15,True
GRID-0254,21.859735,80.173712,334.4,1.0,198.2,0.347,-0.113,0.965,1.232,0.813,303.5,2026-03-15,True
GRID-0255,21.859735,80.174888,342.4,1.0,250.9,0.549,-0.082,1.164,1.064,1.273,307.2,2026-03-15,True
GRID-0256,21.859735,80.176065,356.0,1.0,254.4,0.375,-0.041,1.251,1.18,0.947,302.3,2026-03-15,True
GRID-0257,21.859735,80.177241,371.2,5.2,57.9,0.341,-0.152,1.072,1.164,1.24,303.0,2026-03-15,True
GRID-0258,21.859735,80.178418,376.8,8.4,347.2,0.593,-0.098,1.138,1.051,1.108,307.9,2026-03-15,True
GRID-0259,21.859735,80.179594,386.9,16.5,1.9,0.397,-0.103,1.324,1.401,1.006,301.0,2026-03-15,True
GRID-0260,21.859735,80.180771,378.7,19.4,32.8,0.654,0.012,1.24,1.098,1.07,304.8,2026-03-15,True
GRID-0261,21.859735,80.181947,370.0,19.8,52.3,0.183,-0.26,1.797,2.267,1.554,311.9,2026-03-15,True
GRID-0262,21.859735,80.183124,359.4,29.4,333.3,0.197,-0.291,2.625,1.688,1.824,307.8,2026-03-15,True
GRID-0263,21.859735,80.1843,341.1,26.9,156.7,0.239,-0.171,2.011,2.036,1.599,306.8,2026-03-15,True
GRID-0264,21.859735,80.185476,337.5,26.6,23.1,0.226,-0.256,2.328,2.071,1.806,311.3,2026-03-15,True
GRID-0265,21.859735,80.186653,335.6,23.5,79.8,0.144,-0.299,2.312,1.942,1.484,315.4,2026-03-15,True
GRID-0266,21.859735,80.187829,344.6,22.2,28.8,0.531,-0.031,1.517,1.107,0.948,301.3,2026-03-15,True
GRID-0267,21.859735,80.189006,356.5,15.9,13.6,0.547,-0.067,1.387,1.052,1.04,302.4,2026-03-15,True
GRID-0268,21.859735,80.190182,368.1,8.1,138.4,0.648,-0.068,1.734,1.071,1.255,303.7,2026-03-15,True
GRID-0269,21.859735,80.191359,379.1,1.5,354.4,0.669,-0.074,0.89,1.107,0.986,306.9,2026-03-15,True
GRID-0270,21.859735,80.192535,379.5,4.4,221.0,0.538,0.119,1.301,1.184,0.973,302.7,2026-03-15,True
GRID-0271,21.859735,80.193712,375.0,1.0,187.6,0.511,-0.046,1.524,1.228,1.267,303.8,2026-03-15,True
GRID-0272,21.859735,80.194888,368.9,1.0,256.2,0.568,-0.177,1.474,1.155,0.689,304.7,2026-03-15,True
GRID-0273,21.859735,80.196065,356.2,1.0,215.1,0.559,0.066,1.309,1.265,0.976,306.5,2026-03-15,True
GRID-0274,21.859735,80.197241,340.1,1.4,340.5,0.488,0.065,1.008,0.949,1.104,302.3,2026-03-15,True
GRID-0275,21.859735,80.198418,338.6,5.0,295.3,0.425,0.068,1.028,0.992,1.217,304.2,2026-03-15,True
GRID-0276,21.859735,80.199594,336.9,10.6,230.5,0.386,0.085,1.304,1.163,1.029,302.8,2026-03-15,True
GRID-0277,21.859735,80.200771,347.7,15.7,158.0,0.413,-0.141,1.051,0.958,0.994,304.6,2026-03-15,True
GRID-0278,21.859735,80.201947,362.1,22.3,72.6,0.666,0.003,1.029,0.841,1.072,309.4,2026-03-15,True
GRID-0279,21.859735,80.203124,374.6,24.2,236.5,0.439,-0.064,0.769,1.164,1.075,302.9,2026-03-15,True
GRID-0280,21.859735,80.2043,379.7,30.4,289.4,0.558,-0.032,1.126,1.125,0.989,302.4,2026-03-15,True
GRID-0281,21.860912,80.1643,362.7,24.9,103.0,0.623,0.036,1.138,1.091,0.873,305.9,2026-03-15,True
GRID-0282,21.860912,80.165476,403.6,21.9,12.1,0.453,0.021,0.972,1.377,0.911,304.5,2026-03-15,True
GRID-0283,21.860912,80.166653,420.1,15.2,215.8,0.464,-0.121,1.079,1.48,1.044,303.5,2026-03-15,True
GRID-0284,21.860912,80.167829,417.6,10.7,185.7,0.484,-0.115,1.276,1.365,0.961,303.6,2026-03-15,True
GRID-0285,21.860912,80.169006,394.8,4.6,83.4,0.666,-0.003,0.908,1.115,1.114,302.1,2026-03-15,True
GRID-0286,21.860912,80.170182,359.6,1.0,61.0,0.422,-0.146,0.941,1.382,1.093,301.3,2026-03-15,True
GRID-0287,21.860912,80.171359,327.8,1.0,13.0,0.366,-0.109,1.194,0.883,1.397,305.6,2026-03-15,True
GRID-0288,21.860912,80.172535,307.0,1.0,86.1,0.481,-0.031,0.954,0.955,0.914,302.7,2026-03-15,True
GRID-0289,21.860912,80.173712,300.1,1.0,0.1,0.462,-0.042,1.259,1.292,1.026,305.2,2026-03-15,True
GRID-0290,21.860912,80.174888,312.0,2.8,56.7,0.362,0.002,1.284,1.104,1.232,303.9,2026-03-15,True
GRID-0291,21.860912,80.176065,341.6,4.6,358.9,0.423,-0.023,1.257,1.073,1.179,302.7,2026-03-15,True
GRID-0292,21.860912,80.177241,377.6,9.5,280.7,0.559,-0.172,1.158,0.879,0.78,303.6,2026-03-15,True
GRID-0293,21.860912,80.178418,408.0,13.1,127.1,0.508,-0.073,1.591,1.127,1.163,303.0,2026-03-15,True
GRID-0294,21.860912,80.179594,424.6,21.0,142.3,0.194,-0.375,2.738,1.894,1.492,312.4,2026-03-15,True
GRID-0295,21.860912,80.180771,410.6,16.9,211.0,0.32,-0.377,2.866,1.736,1.546,313.3,2026-03-15,True
GRID-0296,21.860912,80.181947,385.1,23.2,186.4,0.242,-0.232,2.676,2.035,1.816,307.4,2026-03-15,True
GRID-0297,21.860912,80.183124,352.7,25.1,265.3,0.197,-0.297,1.903,1.932,1.858,307.7,2026-03-15,True
GRID-0298,21.860912,80.1843,320.4,27.8,24.7,0.181,-0.216,2.448,1.959,1.539,312.5,2026-03-15,True
GRID-0299,21.860912,80.185476,301.3,22.9,32.5,0.212,-0.364,2.542,1.778,1.784,314.5,2026-03-15,True
GRID-0300,21.860912,80.186653,303.1,18.4,102.4,0.336,-0.327,1.902,1.592,1.583,314.1,2026-03-15,True
GRID-0301,21.860912,80.187829,322.5,12.6,298.7,0.167,-0.432,2.132,1.594,1.496,314.3,2026-03-15,True
GRID-0302,21.860912,80.189006,356.2,8.3,329.4,0.397,-0.265,2.305,1.683,1.169,309.0,2026-03-15,True
GRID-0303,21.860912,80.190182,383.9,1.7,125.3,0.368,0.101,1.531,1.325,1.163,303.9,2026-03-15,True
GRID-0304,21.860912,80.191359,415.9,1.5,346.8,0.544,-0.188,0.899,0.92,0.973,302.6,2026-03-15,True
GRID-0305,21.860912,80.192535,419.4,1.0,99.5,0.364,0.059,1.335,0.948,1.267,301.9,2026-03-15,True
GRID-0306,21.860912,80.193712,406.3,1.0,218.3,0.558,-0.004,1.24,1.201,1.109,300.5,2026-03-15,True
GRID-0307,21.860912,80.194888,377.1,1.0,70.0,0.505,0.056,0.978,1.057,1.077,305.6,2026-03-15,True
GRID-0308,21.860912,80.196065,342.3,1.6,334.7,0.475,0.165,1.219,1.215,1.123,301.9,2026-03-15,True
GRID-0309,21.860912,80.197241,317.0,1.9,207.0,0.494,0.022,1.363,1.315,0.764,303.5,2026-03-15,True
GRID-0310,21.860912,80.198418,301.0,9.8,94.0,0.523,-0.115,0.981,1.455,0.974,298.4,2026-03-15,True
GRID-0311,21.860912,80.199594,304.5,11.9,146.6,0.374,-0.041,1.418,1.009,0.973,301.6,2026-03-15,True
GRID-0312,21.860912,80.200771,335.4,20.4,38.3,0.482,-0.196,1.086,1.228,1.051,302.9,2026-03-15,True
GRID-0313,21.860912,80.201947,367.8,26.4,26.1,0.328,-0.135,1.05,1.442,1.134,305.8,2026-03-15,True
GRID-0314,21.860912,80.203124,402.7,26.3,105.9,0.381,0.034,1.23,0.925,1.248,305.7,2026-03-15,True
GRID-0315,21.860912,80.2043,418.2,28.9,340.9,0.473,-0.124,1.57,1.14,1.024,301.5,2026-03-15,True
GRID-0316,21.862088,80.1643,372.4,20.4,289.1,0.583,-0.162,1.266,0.877,1.036,303.0,2026-03-15,True
GRID-0317,21.862088,80.165476,407.3,13.4,344.4,0.523,0.003,1.362,1.054,1.323,300.8,2026-03-15,True
GRID-0318,21.862088,80.166653,435.6,9.3,315.4,0.52,-0.133,0.987,1.2,1.18,303.7,2026-03-15,True
GRID-0319,21.862088,80.167829,429.2,8.3,292.7,0.5,-0.057,0.94,0.932,1.067,300.8,2026-03-15,True
GRID-0320,21.862088,80.169006,411.3,1.0,207.0,0.602,-0.168,0.903,1.084,0.86,306.1,2026-03-15,True
GRID-0321,21.862088,80.170182,367.9,1.0,249.9,0.47,-0.107,1.577,1.112,0.898,301.6,2026-03-15,True
GRID-0322,21.862088,80.171359,320.5,1.0,347.8,0.576,-0.21,1.05,1.063,1.132,302.4,2026-03-15,True
GRID-0323,21.862088,80.172535,288.3,1.0,202.7,0.488,-0.138,1.176,1.122,1.128,307.0,2026-03-15,True
GRID-0324,21.862088,80.173712,283.8,1.0,277.2,0.486,-0.05,1.401,1.137,1.243,304.3,2026-03-15,True
GRID-0325,21.862088,80.174888,305.2,6.7,272.7,0.579,0.08,1.319,1.177,1.154,302.5,2026-03-15,True
GRID-0326,21.862088,80.176065,343.5,9.2,346.0,0.572,-0.089,1.33,1.307,1.162,306.0,2026-03-15,True
GRID-0327,21.862088,80.177241,387.6,14.0,165.2,0.172,-0.065,2.525,2.368,1.44,311.6,2026-03-15,True
GRID-0328,21.862088,80.178418,423.5,18.6,165.9,0.214,-0.308,2.552,2.372,1.53,312.3,2026-03-15,True
GRID-0329,21.862088,80.179594,442.8,26.3,211.3,0.17,-0.162,2.442,2.354,1.547,310.8,2026-03-15,True
GRID-0330,21.862088,80.180771,424.7,25.2,9.8,0.208,-0.365,2.314,1.721,1.467,312.1,2026-03-15,True
GRID-0331,21.862088,80.181947,389.5,27.2,41.9,0.138,-0.336,2.38,1.832,1.847,309.7,2026-03-15,True
GRID-0332,21.862088,80.183124,352.1,26.7,24.3,0.327,-0.394,2.786,1.689,1.399,312.2,2026-03-15,True
GRID-0333,21.862088,80.1843,305.0,19.6,228.1,0.255,-0.219,2.156,2.03,1.43,307.3,2026-03-15,True
GRID-0334,21.862088,80.185476,282.8,23.0,357.9,0.179,-0.191,2.413,1.798,1.725,313.3,2026-03-15,True
GRID-0335,21.862088,80.186653,285.1,15.4,243.7,0.215,-0.195,2.0,1.58,1.582,312.8,2026-03-15,True
GRID-0336,21.862088,80.187829,311.8,12.1,82.8,0.294,-0.281,2.014,2.065,1.508,305.5,2026-03-15,True
GRID-0337,21.862088,80.189006,356.4,6.3,113.7,0.287,-0.286,1.109,1.044,1.026,305.6,2026-03-15,True
GRID-0338,21.862088,80.190182,396.6,4.3,344.0,0.319,-0.159,1.474,1.335,0.952,302.1,2026-03-15,True
GRID-0339,21.862088,80.191359,423.7,1.0,185.9,0.458,-0.014,1.16,0.906,0.894,301.2,2026-03-15,True
GRID-0340,21.862088,80.192535,439.7,1.0,3.5,0.65,0.013,1.209,1.002,0.85,305.0,2026-03-15,True
GRID-0341,21.862088,80.193712,420.0,1.0,299.6,0.4,-0.095,1.298,0.825,0.883,301.2,2026-03-15,True
GRID-0342,21.862088,80.194888,382.4,1.0,89.4,0.495,-0.035,1.479,1.471,0.861,303.0,2026-03-15,True
GRID-0343,21.862088,80.196065,332.2,2.8,33.5,0.455,-0.036,1.248,0.958,1.074,301.1,2026-03-15,True
GRID-0344,21.862088,80.197241,298.2,7.8,242.5,0.512,0.032,1.232,1.301,1.089,300.2,2026-03-15,True
GRID-0345,21.862088,80.198418,286.1,12.7,295.6,0.581,-0.0,1.376,1.212,0.915,306.8,2026-03-15,True
GRID-0346,21.862088,80.199594,291.3,19.5,27.4,0.452,-0.024,1.097,0.838,1.002,300.2,2026-03-15,True
GRID-0347,21.862088,80.200771,323.1,24.9,335.3,0.455,-0.069,1.335,0.821,1.156,298.3,2026-03-15,True
GRID-0348,21.862088,80.201947,373.5,26.6,171.6,0.602,-0.081,0.894,1.156,1.102,303.0,2026-03-15,True
GRID-0349,21.862088,80.203124,409.3,28.2,127.3,0.357,0.11,1.043,0.966,1.04,306.9,2026-03-15,True
GRID-0350,21.862088,80.2043,434.9,23.1,322.0,0.401,0.004,1.267,1.028,1.226,303.2,2026-03-15,True
GRID-0351,21.863265,80.1643,368.0,16.4,96.9,0.393,0.064,1.376,1.113,1.065,305.1,2026-03-15,True
GRID-0352,21.863265,80.165476,406.5,10.5,341.0,0.424,0.128,1.483,0.93,1.141,303.1,2026-03-15,True
GRID-0353,21.863265,80.166653,433.1,4.1,245.9,0.429,0.026,0.95,1.065,1.089,302.6,2026-03-15,True
GRID-0354,21.863265,80.167829,421.5,2.4,327.6,0.657,-0.108,1.023,1.046,1.283,304.2,2026-03-15,True
GRID-0355,21.863265,80.169006,401.6,1.0,179.6,0.509,-0.117,1.079,0.841,1.064,305.2,2026-03-15,True
GRID-0356,21.863265,80.170182,363.0,1.0,71.9,0.44,0.049,1.305,0.869,1.186,305.6,2026-03-15,True
GRID-0357,21.863265,80.171359,325.8,1.0,264.8,0.467,-0.11,0.95,0.885,1.215,302.7,2026-03-15,True
GRID-0358,21.863265,80.172535,298.9,1.5,314.2,0.51,-0.028,1.288,1.196,1.077,303.0,2026-03-15,True
GRID-0359,21.863265,80.173712,291.2,4.4,74.4,0.541,-0.06,1.024,1.179,1.087,304.6,2026-03-15,True
GRID-0360,21.863265,80.174888,306.0,10.0,73.0,0.447,0.171,1.109,1.042,1.14,304.1,2026-03-15,True
GRID-0361,21.863265,80.176065,341.6,15.4,89.9,0.295,-0.315,2.13,2.035,1.811,307.4,2026-03-15,True
GRID-0362,21.863265,80.177241,381.2,18.3,222.7,0.221,-0.308,2.667,2.289,1.712,312.6,2026-03-15,True
GRID-0363,21.863265,80.178418,423.4,26.6,56.2,0.217,-0.339,2.534,2.075,1.8,310.4,2026-03-15,True
GRID-0364,21.863265,80.179594,432.8,23.0,38.4,0.187,-0.254,2.212,1.685,1.832,308.7,2026-03-15,True
GRID-0365,21.863265,80.180771,426.9,23.6,331.3,0.232,-0.26,2.369,1.595,1.558,311.1,2026-03-15,True
GRID-0366,21.863265,80.181947,392.3,25.0,243.3,0.216,-0.222,2.209,1.856,1.685,310.7,2026-03-15,True
GRID-0367,21.863265,80.183124,351.5,23.0,238.8,0.247,-0.345,1.987,1.881,1.867,312.5,2026-03-15,True
GRID-0368,21.863265,80.1843,312.0,21.3,221.0,0.19,-0.405,2.158,1.921,1.557,311.8,2026-03-15,True
GRID-0369,21.863265,80.185476,292.0,15.8,275.1,0.28,-0.343,2.319,1.698,1.824,311.8,2026-03-15,True
GRID-0370,21.863265,80.186653,294.6,8.7,194.9,0.155,-0.359,2.176,1.957,1.378,306.0,2026-03-15,True
GRID-0371,21.863265,80.187829,319.2,1.0,15.2,0.413,-0.027,1.269,1.222,1.006,303.0,2026-03-15,True
GRID-0372,21.863265,80.189006,357.8,1.0,173.6,0.555,-0.024,1.016,1.184,1.058,302.7,2026-03-15,True
GRID-0373,21.863265,80.190182,394.4,2.6,223.4,0.534,0.033,1.507,1.174,1.062,303.8,2026-03-15,True
GRID-0374,21.863265,80.191359,421.7,1.0,177.2,0.455,0.088,1.249,1.402,1.078,303.6,2026-03-15,True
GRID-0375,21.863265,80.192535,431.5,1.0,354.7,0.431,-0.006,1.332,1.026,0.983,299.9,2026-03-15,True
GRID-0376,21.863265,80.193712,413.8,2.5,322.9,0.44,0.116,0.951,1.126,0.955,299.7,2026-03-15,True
GRID-0377,21.863265,80.194888,381.7,3.6,312.8,0.461,-0.082,1.094,0.933,1.163,303.2,2026-03-15,True
GRID-0378,21.863265,80.196065,337.3,5.6,176.7,0.371,-0.093,1.102,1.234,0.824,301.5,2026-03-15,True
GRID-0379,21.863265,80.197241,303.7,12.6,354.4,0.604,-0.076,1.122,1.093,1.147,306.8,2026-03-15,True
GRID-0380,21.863265,80.198418,288.0,21.4,329.8,0.489,-0.111,1.586,1.121,0.844,302.5,2026-03-15,True
GRID-0381,21.863265,80.199594,303.4,21.3,100.9,0.554,-0.018,1.26,0.968,1.004,302.5,2026-03-15,True
GRID-0382,21.863265,80.200771,325.3,26.9,80.0,0.6,0.087,1.542,0.965,1.337,303.6,2026-03-15,True
GRID-0383,21.863265,80.201947,371.7,25.0,207.6,0.465,-0.3,1.066,1.215,1.094,302.1,2026-03-15,True
GRID-0384,21.863265,80.203124,402.8,26.9,19.5,0.584,0.056,1.162,1.006,1.446,307.4,2026-03-15,True
GRID-0385,21.863265,80.2043,431.3,21.6,287.7,0.472,-0.267,1.022,1.245,0.741,303.2,2026-03-15,True
GRID-0386,21.864441,80.1643,368.1,11.3,172.2,0.761,-0.029,1.388,1.395,1.028,304.9,2026-03-15,True
GRID-0387,21.864441,80.165476,384.7,8.9,194.7,0.354,-0.004,1.408,1.321,1.058,299.6,2026-03-15,True
GRID-0388,21.864441,80.166653,397.6,1.7,180.9,0.474,-0.184,1.675,1.148,1.071,303.2,2026-03-15,True
GRID-0389,21.864441,80.167829,398.0,1.0,141.7,0.434,-0.155,0.963,1.028,1.06,303.6,2026-03-15,True
GRID-0390,21.864441,80.169006,385.7,1.0,247.1,0.361,0.054,1.087,1.189,1.021,303.7,2026-03-15,True
GRID-0391,21.864441,80.170182,362.0,1.0,62.9,0.455,-0.052,1.051,1.403,0.824,303.6,2026-03-15,True
GRID-0392,21.864441,80.171359,335.4,1.0,351.5,0.393,0.033,0.863,1.115,0.952,302.5,2026-03-15,True
GRID-0393,21.864441,80.172535,325.6,4.7,251.4,0.482,-0.088,1.454,0.919,1.188,300.7,2026-03-15,True
GRID-0394,21.864441,80.173712,322.3,6.7,165.6,0.619,-0.122,1.304,1.389,1.197,304.5,2026-03-15,True
GRID-0395,21.864441,80.174888,326.6,13.3,248.1,0.281,-0.194,2.685,1.728,1.85,307.3,2026-03-15,True
GRID-0396,21.864441,80.176065,351.3,18.5,4.3,0.234,-0.439,2.522,1.519,1.716,308.3,2026-03-15,True
GRID-0397,21.864441,80.177241,367.3,21.6,75.9,0.158,-0.19,2.387,1.889,1.68,310.5,2026-03-15,True
GRID-0398,21.864441,80.178418,391.7,27.7,209.2,0.187,-0.228,2.002,1.896,1.726,311.7,2026-03-15,True
GRID-0399,21.864441,80.179594,399.5,26.7,117.2,0.287,-0.227,2.381,2.008,1.661,306.0,2026-03-15,True
GRID-0400,21.864441,80.180771,390.4,28.6,220.6,0.22,-0.277,2.188,1.883,1.855,308.3,2026-03-15,True
GRID-0401,21.864441,80.181947,378.9,25.0,93.5,0.214,-0.335,2.106,1.666,2.123,312.3,2026-03-15,True
GRID-0402,21.864441,80.183124,354.8,17.7,197.5,0.25,-0.302,2.371,1.679,1.934,310.8,2026-03-15,True
GRID-0403,21.864441,80.1843,336.6,15.3,85.4,0.164,-0.292,2.781,2.077,1.738,311.7,2026-03-15,True
GRID-0404,21.864441,80.185476,319.1,12.3,169.7,0.265,-0.344,2.006,1.723,1.549,306.0,2026-03-15,True
GRID-0405,21.864441,80.186653,325.4,3.8,220.7,0.414,-0.062,0.986,0.987,1.308,302.1,2026-03-15,True
GRID-0406,21.864441,80.187829,331.8,1.0,131.7,0.728,-0.121,0.94,1.243,1.065,301.3,2026-03-15,True
GRID-0407,21.864441,80.189006,361.7,1.0,179.6,0.473,-0.093,1.277,0.933,1.312,305.3,2026-03-15,True
GRID-0408,21.864441,80.190182,379.6,1.0,75.8,0.392,-0.103,1.208,0.983,0.599,300.7,2026-03-15,True
GRID-0409,21.864441,80.191359,397.3,1.0,252.3,0.352,-0.284,1.296,0.915,1.186,305.5,2026-03-15,True
GRID-0410,21.864441,80.192535,397.0,4.1,134.0,0.491,-0.038,1.313,1.219,1.207,305.6,2026-03-15,True
GRID-0411,21.864441,80.193712,390.6,3.1,307.6,0.614,0.07,1.317,0.783,1.248,305.3,2026-03-15,True
GRID-0412,21.864441,80.194888,370.5,9.3,100.7,0.514,-0.025,0.954,1.362,0.977,300.3,2026-03-15,True
GRID-0413,21.864441,80.196065,342.4,14.8,64.8,0.502,0.026,1.109,1.087,1.21,303.9,2026-03-15,True
GRID-0414,21.864441,80.197241,327.7,17.7,47.2,0.465,-0.08,1.253,1.113,1.187,302.5,2026-03-15,True
GRID-0415,21.864441,80.198418,317.5,26.6,207.3,0.295,0.049,1.428,0.918,1.171,301.6,2026-03-15,True
GRID-0416,21.864441,80.199594,326.2,22.4,82.3,0.396,0.09,0.96,1.17,0.945,307.4,2026-03-15,True
GRID-0417,21.864441,80.200771,344.6,24.8,36.0,0.485,0.142,1.553,0.866,1.004,304.8,2026-03-15,True
GRID-0418,21.864441,80.201947,363.1,24.0,97.2,0.343,0.007,1.4,1.02,1.083,304.0,2026-03-15,True
GRID-0419,21.864441,80.203124,382.0,25.2,84.9,0.498,-0.044,1.311,1.211,0.993,302.7,2026-03-15,True
GRID-0420,21.864441,80.2043,398.8,21.5,155.6,0.599,-0.065,1.415,0.923,1.198,304.0,2026-03-15,True
GRID-0421,21.865618,80.1643,360.7,3.9,137.1,0.578,0.08,1.124,1.213,0.976,305.3,2026-03-15,True
GRID-0422,21.865618,80.165476,362.4,1.2,52.5,0.534,-0.221,1.235,1.148,1.041,303.4,2026-03-15,True
GRID-0423,21.865618,80.166653,350.7,1.0,345.3,0.458,0.061,1.347,1.07,1.155,302.5,2026-03-15,True
GRID-0424,21.865618,80.167829,349.1,1.0,53.8,0.379,-0.105,0.766,0.882,0.918,300.9,2026-03-15,True
GRID-0425,21.865618,80.169006,352.6,1.0,290.0,0.368,-0.138,1.064,0.765,0.996,304.4,2026-03-15,True
GRID-0426,21.865618,80.170182,358.3,1.0,63.6,0.235,-0.161,1.289,1.272,1.131,303.1,2026-03-15,True
GRID-0427,21.865618,80.171359,361.9,3.1,179.9,0.483,0.014,1.003,0.889,1.351,303.0,2026-03-15,True
GRID-0428,21.865618,80.172535,364.9,8.4,358.4,0.499,0.044,0.976,0.873,1.108,304.5,2026-03-15,True
GRID-0429,21.865618,80.173712,362.8,16.1,305.8,0.684,0.019,1.353,1.204,1.387,304.1,2026-03-15,True
GRID-0430,21.865618,80.174888,367.2,17.7,186.1,0.256,-0.267,2.108,1.985,1.496,308.4,2026-03-15,True
GRID-0431,21.865618,80.176065,361.4,25.6,259.4,0.248,-0.306,2.271,1.867,1.709,311.4,2026-03-15,True
GRID-0432,21.865618,80.177241,355.1,24.3,282.7,0.212,-0.225,2.082,1.944,1.679,311.4,2026-03-15,True
GRID-0433,21.865618,80.178418,354.9,24.9,108.0,0.168,-0.32,2.045,1.557,1.675,310.2,2026-03-15,True
GRID-0434,21.865618,80.179594,357.8,28.1,202.4,0.333,-0.225,2.236,2.103,1.288,310.8,2026-03-15,True
GRID-0435,21.865618,80.180771,352.7,22.9,204.4,0.176,-0.354,2.402,1.976,1.77,311.0,2026-03-15,True
GRID-0436,21.865618,80.181947,359.9,19.9,143.4,0.26,-0.182,2.62,1.857,1.65,307.1,2026-03-15,True
GRID-0437,21.865618,80.183124,357.3,14.3,248.6,0.257,-0.202,3.04,1.798,1.628,310.9,2026-03-15,True
GRID-0438,21.865618,80.1843,367.0,7.3,21.6,0.354,-0.182,1.047,1.274,1.052,301.4,2026-03-15,True
GRID-0439,21.865618,80.185476,365.1,5.6,293.0,0.602,0.205,1.134,1.158,0.984,302.2,2026-03-15,True
GRID-0440,21.865618,80.186653,366.5,1.4,171.6,0.433,0.082,1.228,1.198,1.122,303.4,2026-03-15,True
GRID-0441,21.865618,80.187829,362.1,2.8,226.8,0.467,-0.005,1.177,1.138,1.076,301.3,2026-03-15,True
GRID-0442,21.865618,80.189006,362.2,1.0,161.9,0.284,-0.173,0.94,1.374,0.862,306.5,2026-03-15,True
GRID-0443,21.865618,80.190182,352.0,1.0,120.5,0.432,0.136,0.908,1.059,0.985,300.6,2026-03-15,True
GRID-0444,21.865618,80.191359,355.0,1.2,129.9,0.517,-0.061,1.004,1.173,0.99,298.9,2026-03-15,True
GRID-0445,21.865618,80.192535,358.6,8.7,201.7,0.333,-0.294,2.206,1.67,1.921,310.0,2026-03-15,True
GRID-0446,21.865618,80.193712,355.7,6.2,335.5,0.376,-0.0,1.142,1.357,1.025,301.7,2026-03-15,True
GRID-0447,21.865618,80.194888,358.4,12.3,92.8,0.402,-0.038,0.993,1.211,1.067,301.8,2026-03-15,True
GRID-0448,21.865618,80.196065,359.3,22.1,7.1,0.479,-0.001,1.357,1.097,1.072,301.4,2026-03-15,True
GRID-0449,21.865618,80.197241,366.8,24.4,43.6,0.465,-0.12,1.147,1.027,1.176,302.2,2026-03-15,True
GRID-0450,21.865618,80.198418,367.6,23.0,312.3,0.507,0.059,1.129,1.261,1.025,304.8,2026-03-15,True
GRID-0451,21.865618,80.199594,363.3,26.7,346.7,0.475,-0.023,1.381,1.241,1.037,305.7,2026-03-15,True
GRID-0452,21.865618,80.200771,365.6,27.3,71.6,0.622,-0.074,0.984,1.059,1.017,305.5,2026-03-15,True
GRID-0453,21.865618,80.201947,357.7,22.1,207.3,0.224,-0.206,1.296,1.335,1.018,303.6,2026-03-15,True
GRID-0454,21.865618,80.203124,352.1,17.2,233.7,0.364,-0.2,1.202,0.733,0.993,301.4,2026-03-15,True
GRID-0455,21.865618,80.2043,351.7,14.9,62.8,0.439,-0.161,1.439,1.045,0.961,300.4,2026-03-15,True
GRID-0456,21.866794,80.1643,348.3,1.0,280.9,0.421,-0.209,1.526,0.996,0.609,303.1,2026-03-15,True
GRID-0457,21.866794,80.165476,327.4,1.0,127.8,0.473,0.052,1.192,1.044,0.832,306.6,2026-03-15,True
GRID-0458,21.866794,80.166653,312.1,1.0,242.3,0.549,-0.132,1.3,1.324,0.977,303.7,2026-03-15,True
GRID-0459,21.866794,80.167829,316.9,1.0,175.5,0.584,0.035,1.095,1.243,1.142,302.3,2026-03-15,True
GRID-0460,21.866794,80.169006,337.2,1.0,265.1,0.56,-0.095,0.589,1.058,0.98,305.2,2026-03-15,True
GRID-0461,21.866794,80.170182,358.7,1.7,320.3,0.402,-0.043,1.172,0.984,1.078,302.5,2026-03-15,True
GRID-0462,21.866794,80.171359,384.1,12.6,137.2,0.581,-0.248,1.128,0.81,1.202,301.6,2026-03-15,True
GRID-0463,21.866794,80.172535,405.1,14.8,103.1,0.24,0.155,1.199,1.103,0.909,301.1,2026-03-15,True
GRID-0464,21.866794,80.173712,408.8,18.5,227.4,0.062,-0.347,2.474,1.873,1.678,312.4,2026-03-15,True
GRID-0465,21.866794,80.174888,398.5,21.1,52.1,0.151,-0.139,1.855,1.875,1.127,314.1,2026-03-15,True
GRID-0466,21.866794,80.176065,374.0,26.5,60.3,0.177,-0.308,1.762,1.702,1.597,313.7,2026-03-15,True
GRID-0467,21.866794,80.177241,342.7,26.3,290.8,0.176,-0.276,2.435,1.566,1.499,309.6,2026-03-15,True
GRID-0468,21.866794,80.178418,320.4,24.9,121.5,0.257,-0.369,1.982,1.972,1.589,308.8,2026-03-15,True
GRID-0469,21.866794,80.179594,310.7,23.5,227.3,0.242,-0.289,2.439,1.764,1.784,308.1,2026-03-15,True
GRID-0470,21.866794,80.180771,320.0,18.0,205.8,0.197,-0.346,2.245,1.839,1.613,306.5,2026-03-15,True
GRID-0471,21.866794,80.181947,342.5,14.0,305.6,0.336,-0.267,2.218,1.823,1.847,310.1,2026-03-15,True
GRID-0472,21.866794,80.183124,362.8,6.8,25.7,0.588,-0.008,0.845,0.981,0.736,302.5,2026-03-15,True
GRID-0473,21.866794,80.1843,395.3,2.6,58.3,0.399,-0.048,1.036,0.81,1.166,305.0,2026-03-15,True
GRID-0474,21.866794,80.185476,411.1,1.0,82.2,0.463,-0.042,1.277,0.964,1.303,302.2,2026-03-15,True
GRID-0475,21.866794,80.186653,409.8,1.0,114.1,0.573,-0.015,1.352,1.153,1.017,301.1,2026-03-15,True
GRID-0476,21.866794,80.187829,387.0,1.0,104.9,0.483,-0.001,1.381,1.346,0.783,303.6,2026-03-15,True
GRID-0477,21.866794,80.189006,366.6,1.0,96.3,0.579,-0.036,1.003,0.948,1.097,299.8,2026-03-15,True
GRID-0478,21.866794,80.190182,332.9,1.9,232.1,0.36,-0.091,1.13,1.118,1.21,302.0,2026-03-15,True
GRID-0479,21.866794,80.191359,317.6,6.1,97.6,0.295,-0.056,0.904,1.099,1.18,300.6,2026-03-15,True
GRID-0480,21.866794,80.192535,309.7,4.6,160.2,0.513,-0.154,1.479,1.047,0.929,300.7,2026-03-15,True
GRID-0481,21.866794,80.193712,327.6,18.4,310.6,0.135,-0.354,2.102,2.063,1.714,314.4,2026-03-15,True
GRID-0482,21.866794,80.194888,342.6,24.3,130.7,0.268,-0.168,2.107,2.166,1.595,314.0,2026-03-15,True
GRID-0483,21.866794,80.196065,373.3,22.0,211.3,0.398,0.058,1.184,0.905,1.086,301.9,2026-03-15,True
GRID-0484,21.866794,80.197241,393.0,29.0,347.6,0.567,-0.126,1.237,1.104,1.214,302.1,2026-03-15,True
GRID-0485,21.866794,80.198418,405.2,24.1,149.0,0.608,0.027,1.316,1.159,1.164,304.7,2026-03-15,True
GRID-0486,21.866794,80.199594,396.3,25.3,66.2,0.532,-0.006,1.393,0.925,1.064,303.7,2026-03-15,True
GRID-0487,21.866794,80.200771,384.0,23.5,8.3,0.335,0.088,0.907,1.176,1.093,304.1,2026-03-15,True
GRID-0488,21.866794,80.201947,350.3,17.3,262.0,0.382,0.063,1.087,1.015,1.094,305.1,2026-03-15,True
GRID-0489,21.866794,80.203124,330.4,14.0,238.3,0.599,-0.018,1.387,1.059,0.941,301.6,2026-03-15,True
GRID-0490,21.866794,80.2043,311.9,7.2,338.6,0.552,-0.172,1.604,1.101,1.074,305.2,2026-03-15,True
GRID-0491,21.867971,80.1643,347.6,2.0,252.3,0.362,-0.079,1.137,1.256,0.675,298.9,2026-03-15,True
GRID-0492,21.867971,80.165476,311.4,1.0,28.8,0.27,-0.177,1.002,1.098,1.171,302.3,2026-03-15,True
GRID-0493,21.867971,80.166653,286.8,1.0,60.1,0.341,-0.036,1.378,1.172,1.154,302.4,2026-03-15,True
GRID-0494,21.867971,80.167829,292.8,1.0,37.1,0.398,-0.085,1.066,1.228,1.134,302.3,2026-03-15,True
GRID-0495,21.867971,80.169006,317.9,4.1,23.0,0.61,-0.086,1.345,1.026,1.1,303.2,2026-03-15,True
GRID-0496,21.867971,80.170182,351.3,7.0,316.3,0.396,0.029,1.133,0.941,1.248,303.4,2026-03-15,True
GRID-0497,21.867971,80.171359,398.2,16.8,197.4,0.284,-0.169,0.748,1.071,0.888,303.0,2026-03-15,True
GRID-0498,21.867971,80.172535,425.9,20.6,9.5,0.47,-0.092,1.157,1.051,1.002,301.3,2026-03-15,True
GRID-0499,21.867971,80.173712,438.0,21.8,142.9,0.166,-0.22,2.154,1.936,1.707,311.8,2026-03-15,True
GRID-0500,21.867971,80.174888,417.4,25.0,275.4,0.218,-0.209,2.148,1.81,1.428,312.7,2026-03-15,True
GRID-0501,21.867971,80.176065,378.4,29.1,30.0,0.084,-0.381,2.726,1.787,1.774,310.7,2026-03-15,True
GRID-0502,21.867971,80.177241,332.6,30.3,94.5,0.16,-0.322,2.399,2.043,1.645,311.1,2026-03-15,True
GRID-0503,21.867971,80.178418,298.0,25.1,55.9,0.323,-0.297,2.428,1.851,1.321,317.3,2026-03-15,True
GRID-0504,21.867971,80.179594,286.4,19.4,235.7,0.374,-0.447,2.362,1.446,1.835,309.8,2026-03-15,True
GRID-0505,21.867971,80.180771,294.0,16.7,318.8,0.23,-0.244,2.776,1.927,2.036,311.3,2026-03-15,True
GRID-0506,21.867971,80.181947,330.0,8.8,111.4,0.182,-0.273,2.455,1.604,1.599,309.7,2026-03-15,True
GRID-0507,21.867971,80.183124,373.0,2.9,89.1,0.383,-0.01,0.854,0.896,1.199,302.4,2026-03-15,True
GRID-0508,21.867971,80.1843,412.1,1.0,102.3,0.435,0.263,1.753,1.385,1.003,300.8,2026-03-15,True
GRID-0509,21.867971,80.185476,432.9,1.0,225.5,0.383,0.094,1.2,0.839,1.124,300.1,2026-03-15,True
GRID-0510,21.867971,80.186653,432.0,1.0,47.3,0.627,-0.054,0.769,0.974,0.945,305.6,2026-03-15,True
GRID-0511,21.867971,80.187829,405.4,1.0,301.9,0.514,-0.024,1.055,0.981,0.777,304.6,2026-03-15,True
GRID-0512,21.867971,80.189006,366.2,4.6,10.3,0.389,0.022,1.235,1.249,1.001,302.8,2026-03-15,True
GRID-0513,21.867971,80.190182,325.2,5.3,238.9,0.543,0.078,1.041,1.261,0.919,302.2,2026-03-15,True
GRID-0514,21.867971,80.191359,295.9,10.4,309.7,0.136,-0.143,2.463,1.683,1.689,305.5,2026-03-15,True
GRID-0515,21.867971,80.192535,283.7,13.0,117.1,0.398,-0.39,2.419,2.235,1.768,307.2,2026-03-15,True
GRID-0516,21.867971,80.193712,299.8,20.0,171.4,0.146,-0.371,1.993,1.7,1.762,309.5,2026-03-15,True
GRID-0517,21.867971,80.194888,338.6,25.7,351.0,0.268,-0.166,2.025,1.706,1.755,311.7,2026-03-15,True
GRID-0518,21.867971,80.196065,383.8,27.4,194.6,0.569,-0.029,1.147,1.059,0.784,304.6,2026-03-15,True
GRID-0519,21.867971,80.197241,411.0,26.9,98.1,0.503,-0.093,1.029,1.325,1.142,303.8,2026-03-15,True
GRID-0520,21.867971,80.198418,432.7,25.7,160.1,0.586,-0.199,1.084,1.44,1.27,304.7,2026-03-15,True
GRID-0521,21.867971,80.199594,426.7,25.6,349.0,0.299,-0.127,1.264,1.099,1.085,303.7,2026-03-15,True
GRID-0522,21.867971,80.200771,398.0,17.8,251.1,0.591,0.015,1.192,0.86,1.269,303.8,2026-03-15,True
GRID-0523,21.867971,80.201947,356.0,12.3,63.7,0.361,-0.103,1.017,1.259,1.199,306.4,2026-03-15,True
GRID-0524,21.867971,80.203124,312.3,10.2,215.1,0.282,0.023,0.968,1.198,0.837,305.9,2026-03-15,True
GRID-0525,21.867971,80.2043,286.5,2.7,227.2,0.649,-0.085,1.542,1.071,1.04,301.7,2026-03-15,True
GRID-0526,21.869147,80.1643,351.6,1.0,228.9,0.487,0.047,1.171,0.902,1.078,304.7,2026-03-15,True
GRID-0527,21.869147,80.165476,310.2,1.0,203.0,0.245,0.066,1.185,1.191,0.883,304.3,2026-03-15,True
GRID-0528,21.869147,80.166653,284.8,2.0,188.4,0.537,-0.208,1.054,0.994,0.923,301.5,2026-03-15,True
GRID-0529,21.869147,80.167829,287.8,1.3,230.2,0.411,-0.16,1.068,0.768,1.141,300.4,2026-03-15,True
GRID-0530,21.869147,80.169006,312.1,5.4,111.5,0.491,-0.128,1.588,0.742,0.982,303.4,2026-03-15,True
GRID-0531,21.869147,80.170182,352.9,16.9,125.0,0.519,-0.062,0.976,0.747,0.855,304.5,2026-03-15,True
GRID-0532,21.869147,80.171359,400.4,17.6,194.3,0.549,0.139,1.102,1.042,1.333,304.7,2026-03-15,True
GRID-0533,21.869147,80.172535,429.3,21.0,289.7,0.207,-0.444,2.3,1.838,1.633,313.7,2026-03-15,True
GRID-0534,21.869147,80.173712,436.5,23.0,159.1,0.273,-0.198,2.37,1.679,1.751,310.1,2026-03-15,True
GRID-0535,21.869147,80.174888,416.8,25.7,131.7,0.17,-0.372,2.069,1.847,1.612,310.2,2026-03-15,True
GRID-0536,21.869147,80.176065,378.6,24.0,93.5,0.177,-0.284,2.458,2.204,1.823,314.4,2026-03-15,True
GRID-0537,21.869147,80.177241,331.6,25.4,109.3,0.354,-0.142,1.888,2.187,1.573,310.2,2026-03-15,True
GRID-0538,21.869147,80.178418,296.5,20.2,0.0,0.189,-0.369,2.205,1.77,1.352,311.9,2026-03-15,True
GRID-0539,21.869147,80.179594,285.8,16.4,293.5,0.268,-0.327,2.336,1.679,1.687,310.8,2026-03-15,True
GRID-0540,21.869147,80.180771,292.5,13.0,305.3,0.23,-0.292,2.463,1.972,1.341,310.1,2026-03-15,True
GRID-0541,21.869147,80.181947,320.9,2.5,123.8,0.44,0.128,1.186,1.267,0.961,302.4,2026-03-15,True
GRID-0542,21.869147,80.183124,369.4,1.0,168.9,0.477,-0.006,0.931,1.186,0.952,306.9,2026-03-15,True
GRID-0543,21.869147,80.1843,406.7,1.0,3.0,0.644,-0.126,1.374,1.004,1.14,303.5,2026-03-15,True
GRID-0544,21.869147,80.185476,435.8,1.0,332.0,0.389,-0.034,1.354,1.125,1.127,302.0,2026-03-15,True
GRID-0545,21.869147,80.186653,429.7,1.0,340.9,0.386,0.022,1.254,1.165,0.86,304.0,2026-03-15,True
GRID-0546,21.869147,80.187829,410.2,3.3,171.7,0.646,0.226,1.308,1.038,1.067,303.9,2026-03-15,True
GRID-0547,21.869147,80.189006,367.3,6.0,3.3,0.515,-0.082,1.205,1.275,1.201,300.0,2026-03-15,True
GRID-0548,21.869147,80.190182,324.1,10.0,155.0,0.124,-0.256,2.066,1.624,1.769,312.6,2026-03-15,True
GRID-0549,21.869147,80.191359,292.6,14.0,105.5,0.186,-0.239,1.938,1.967,1.866,314.5,2026-03-15,True
GRID-0550,21.869147,80.192535,284.3,19.0,83.2,0.269,-0.312,2.51,1.702,1.416,309.7,2026-03-15,True
GRID-0551,21.869147,80.193712,299.4,22.8,2.6,0.285,-0.243,2.601,2.182,1.973,306.9,2026-03-15,True
GRID-0552,21.869147,80.194888,338.5,30.5,134.5,0.059,-0.229,2.141,2.153,1.66,313.7,2026-03-15,True
GRID-0553,21.869147,80.196065,383.8,29.5,148.2,0.249,-0.171,1.833,1.573,1.687,312.1,2026-03-15,True
GRID-0554,21.869147,80.197241,417.1,26.3,201.8,0.446,-0.115,1.32,0.819,1.043,304.0,2026-03-15,True
GRID-0555,21.869147,80.198418,433.6,23.9,142.1,0.329,-0.022,1.312,1.263,0.881,302.4,2026-03-15,True
GRID-0556,21.869147,80.199594,436.2,19.9,58.8,0.536,-0.058,1.212,1.074,0.867,302.8,2026-03-15,True
GRID-0557,21.869147,80.200771,395.6,14.4,265.4,0.466,0.079,0.852,1.226,0.923,306.6,2026-03-15,True
GRID-0558,21.869147,80.201947,346.1,8.7,140.3,0.492,-0.031,1.255,0.874,1.17,301.2,2026-03-15,True
GRID-0559,21.869147,80.203124,311.3,5.5,136.2,0.502,-0.045,1.225,1.023,0.985,304.8,2026-03-15,True
GRID-0560,21.869147,80.2043,284.3,1.0,94.7,0.481,0.015,1.272,1.028,1.168,301.0,2026-03-15,True
GRID-0561,21.870324,80.1643,353.0,1.0,152.0,0.604,-0.107,0.956,0.971,0.968,300.5,2026-03-15,True
GRID-0562,21.870324,80.165476,325.2,1.0,86.2,0.547,0.008,1.102,1.076,1.196,300.6,2026-03-15,True
GRID-0563,21.870324,80.166653,317.5,5.8,275.2,0.43,-0.069,1.303,0.925,1.192,299.6,2026-03-15,True
GRID-0564,21.870324,80.167829,306.3,9.4,327.6,0.474,-0.091,1.401,1.203,1.148,303.6,2026-03-15,True
GRID-0565,21.870324,80.169006,330.5,13.8,290.7,0.479,-0.039,1.442,1.068,0.903,302.8,2026-03-15,True
GRID-0566,21.870324,80.170182,360.7,20.4,246.5,0.695,-0.079,0.914,1.33,0.639,302.6,2026-03-15,True
GRID-0567,21.870324,80.171359,386.5,23.8,102.5,0.537,-0.146,1.2,1.08,1.246,304.5,2026-03-15,True
GRID-0568,21.870324,80.172535,409.1,24.8,267.5,0.205,-0.474,2.448,1.818,1.61,309.2,2026-03-15,True
GRID-0569,21.870324,80.173712,414.6,26.9,291.2,0.147,-0.104,1.929,2.043,1.596,307.9,2026-03-15,True
GRID-0570,21.870324,80.174888,402.3,24.7,148.6,0.251,-0.248,2.284,1.67,1.427,313.4,2026-03-15,True
GRID-0571,21.870324,80.176065,373.5,28.2,307.3,0.183,-0.238,2.317,1.963,1.405,310.3,2026-03-15,True
GRID-0572,21.870324,80.177241,343.5,18.2,65.7,0.259,-0.416,2.28,1.874,1.438,311.0,2026-03-15,True
GRID-0573,21.870324,80.178418,323.4,16.3,104.3,0.303,-0.347,2.419,1.671,1.968,309.3,2026-03-15,True
GRID-0574,21.870324,80.179594,311.0,13.3,229.3,0.09,-0.278,1.934,1.649,1.624,313.5,2026-03-15,True
GRID-0575,21.870324,80.180771,309.8,5.0,222.4,0.632,-0.11,1.084,1.346,0.965,304.5,2026-03-15,True
GRID-0576,21.870324,80.181947,337.2,1.0,98.0,0.411,0.097,1.042,1.148,0.984,304.1,2026-03-15,True
GRID-0577,21.870324,80.183124,368.6,1.0,224.2,0.544,-0.053,1.163,1.063,1.101,301.4,2026-03-15,True
GRID-0578,21.870324,80.1843,397.0,1.0,67.6,0.397,-0.007,0.912,0.78,1.095,301.4,2026-03-15,True
GRID-0579,21.870324,80.185476,411.4,1.0,7.0,0.482,0.032,1.55,1.243,1.252,303.2,2026-03-15,True
GRID-0580,21.870324,80.186653,414.6,1.0,17.9,0.528,0.004,0.921,0.8,1.3,306.0,2026-03-15,True
GRID-0581,21.870324,80.187829,387.5,3.9,192.6,0.36,-0.171,1.153,1.211,0.946,305.3,2026-03-15,True
GRID-0582,21.870324,80.189006,361.6,8.5,66.9,0.125,-0.285,2.409,1.71,1.343,311.7,2026-03-15,True
GRID-0583,21.870324,80.190182,333.3,15.7,36.8,0.294,-0.218,1.847,1.541,2.056,308.9,2026-03-15,True
GRID-0584,21.870324,80.191359,312.1,19.7,96.9,0.21,-0.217,2.579,1.931,1.745,311.3,2026-03-15,True
GRID-0585,21.870324,80.192535,307.6,22.2,257.5,0.225,-0.472,2.222,1.634,1.643,309.9,2026-03-15,True
GRID-0586,21.870324,80.193712,316.3,27.2,261.8,0.255,-0.298,2.409,1.765,1.749,314.3,2026-03-15,True
GRID-0587,21.870324,80.194888,343.5,29.9,83.8,0.154,-0.217,2.194,1.681,1.587,306.5,2026-03-15,True
GRID-0588,21.870324,80.196065,380.5,24.0,54.2,0.185,-0.252,2.459,1.855,1.699,310.8,2026-03-15,True
GRID-0589,21.870324,80.197241,397.1,21.2,177.7,0.481,-0.128,1.092,0.987,1.238,302.0,2026-03-15,True
GRID-0590,21.870324,80.198418,411.2,18.4,123.1,0.499,-0.065,0.985,0.978,1.165,303.0,2026-03-15,True
GRID-0591,21.870324,80.199594,406.1,13.5,112.2,0.467,-0.201,1.303,1.166,0.814,304.3,2026-03-15,True
GRID-0592,21.870324,80.200771,386.4,7.4,287.8,0.551,0.065,1.177,0.783,1.196,306.0,2026-03-15,True
GRID-0593,21.870324,80.201947,350.3,5.6,359.3,0.444,0.036,1.496,0.876,1.024,298.2,2026-03-15,True
GRID-0594,21.870324,80.203124,331.3,1.0,166.9,0.248,-0.088,1.383,1.091,1.124,304.7,2026-03-15,True
GRID-0595,21.870324,80.2043,310.0,1.0,284.9,0.328,0.012,1.212,0.977,0.914,305.2,2026-03-15,True
GRID-0596,21.8715,80.1643,364.9,1.0,118.9,0.388,-0.159,1.353,1.225,0.963,301.9,2026-03-15,True
GRID-0597,21.8715,80.165476,353.5,6.4,303.7,0.61,-0.123,1.421,0.858,0.932,302.9,2026-03-15,True
GRID-0598,21.8715,80.166653,344.5,10.8,342.6,0.672,-0.079,0.817,0.854,1.208,302.9,2026-03-15,True
GRID-0599,21.8715,80.167829,352.6,14.4,20.2,0.503,-0.059,1.125,1.027,0.815,302.1,2026-03-15,True
GRID-0600,21.8715,80.169006,350.5,17.0,279.2,0.437,-0.135,1.324,1.232,1.001,304.9,2026-03-15,True
GRID-0601,21.8715,80.170182,359.4,23.8,25.7,0.38,0.063,1.272,1.054,0.875,301.5,2026-03-15,True
GRID-0602,21.8715,80.171359,364.2,23.6,169.3,0.546,-0.103,0.957,0.985,1.303,305.2,2026-03-15,True
GRID-0603,21.8715,80.172535,369.1,29.7,69.2,0.262,-0.279,2.803,2.056,1.667,305.9,2026-03-15,True
GRID-0604,21.8715,80.173712,368.6,24.4,303.0,0.246,-0.215,2.081,2.209,1.852,305.8,2026-03-15,True
GRID-0605,21.8715,80.174888,370.2,25.7,294.2,0.102,-0.174,1.69,2.003,1.394,308.0,2026-03-15,True
GRID-0606,21.8715,80.176065,360.6,21.8,298.2,0.241,-0.298,2.174,1.814,1.614,310.8,2026-03-15,True
GRID-0607,21.8715,80.177241,355.1,15.7,43.9,0.209,-0.261,2.328,2.23,1.581,312.9,2026-03-15,True
GRID-0608,21.8715,80.178418,348.2,9.9,276.5,0.176,-0.266,1.623,1.796,1.843,309.2,2026-03-15,True
GRID-0609,21.8715,80.179594,346.8,6.6,89.6,0.395,-0.034,0.991,1.144,1.096,301.1,2026-03-15,True
GRID-0610,21.8715,80.180771,352.3,1.0,277.6,0.494,0.046,1.132,1.062,1.217,304.1,2026-03-15,True
GRID-0611,21.8715,80.181947,356.9,1.0,159.5,0.459,-0.005,1.404,1.047,0.791,299.8,2026-03-15,True
GRID-0612,21.8715,80.183124,358.7,1.0,265.5,0.533,0.001,1.357,1.351,1.019,306.1,2026-03-15,True
GRID-0613,21.8715,80.1843,365.1,1.0,12.1,0.483,-0.135,1.132,1.111,1.426,300.7,2026-03-15,True
GRID-0614,21.8715,80.185476,374.1,1.0,165.9,0.541,-0.113,1.333,0.998,0.86,303.9,2026-03-15,True
GRID-0615,21.8715,80.186653,371.6,5.7,277.6,0.235,0.021,1.146,1.203,0.912,303.3,2026-03-15,True
GRID-0616,21.8715,80.187829,364.7,6.6,187.6,0.466,-0.086,0.793,1.108,1.297,303.0,2026-03-15,True
GRID-0617,21.8715,80.189006,367.3,16.3,353.6,0.157,-0.219,2.017,1.856,1.71,308.5,2026-03-15,True
GRID-0618,21.8715,80.190182,350.2,19.9,170.2,0.182,-0.19,2.229,1.85,1.512,311.6,2026-03-15,True
GRID-0619,21.8715,80.191359,347.6,19.8,245.3,0.177,-0.327,2.021,1.881,1.536,310.3,2026-03-15,True
GRID-0620,21.8715,80.192535,351.7,26.2,112.4,0.274,-0.221,2.265,1.805,1.56,315.6,2026-03-15,True
GRID-0621,21.8715,80.193712,353.7,26.0,116.3,0.269,-0.341,2.024,2.041,1.503,311.4,2026-03-15,True
GRID-0622,21.8715,80.194888,353.9,27.5,226.5,0.226,-0.312,1.942,1.905,1.614,309.5,2026-03-15,True
GRID-0623,21.8715,80.196065,363.8,21.1,15.2,0.16,-0.206,1.998,1.778,1.578,309.7,2026-03-15,True
GRID-0624,21.8715,80.197241,367.7,16.3,337.5,0.603,-0.059,1.614,1.464,0.933,306.2,2026-03-15,True
GRID-0625,21.8715,80.198418,371.7,14.1,187.5,0.5,-0.171,0.7,0.968,1.053,301.5,2026-03-15,True
GRID-0626,21.8715,80.199594,371.0,5.9,91.2,0.514,-0.252,1.227,1.286,1.108,301.4,2026-03-15,True
GRID-0627,21.8715,80.200771,371.0,2.6,229.9,0.532,-0.04,1.453,1.008,1.008,303.8,2026-03-15,True
GRID-0628,21.8715,80.201947,356.3,1.0,71.5,0.584,-0.041,1.023,1.02,1.016,304.0,2026-03-15,True
GRID-0629,21.8715,80.203124,353.5,1.0,319.5,0.373,-0.254,1.203,1.12,1.164,303.4,2026-03-15,True
GRID-0630,21.8715,80.2043,350.8,1.0,310.9,0.452,-0.042,1.206,1.232,0.981,300.6,2026-03-15,True
GRID-0631,21.872676,80.1643,364.4,3.6,78.4,0.572,-0.134,1.527,1.055,1.08,305.8,2026-03-15,True
GRID-0632,21.872676,80.165476,388.7,8.5,40.7,0.488,0.093,1.092,1.344,1.169,305.6,2026-03-15,True
GRID-0633,21.872676,80.166653,393.0,14.3,227.8,0.386,-0.186,1.315,1.104,0.841,304.0,2026-03-15,True
GRID-0634,21.872676,80.167829,389.6,19.2,116.8,0.352,-0.128,1.566,1.314,0.774,300.7,2026-03-15,True
GRID-0635,21.872676,80.169006,376.2,23.0,60.2,0.453,-0.014,1.341,1.243,0.979,302.8,2026-03-15,True
GRID-0636,21.872676,80.170182,364.5,26.7,99.4,0.411,-0.014,1.125,0.822,1.275,299.2,2026-03-15,True
GRID-0637,21.872676,80.171359,342.3,27.2,43.1,0.562,0.002,1.23,1.552,0.955,301.6,2026-03-15,True
GRID-0638,21.872676,80.172535,330.9,25.9,284.1,0.203,-0.196,2.469,2.242,1.677,314.0,2026-03-15,True
GRID-0639,21.872676,80.173712,322.6,22.9,3.2,0.252,-0.226,2.419,1.824,1.478,309.7,2026-03-15,True
GRID-0640,21.872676,80.174888,333.8,18.7,15.1,0.131,-0.314,1.976,1.751,1.663,310.7,2026-03-15,True
GRID-0641,21.872676,80.176065,354.5,14.3,282.1,0.253,-0.307,1.939,1.808,1.548,303.7,2026-03-15,True
GRID-0642,21.872676,80.177241,382.4,10.0,171.1,0.214,-0.253,2.272,1.542,1.386,312.3,2026-03-15,True
GRID-0643,21.872676,80.178418,388.5,2.3,214.6,0.354,0.033,0.699,1.085,0.97,299.8,2026-03-15,True
GRID-0644,21.872676,80.179594,396.9,1.0,133.7,0.649,0.142,1.227,1.24,0.999,303.5,2026-03-15,True
GRID-0645,21.872676,80.180771,392.1,1.0,32.2,0.311,-0.189,1.309,1.166,0.971,307.8,2026-03-15,True
GRID-0646,21.872676,80.181947,376.6,1.0,56.8,0.488,-0.004,1.453,0.988,1.137,302.3,2026-03-15,True
GRID-0647,21.872676,80.183124,352.7,1.0,32.9,0.355,-0.036,1.043,1.1,0.817,302.7,2026-03-15,True
GRID-0648,21.872676,80.1843,337.5,1.0,222.7,0.49,0.052,1.704,1.119,0.993,302.9,2026-03-15,True
GRID-0649,21.872676,80.185476,328.2,5.4,335.1,0.504,-0.149,1.142,1.117,1.29,302.4,2026-03-15,True
GRID-0650,21.872676,80.186653,320.4,9.8,358.9,0.279,-0.193,2.578,1.582,1.677,313.7,2026-03-15,True
GRID-0651,21.872676,80.187829,332.8,15.8,225.0,0.229,-0.222,1.874,1.65,1.798,308.2,2026-03-15,True
GRID-0652,21.872676,80.189006,361.9,21.1,21.5,0.201,-0.329,2.472,1.634,1.861,312.1,2026-03-15,True
GRID-0653,21.872676,80.190182,379.0,22.0,232.0,0.246,-0.254,2.764,2.213,1.759,306.6,2026-03-15,True
GRID-0654,21.872676,80.191359,391.7,26.4,252.5,0.154,-0.206,2.106,1.788,1.221,314.8,2026-03-15,True
GRID-0655,21.872676,80.192535,392.0,27.4,284.9,0.218,-0.185,2.525,1.746,1.772,307.3,2026-03-15,True
GRID-0656,21.872676,80.193712,383.3,26.5,45.3,0.164,-0.39,2.274,1.839,1.754,309.2,2026-03-15,True
GRID-0657,21.872676,80.194888,368.3,22.5,83.8,0.233,-0.315,2.567,2.004,1.746,308.4,2026-03-15,True
GRID-0658,21.872676,80.196065,345.6,17.6,353.4,0.208,-0.312,2.239,1.619,1.681,313.4,2026-03-15,True
GRID-0659,21.872676,80.197241,325.1,13.2,283.9,0.345,-0.172,0.73,1.136,1.164,299.6,2026-03-15,True
GRID-0660,21.872676,80.198418,325.2,8.0,272.4,0.593,-0.023,1.144,1.045,0.904,300.6,2026-03-15,True
GRID-0661,21.872676,80.199594,327.2,2.1,290.0,0.651,0.095,1.481,1.207,1.031,302.5,2026-03-15,True
GRID-0662,21.872676,80.200771,342.7,1.0,157.9,0.567,0.019,1.009,1.36,0.899,302.4,2026-03-15,True
GRID-0663,21.872676,80.201947,369.4,1.0,69.5,0.515,-0.223,1.184,1.027,1.194,305.5,2026-03-15,True
GRID-0664,21.872676,80.203124,384.1,1.0,248.1,0.495,-0.083,1.13,0.905,1.024,302.1,2026-03-15,True
GRID-0665,21.872676,80.2043,388.9,1.0,128.9,0.485,-0.051,0.815,1.105,0.78,303.8,2026-03-15,True
GRID-0666,21.873853,80.1643,372.2,10.6,48.5,0.492,-0.133,0.878,1.091,1.352,302.8,2026-03-15,True
GRID-0667,21.873853,80.165476,404.8,11.4,323.5,0.471,-0.107,1.374,1.188,0.85,299.8,2026-03-15,True
GRID-0668,21.873853,80.166653,422.6,16.3,174.7,0.441,0.025,1.188,1.031,0.906,303.7,2026-03-15,True
GRID-0669,21.873853,80.167829,428.3,22.6,157.5,0.489,-0.175,1.521,1.152,0.977,302.4,2026-03-15,True
GRID-0670,21.873853,80.169006,403.0,27.1,106.1,0.312,0.071,1.118,1.51,1.024,304.2,2026-03-15,True
GRID-0671,21.873853,80.170182,364.9,26.1,250.9,0.333,-0.3,1.279,1.343,1.08,303.8,2026-03-15,True
GRID-0672,21.873853,80.171359,322.2,26.1,68.3,0.413,0.028,1.038,0.968,0.935,304.1,2026-03-15,True
GRID-0673,21.873853,80.172535,294.3,21.6,67.2,0.16,-0.201,2.345,2.061,1.837,306.1,2026-03-15,True
GRID-0674,21.873853,80.173712,290.9,20.8,125.2,0.259,-0.357,1.73,2.269,1.889,310.3,2026-03-15,True
GRID-0675,21.873853,80.174888,310.5,12.7,263.7,0.24,-0.42,2.205,2.032,1.381,308.1,2026-03-15,True
GRID-0676,21.873853,80.176065,340.7,10.7,99.1,0.188,-0.18,2.075,1.875,1.526,307.6,2026-03-15,True
GRID-0677,21.873853,80.177241,384.5,4.7,299.3,0.406,-0.065,1.085,0.917,0.878,304.2,2026-03-15,True
GRID-0678,21.873853,80.178418,413.9,1.0,329.2,0.341,-0.078,1.183,1.172,1.147,305.5,2026-03-15,True
GRID-0679,21.873853,80.179594,425.0,1.0,199.6,0.484,0.101,1.166,1.015,1.289,303.0,2026-03-15,True
GRID-0680,21.873853,80.180771,421.3,1.0,24.8,0.54,-0.012,1.087,1.161,1.114,300.3,2026-03-15,True
GRID-0681,21.873853,80.181947,388.3,1.0,55.8,0.565,-0.008,0.808,1.144,1.033,301.7,2026-03-15,True
GRID-0682,21.873853,80.183124,349.1,1.0,106.4,0.392,-0.031,1.316,0.755,1.074,303.7,2026-03-15,True
GRID-0683,21.873853,80.1843,309.7,4.1,94.8,0.358,-0.157,1.231,1.113,1.032,300.2,2026-03-15,True
GRID-0684,21.873853,80.185476,295.0,9.3,132.2,0.258,-0.427,2.237,1.509,1.644,309.2,2026-03-15,True
GRID-0685,21.873853,80.186653,289.7,14.0,0.3,0.297,-0.284,2.025,1.926,1.68,311.3,2026-03-15,True
GRID-0686,21.873853,80.187829,315.9,17.5,229.7,0.228,-0.358,2.459,2.099,1.777,313.4,2026-03-15,True
GRID-0687,21.873853,80.189006,356.7,27.8,136.5,0.199,-0.171,1.961,2.023,1.749,311.5,2026-03-15,True
GRID-0688,21.873853,80.190182,391.2,26.0,66.8,0.279,-0.262,2.013,1.756,1.777,308.6,2026-03-15,True
GRID-0689,21.873853,80.191359,422.8,28.4,6.7,0.277,-0.249,1.757,1.873,1.616,311.7,2026-03-15,True
GRID-0690,21.873853,80.192535,427.1,25.9,308.5,0.128,-0.285,2.486,1.837,1.681,305.5,2026-03-15,True
GRID-0691,21.873853,80.193712,410.9,23.2,279.4,0.308,-0.331,2.442,1.65,1.717,306.6,2026-03-15,True
GRID-0692,21.873853,80.194888,379.5,16.6,86.0,0.16,-0.339,2.045,2.035,1.988,309.4,2026-03-15,True
GRID-0693,21.873853,80.196065,337.0,17.8,259.6,0.255,-0.201,2.117,1.772,1.941,308.2,2026-03-15,True
GRID-0694,21.873853,80.197241,304.2,6.6,237.0,0.444,-0.082,1.36,1.284,0.96,299.9,2026-03-15,True
GRID-0695,21.873853,80.198418,289.1,5.4,194.0,0.466,-0.106,1.025,1.114,0.854,300.6,2026-03-15,True
GRID-0696,21.873853,80.199594,302.0,1.7,139.5,0.299,-0.19,1.006,1.068,1.057,305.6,2026-03-15,True
GRID-0697,21.873853,80.200771,325.3,1.0,188.7,0.463,0.136,0.931,1.199,1.003,300.5,2026-03-15,True
GRID-0698,21.873853,80.201947,369.7,1.0,179.1,0.562,-0.07,1.871,0.938,0.956,302.1,2026-03-15,True
GRID-0699,21.873853,80.203124,407.5,1.0,198.5,0.449,-0.086,1.022,1.209,1.106,301.2,2026-03-15,True
GRID-0700,21.873853,80.2043,428.6,1.0,220.7,0.429,-0.251,1.046,0.907,1.109,300.6,2026-03-15,True
GRID-0701,21.875029,80.1643,370.5,13.4,116.1,0.393,0.068,1.151,1.043,0.829,305.1,2026-03-15,True
GRID-0702,21.875029,80.165476,414.9,19.8,230.7,0.368,-0.16,1.381,0.932,1.055,303.7,2026-03-15,True
GRID-0703,21.875029,80.166653,440.1,22.6,39.8,0.371,0.052,1.53,1.132,0.933,303.3,2026-03-15,True
GRID-0704,21.875029,80.167829,437.5,20.5,188.4,0.474,0.059,1.249,1.023,0.841,307.5,2026-03-15,True
GRID-0705,21.875029,80.169006,409.0,25.6,24.0,0.542,-0.021,1.046,1.244,0.9,303.4,2026-03-15,True
GRID-0706,21.875029,80.170182,360.1,25.6,300.7,0.603,-0.029,0.908,1.012,1.188,301.9,2026-03-15,True
GRID-0707,21.875029,80.171359,324.5,22.6,46.7,0.426,-0.04,0.973,1.204,1.119,303.9,2026-03-15,True
GRID-0708,21.875029,80.172535,288.9,20.8,314.5,0.433,-0.075,1.099,1.179,1.053,302.8,2026-03-15,True
GRID-0709,21.875029,80.173712,276.5,13.7,72.7,0.363,-0.37,2.266,1.58,1.538,309.5,2026-03-15,True
GRID-0710,21.875029,80.174888,297.6,9.5,174.7,0.283,-0.273,2.046,1.801,1.521,308.0,2026-03-15,True
GRID-0711,21.875029,80.176065,341.9,2.8,35.6,0.297,-0.183,0.887,1.1,1.336,304.5,2026-03-15,True
GRID-0712,21.875029,80.177241,383.8,1.8,205.6,0.361,0.052,1.033,1.121,1.312,304.4,2026-03-15,True
GRID-0713,21.875029,80.178418,418.9,1.0,301.1,0.445,-0.043,1.215,1.114,1.1,303.5,2026-03-15,True
GRID-0714,21.875029,80.179594,441.9,1.0,236.9,0.488,-0.178,1.458,0.927,1.164,304.1,2026-03-15,True
GRID-0715,21.875029,80.180771,426.4,1.0,189.3,0.498,0.037,1.058,0.876,1.28,301.3,2026-03-15,True
GRID-0716,21.875029,80.181947,389.9,3.9,252.5,0.446,-0.027,1.199,1.174,1.148,306.2,2026-03-15,True
GRID-0717,21.875029,80.183124,349.8,6.5,92.1,0.581,-0.011,0.802,1.269,0.822,302.8,2026-03-15,True
GRID-0718,21.875029,80.1843,307.3,9.1,131.9,0.298,-0.35,2.045,1.809,2.047,311.2,2026-03-15,True
GRID-0719,21.875029,80.185476,283.3,14.5,218.1,0.17,-0.124,1.999,1.939,1.802,314.3,2026-03-15,True
GRID-0720,21.875029,80.186653,285.9,17.3,25.5,0.315,-0.294,2.35,1.906,1.742,315.6,2026-03-15,True
GRID-0721,21.875029,80.187829,312.2,23.1,334.9,0.225,-0.229,2.85,2.016,1.568,310.1,2026-03-15,True
GRID-0722,21.875029,80.189006,354.6,24.6,75.1,0.252,-0.326,1.829,1.871,1.675,307.1,2026-03-15,True
GRID-0723,21.875029,80.190182,396.4,29.1,176.9,0.183,-0.335,2.083,1.762,1.594,308.3,2026-03-15,True
GRID-0724,21.875029,80.191359,435.5,27.3,320.3,0.241,-0.327,2.562,2.14,1.227,313.3,2026-03-15,True
GRID-0725,21.875029,80.192535,437.1,21.0,28.8,0.235,-0.376,1.891,1.789,1.815,315.9,2026-03-15,True
GRID-0726,21.875029,80.193712,422.6,20.5,288.4,0.269,-0.345,2.571,1.522,1.486,309.8,2026-03-15,True
GRID-0727,21.875029,80.194888,381.4,11.4,21.9,0.287,-0.199,2.16,2.033,1.781,311.5,2026-03-15,True
GRID-0728,21.875029,80.196065,336.3,9.2,200.9,0.447,-0.116,1.075,0.946,0.947,303.8,2026-03-15,True
GRID-0729,21.875029,80.197241,297.9,4.4,337.8,0.581,0.002,1.27,1.279,1.049,305.3,2026-03-15,True
GRID-0730,21.875029,80.198418,285.2,1.1,149.7,0.43,0.04,1.221,1.115,0.979,301.1,2026-03-15,True
GRID-0731,21.875029,80.199594,295.1,1.0,132.9,0.445,-0.129,1.772,0.996,1.088,305.1,2026-03-15,True
GRID-0732,21.875029,80.200771,320.2,1.0,255.0,0.538,-0.037,1.317,1.212,0.841,301.2,2026-03-15,True
GRID-0733,21.875029,80.201947,366.7,1.0,296.5,0.56,-0.107,1.543,1.252,0.857,304.8,2026-03-15,True
GRID-0734,21.875029,80.203124,410.1,1.0,95.7,0.57,-0.039,1.142,1.001,1.26,305.0,2026-03-15,True
GRID-0735,21.875029,80.2043,431.9,3.1,14.6,0.292,-0.156,1.295,1.21,1.092,303.8,2026-03-15,True
GRID-0736,21.876206,80.1643,376.2,21.3,25.3,0.377,0.045,1.515,1.151,1.1,302.9,2026-03-15,True
GRID-0737,21.876206,80.165476,404.5,23.1,109.4,0.58,-0.177,1.256,1.087,1.084,300.0,2026-03-15,True
GRID-0738,21.876206,80.166653,423.0,28.7,340.1,0.332,-0.105,1.539,0.916,0.99,305.2,2026-03-15,True
GRID-0739,21.876206,80.167829,420.2,26.2,345.8,0.481,-0.09,1.309,0.981,1.289,304.2,2026-03-15,True
GRID-0740,21.876206,80.169006,401.3,29.5,35.0,0.419,-0.128,1.158,1.263,1.065,300.8,2026-03-15,True
GRID-0741,21.876206,80.170182,361.6,26.0,261.1,0.369,-0.128,1.341,0.914,0.788,302.4,2026-03-15,True
GRID-0742,21.876206,80.171359,331.4,18.8,191.4,0.559,0.035,1.536,0.848,0.998,302.3,2026-03-15,True
GRID-0743,21.876206,80.172535,305.7,16.6,68.2,0.419,0.119,1.064,1.147,1.156,301.3,2026-03-15,True
GRID-0744,21.876206,80.173712,297.2,7.2,189.4,0.321,0.03,1.221,0.94,1.006,303.7,2026-03-15,True
GRID-0745,21.876206,80.174888,315.4,4.0,89.6,0.691,-0.098,1.427,1.106,1.067,305.5,2026-03-15,True
GRID-0746,21.876206,80.176065,345.0,1.0,225.1,0.653,-0.041,0.937,0.945,1.22,303.3,2026-03-15,True
GRID-0747,21.876206,80.177241,382.8,1.0,64.4,0.41,-0.145,1.42,1.144,1.07,296.7,2026-03-15,True
GRID-0748,21.876206,80.178418,414.3,1.0,269.7,0.403,-0.129,1.12,0.807,0.954,303.7,2026-03-15,True
GRID-0749,21.876206,80.179594,424.0,1.0,149.5,0.629,-0.135,0.94,0.905,1.322,299.0,2026-03-15,True
GRID-0750,21.876206,80.180771,415.7,1.0,38.0,0.368,-0.021,1.263,1.211,1.118,304.7,2026-03-15,True
GRID-0751,21.876206,80.181947,386.2,5.2,229.9,0.596,-0.217,1.089,1.399,0.851,306.6,2026-03-15,True
GRID-0752,21.876206,80.183124,348.5,9.9,128.9,0.282,-0.261,1.843,1.58,1.812,312.4,2026-03-15,True
GRID-0753,21.876206,80.1843,321.3,13.5,165.1,0.243,-0.236,1.9,1.847,1.546,308.8,2026-03-15,True
GRID-0754,21.876206,80.185476,300.6,21.1,239.5,0.251,-0.229,2.431,1.768,1.79,314.7,2026-03-15,True
GRID-0755,21.876206,80.186653,300.5,22.5,317.8,0.32,-0.442,1.972,2.076,1.714,312.8,2026-03-15,True
GRID-0756,21.876206,80.187829,320.0,25.5,60.1,0.151,-0.267,2.059,2.03,1.76,312.3,2026-03-15,True
GRID-0757,21.876206,80.189006,355.9,29.2,64.9,0.231,-0.255,2.177,1.399,1.684,313.3,2026-03-15,True
GRID-0758,21.876206,80.190182,385.6,25.4,144.6,0.262,-0.256,2.019,1.608,1.637,308.8,2026-03-15,True
GRID-0759,21.876206,80.191359,416.5,25.0,121.5,0.117,-0.314,2.421,1.739,1.539,306.2,2026-03-15,True
GRID-0760,21.876206,80.192535,429.5,17.2,56.9,0.214,-0.386,2.527,2.214,1.689,309.2,2026-03-15,True
GRID-0761,21.876206,80.193712,413.2,14.6,359.4,0.211,-0.263,2.257,2.112,1.775,308.6,2026-03-15,True
GRID-0762,21.876206,80.194888,375.6,8.2,159.5,0.197,-0.352,2.389,1.601,1.664,309.5,2026-03-15,True
GRID-0763,21.876206,80.196065,333.3,2.3,126.8,0.499,0.041,0.98,1.058,0.708,302.8,2026-03-15,True
GRID-0764,21.876206,80.197241,311.4,1.0,113.5,0.348,-0.097,0.889,1.1,1.152,302.5,2026-03-15,True
GRID-0765,21.876206,80.198418,305.0,1.0,356.9,0.729,-0.078,0.819,0.777,1.16,302.3,2026-03-15,True
GRID-0766,21.876206,80.199594,305.6,1.0,116.9,0.585,-0.126,0.691,1.256,0.958,303.2,2026-03-15,True
GRID-0767,21.876206,80.200771,333.4,1.0,133.8,0.526,-0.179,1.247,1.127,1.143,300.5,2026-03-15,True
GRID-0768,21.876206,80.201947,360.9,2.8,275.1,0.38,-0.062,1.121,1.223,1.111,302.1,2026-03-15,True
GRID-0769,21.876206,80.203124,399.4,7.4,155.0,0.606,0.121,1.702,1.267,1.046,300.2,2026-03-15,True
GRID-0770,21.876206,80.2043,425.0,12.1,261.3,0.683,-0.016,1.438,1.222,1.016,302.1,2026-03-15,True
GRID-0771,21.877382,80.1643,365.2,25.0,219.0,0.414,-0.132,1.219,1.159,1.063,300.2,2026-03-15,True
GRID-0772,21.877382,80.165476,382.0,25.4,202.7,0.293,-0.133,0.514,1.159,1.106,301.2,2026-03-15,True
GRID-0773,21.877382,80.166653,383.2,29.4,77.0,0.53,-0.224,1.17,1.036,1.218,301.8,2026-03-15,True
GRID-0774,21.877382,80.167829,385.8,24.4,275.7,0.368,0.043,1.606,1.117,0.937,301.7,2026-03-15,True
GRID-0775,21.877382,80.169006,377.0,21.5,333.4,0.4,0.053,1.214,1.005,1.003,302.0,2026-03-15,True
GRID-0776,21.877382,80.170182,361.2,19.7,91.5,0.322,-0.116,1.522,1.234,1.169,305.4,2026-03-15,True
GRID-0777,21.877382,80.171359,343.3,15.1,346.2,0.552,0.048,0.987,0.955,1.302,304.6,2026-03-15,True
GRID-0778,21.877382,80.172535,336.0,8.3,161.1,0.346,-0.105,1.12,1.071,1.316,301.2,2026-03-15,True
GRID-0779,21.877382,80.173712,337.1,8.4,143.0,0.524,0.027,1.262,1.159,1.064,303.9,2026-03-15,True
GRID-0780,21.877382,80.174888,341.8,2.2,261.5,0.522,-0.067,0.844,1.1,1.096,303.3,2026-03-15,True
GRID-0781,21.877382,80.176065,351.1,1.0,353.9,0.405,0.109,1.397,0.93,1.026,302.8,2026-03-15,True
GRID-0782,21.877382,80.177241,367.5,1.0,214.5,0.55,-0.207,1.631,1.161,0.993,303.1,2026-03-15,True
GRID-0783,21.877382,80.178418,386.8,1.0,186.3,0.511,0.028,1.222,1.103,0.991,302.3,2026-03-15,True
GRID-0784,21.877382,80.179594,378.7,1.5,357.6,0.548,0.124,1.627,1.044,0.829,304.1,2026-03-15,True
GRID-0785,21.877382,80.180771,387.9,6.2,108.7,0.477,-0.056,1.341,1.022,1.093,302.5,2026-03-15,True
GRID-0786,21.877382,80.181947,372.4,7.0,108.1,0.513,-0.143,1.362,0.968,1.012,299.1,2026-03-15,True
GRID-0787,21.877382,80.183124,355.5,12.0,79.9,0.22,-0.275,2.428,1.619,1.917,305.5,2026-03-15,True
GRID-0788,21.877382,80.1843,343.2,19.6,308.1,0.207,-0.278,1.925,1.867,1.578,309.3,2026-03-15,True
GRID-0789,21.877382,80.185476,335.4,23.5,7.8,0.177,-0.165,2.368,1.744,1.458,312.9,2026-03-15,True
GRID-0790,21.877382,80.186653,338.7,28.8,295.9,0.26,-0.303,2.133,1.909,1.664,310.7,2026-03-15,True
GRID-0791,21.877382,80.187829,344.1,28.1,248.3,0.234,-0.148,2.414,1.869,1.672,306.2,2026-03-15,True
GRID-0792,21.877382,80.189006,355.2,27.3,99.3,0.233,-0.325,2.317,1.903,1.77,312.1,2026-03-15,True
GRID-0793,21.877382,80.190182,373.0,22.2,199.3,0.323,-0.174,2.423,1.98,1.689,313.0,2026-03-15,True
GRID-0794,21.877382,80.191359,391.1,18.7,200.3,0.221,-0.359,2.134,2.022,1.605,312.0,2026-03-15,True
GRID-0795,21.877382,80.192535,381.7,13.7,333.3,0.114,-0.34,2.246,1.763,1.334,311.8,2026-03-15,True
GRID-0796,21.877382,80.193712,380.8,8.6,55.7,0.076,-0.299,2.029,1.918,1.326,309.1,2026-03-15,True
GRID-0797,21.877382,80.194888,370.1,4.1,13.6,0.455,0.088,1.53,1.018,1.123,302.6,2026-03-15,True
GRID-0798,21.877382,80.196065,354.4,1.0,128.0,0.26,-0.083,1.117,1.087,1.24,302.3,2026-03-15,True
GRID-0799,21.877382,80.197241,333.2,1.0,49.8,0.45,-0.074,0.892,0.75,1.011,303.5,2026-03-15,True
GRID-0800,21.877382,80.198418,331.2,1.0,132.1,0.397,0.019,1.193,1.293,0.798,302.5,2026-03-15,True
GRID-0801,21.877382,80.199594,333.8,1.0,209.6,0.43,-0.161,1.347,1.198,1.086,302.9,2026-03-15,True
GRID-0802,21.877382,80.200771,344.1,1.0,83.9,0.629,0.032,1.452,0.822,1.152,303.8,2026-03-15,True
GRID-0803,21.877382,80.201947,361.6,4.2,292.0,0.41,-0.052,0.75,1.106,0.99,303.1,2026-03-15,True
GRID-0804,21.877382,80.203124,375.1,13.8,33.1,0.531,-0.14,1.346,1.234,1.035,304.3,2026-03-15,True
GRID-0805,21.877382,80.2043,384.6,13.8,143.9,0.524,0.108,1.195,1.056,1.398,305.3,2026-03-15,True
GRID-0806,21.878559,80.1643,357.3,25.0,330.4,0.45,-0.012,0.852,0.969,1.149,298.9,2026-03-15,True
GRID-0807,21.878559,80.165476,348.0,29.2,264.3,0.648,-0.1,0.845,1.156,1.252,304.6,2026-03-15,True
GRID-0808,21.878559,80.166653,344.8,27.1,260.5,0.418,-0.066,1.457,1.095,1.109,303.9,2026-03-15,True
GRID-0809,21.878559,80.167829,338.9,23.3,285.4,0.678,-0.076,1.352,1.408,0.743,304.9,2026-03-15,True
GRID-0810,21.878559,80.169006,351.4,23.0,62.2,0.444,0.082,1.054,1.066,1.042,302.8,2026-03-15,True
GRID-0811,21.878559,80.170182,353.9,13.7,297.3,0.415,-0.09,0.884,1.066,1.151,302.5,2026-03-15,True
GRID-0812,21.878559,80.171359,370.5,10.7,248.3,0.554,-0.209,1.361,1.438,1.069,302.2,2026-03-15,True
GRID-0813,21.878559,80.172535,377.2,2.7,207.4,0.74,0.001,1.093,1.084,0.974,307.0,2026-03-15,True
GRID-0814,21.878559,80.173712,384.4,1.0,326.8,0.382,-0.094,1.208,1.035,1.026,303.7,2026-03-15,True
GRID-0815,21.878559,80.174888,376.1,1.0,214.3,0.619,-0.235,1.188,1.229,1.011,304.3,2026-03-15,True
GRID-0816,21.878559,80.176065,366.6,1.0,108.1,0.305,0.013,1.129,1.17,1.187,302.1,2026-03-15,True
GRID-0817,21.878559,80.177241,356.9,1.0,263.1,0.473,-0.132,1.689,0.967,1.264,303.5,2026-03-15,True
GRID-0818,21.878559,80.178418,347.2,1.0,207.5,0.481,-0.107,1.34,1.098,1.137,300.8,2026-03-15,True
GRID-0819,21.878559,80.179594,342.0,5.9,28.3,0.621,-0.238,1.332,1.164,1.192,298.3,2026-03-15,True
GRID-0820,21.878559,80.180771,347.7,6.9,20.1,0.442,-0.145,0.983,1.057,0.802,302.5,2026-03-15,True
GRID-0821,21.878559,80.181947,351.9,14.1,277.5,0.316,-0.297,2.151,1.902,1.838,315.1,2026-03-15,True
GRID-0822,21.878559,80.183124,365.2,17.3,125.3,0.19,-0.431,1.935,1.735,1.91,309.9,2026-03-15,True
GRID-0823,21.878559,80.1843,367.2,21.6,294.2,0.262,-0.374,2.103,1.88,1.834,309.6,2026-03-15,True
GRID-0824,21.878559,80.185476,379.6,25.7,149.9,0.196,-0.5,2.183,1.505,1.443,312.1,2026-03-15,True
GRID-0825,21.878559,80.186653,374.9,28.4,312.4,0.265,-0.305,2.4,1.741,1.83,309.4,2026-03-15,True
GRID-0826,21.878559,80.187829,375.6,26.4,313.1,0.125,-0.282,2.511,1.372,1.668,312.3,2026-03-15,True
GRID-0827,21.878559,80.189006,366.7,21.2,81.6,0.279,-0.286,2.119,1.831,1.475,310.8,2026-03-15,True
GRID-0828,21.878559,80.190182,352.0,18.8,235.0,0.226,-0.2,2.046,1.837,1.496,307.6,2026-03-15,True
GRID-0829,21.878559,80.191359,337.5,14.0,216.8,0.091,-0.225,2.058,1.856,1.708,307.6,2026-03-15,True
GRID-0830,21.878559,80.192535,340.0,7.3,4.1,0.57,-0.035,1.09,1.354,1.098,304.2,2026-03-15,True
GRID-0831,21.878559,80.193712,346.0,4.3,279.9,0.576,-0.164,1.421,1.123,1.393,302.6,2026-03-15,True
GRID-0832,21.878559,80.194888,355.8,1.0,137.7,0.608,-0.1,1.337,1.22,0.846,301.8,2026-03-15,True
GRID-0833,21.878559,80.196065,364.4,1.0,109.7,0.301,-0.134,1.147,1.0,0.986,300.5,2026-03-15,True
GRID-0834,21.878559,80.197241,375.0,1.0,14.8,0.427,-0.048,1.311,1.289,1.205,302.9,2026-03-15,True
GRID-0835,21.878559,80.198418,373.6,1.0,194.4,0.526,-0.227,1.167,1.074,1.127,304.0,2026-03-15,True
GRID-0836,21.878559,80.199594,378.1,2.5,53.8,0.391,-0.145,1.413,1.079,1.237,303.9,2026-03-15,True
GRID-0837,21.878559,80.200771,368.1,6.0,180.9,0.393,-0.22,1.599,1.159,1.082,302.9,2026-03-15,True
GRID-0838,21.878559,80.201947,360.9,10.0,79.5,0.523,-0.033,1.28,1.314,1.26,300.0,2026-03-15,True
GRID-0839,21.878559,80.203124,345.1,15.3,18.2,0.632,-0.026,1.03,1.137,1.337,304.6,2026-03-15,True
GRID-0840,21.878559,80.2043,338.5,23.6,263.4,0.404,-0.071,0.888,1.237,1.124,300.7,2026-03-15,True
GRID-0841,21.879735,80.1643,348.4,23.8,141.4,0.664,-0.051,1.354,1.281,0.726,303.6,2026-03-15,True
GRID-0842,21.879735,80.165476,315.9,28.9,160.4,0.613,-0.115,1.24,1.271,1.233,302.6,2026-03-15,True
GRID-0843,21.879735,80.166653,300.4,25.6,214.2,0.307,0.085,1.267,1.26,1.217,304.9,2026-03-15,True
GRID-0844,21.879735,80.167829,302.5,20.6,181.7,0.528,-0.043,1.175,1.192,0.994,302.1,2026-03-15,True
GRID-0845,21.879735,80.169006,324.5,20.4,80.0,0.424,0.032,1.063,1.063,0.95,304.4,2026-03-15,True
GRID-0846,21.879735,80.170182,356.4,11.7,104.3,0.563,-0.033,1.359,1.076,0.82,303.0,2026-03-15,True
GRID-0847,21.879735,80.171359,388.7,6.2,142.0,0.587,0.01,1.27,1.064,0.866,303.5,2026-03-15,True
GRID-0848,21.879735,80.172535,405.6,1.0,47.6,0.551,-0.006,1.152,1.007,1.163,305.1,2026-03-15,True
GRID-0849,21.879735,80.173712,416.1,1.0,29.7,0.428,0.08,1.215,1.007,1.159,301.1,2026-03-15,True
GRID-0850,21.879735,80.174888,411.2,1.1,205.7,0.581,-0.068,1.181,1.272,0.99,300.4,2026-03-15,True
GRID-0851,21.879735,80.176065,364.8,1.0,17.8,0.58,-0.095,1.256,1.3,1.055,302.3,2026-03-15,True
GRID-0852,21.879735,80.177241,344.0,1.0,143.7,0.427,0.002,1.203,1.04,1.254,304.8,2026-03-15,True
GRID-0853,21.879735,80.178418,308.2,4.3,30.6,0.457,-0.155,1.114,1.242,1.151,305.1,2026-03-15,True
GRID-0854,21.879735,80.179594,300.3,6.3,180.7,0.666,-0.144,0.894,1.166,0.859,303.0,2026-03-15,True
GRID-0855,21.879735,80.180771,308.7,13.4,278.6,0.227,-0.29,1.69,1.888,1.514,311.2,2026-03-15,True
GRID-0856,21.879735,80.181947,338.1,18.7,46.9,0.245,-0.319,2.133,1.517,1.615,311.5,2026-03-15,True
GRID-0857,21.879735,80.183124,367.0,21.1,48.6,0.186,-0.332,2.328,1.809,1.672,310.9,2026-03-15,True
GRID-0858,21.879735,80.1843,398.5,29.7,201.3,0.098,-0.345,2.45,1.959,1.618,308.9,2026-03-15,True
GRID-0859,21.879735,80.185476,416.7,26.9,175.6,0.201,-0.259,2.414,1.905,1.859,311.4,2026-03-15,True
GRID-0860,21.879735,80.186653,417.4,28.5,234.8,0.219,-0.108,2.451,1.586,1.629,309.7,2026-03-15,True
GRID-0861,21.879735,80.187829,393.7,24.0,70.6,0.277,-0.348,2.374,1.835,1.61,309.6,2026-03-15,True
GRID-0862,21.879735,80.189006,362.8,21.1,221.8,0.332,-0.193,2.321,1.637,1.476,312.6,2026-03-15,True
GRID-0863,21.879735,80.190182,330.6,16.9,264.8,0.205,-0.222,1.974,2.001,1.57,310.1,2026-03-15,True
GRID-0864,21.879735,80.191359,305.4,7.7,88.6,0.666,-0.079,0.803,1.214,0.899,305.6,2026-03-15,True
GRID-0865,21.879735,80.192535,295.3,5.3,25.8,0.41,0.008,1.398,1.296,0.821,303.3,2026-03-15,True
GRID-0866,21.879735,80.193712,315.6,1.0,279.6,0.525,-0.044,1.51,1.491,1.066,305.6,2026-03-15,True
GRID-0867,21.879735,80.194888,346.4,1.0,116.4,0.544,-0.11,1.077,0.949,1.454,301.6,2026-03-15,True
GRID-0868,21.879735,80.196065,380.9,1.0,332.7,0.491,-0.144,1.36,1.036,1.096,301.1,2026-03-15,True
GRID-0869,21.879735,80.197241,408.1,1.0,32.3,0.402,0.013,1.311,1.219,1.275,304.5,2026-03-15,True
GRID-0870,21.879735,80.198418,418.6,1.5,241.8,0.525,-0.076,1.143,1.416,1.066,302.0,2026-03-15,True
GRID-0871,21.879735,80.199594,408.2,7.7,152.5,0.498,-0.1,1.354,1.055,0.915,302.6,2026-03-15,True
GRID-0872,21.879735,80.200771,383.5,11.0,125.4,0.447,-0.206,1.247,1.264,1.027,305.2,2026-03-15,True
GRID-0873,21.879735,80.201947,355.9,15.9,115.5,0.577,-0.021,0.934,0.918,0.968,300.0,2026-03-15,True
GRID-0874,21.879735,80.203124,322.7,18.9,213.8,0.589,-0.052,1.096,1.246,1.165,304.8,2026-03-15,True
GRID-0875,21.879735,80.2043,300.9,23.8,8.7,0.457,0.095,1.135,1.104,0.857,300.8,2026-03-15,True
GRID-0876,21.880912,80.1643,344.9,23.8,109.7,0.487,-0.027,1.732,1.17,1.009,301.7,2026-03-15,True
GRID-0877,21.880912,80.165476,305.7,23.5,355.6,0.38,0.211,1.055,1.04,1.103,304.5,2026-03-15,True
GRID-0878,21.880912,80.166653,279.5,14.9,221.8,0.469,-0.11,1.062,1.203,1.124,301.2,2026-03-15,True
GRID-0879,21.880912,80.167829,284.0,12.9,356.5,0.541,0.026,1.12,1.3,0.934,300.8,2026-03-15,True
GRID-0880,21.880912,80.169006,309.6,11.8,159.2,0.578,-0.041,1.015,1.091,1.356,304.7,2026-03-15,True
GRID-0881,21.880912,80.170182,355.1,6.7,52.5,0.496,-0.074,0.791,1.079,0.737,305.7,2026-03-15,True
GRID-0882,21.880912,80.171359,402.0,1.0,16.2,0.477,0.082,1.119,1.157,0.964,301.3,2026-03-15,True
GRID-0883,21.880912,80.172535,429.8,1.0,294.5,0.557,0.034,1.832,1.191,1.22,303.9,2026-03-15,True
GRID-0884,21.880912,80.173712,439.6,1.0,71.9,0.473,0.026,1.272,1.084,1.132,304.9,2026-03-15,True
GRID-0885,21.880912,80.174888,410.7,1.0,134.6,0.616,-0.029,0.829,1.136,1.005,302.0,2026-03-15,True
GRID-0886,21.880912,80.176065,383.2,1.0,272.8,0.565,0.007,1.1,1.159,1.292,308.5,2026-03-15,True
GRID-0887,21.880912,80.177241,332.3,3.1,307.0,0.655,-0.194,1.229,1.327,0.909,302.8,2026-03-15,True
GRID-0888,21.880912,80.178418,297.7,7.8,40.5,0.269,-0.032,1.076,1.219,1.266,302.8,2026-03-15,True
GRID-0889,21.880912,80.179594,281.3,14.2,19.6,0.214,-0.319,1.927,2.158,1.859,309.0,2026-03-15,True
GRID-0890,21.880912,80.180771,283.6,20.5,341.6,0.228,-0.348,2.445,1.878,1.634,309.3,2026-03-15,True
GRID-0891,21.880912,80.181947,324.3,25.1,333.6,0.222,-0.119,2.595,1.804,1.462,308.1,2026-03-15,True
GRID-0892,21.880912,80.183124,372.7,28.9,312.8,0.241,-0.224,2.16,1.71,1.753,315.7,2026-03-15,True
GRID-0893,21.880912,80.1843,412.5,24.6,295.2,0.208,-0.313,2.267,1.898,1.878,307.1,2026-03-15,True
GRID-0894,21.880912,80.185476,438.0,32.6,4.9,0.143,-0.245,2.194,1.94,1.551,310.6,2026-03-15,True
GRID-0895,21.880912,80.186653,428.0,26.3,249.8,0.244,-0.244,2.354,1.865,1.574,311.5,2026-03-15,True
GRID-0896,21.880912,80.187829,411.9,21.5,40.1,0.242,-0.342,2.751,1.683,1.547,309.0,2026-03-15,True
GRID-0897,21.880912,80.189006,367.2,15.7,162.0,0.235,-0.279,2.569,1.811,1.733,308.5,2026-03-15,True
GRID-0898,21.880912,80.190182,318.2,10.0,8.2,0.307,-0.5,2.042,1.495,1.644,309.8,2026-03-15,True
GRID-0899,21.880912,80.191359,291.3,1.0,75.2,0.44,-0.162,1.157,0.929,0.899,300.6,2026-03-15,True
GRID-0900,21.880912,80.192535,281.2,4.4,193.7,0.41,-0.019,1.352,1.252,1.17,305.2,2026-03-15,True
GRID-0901,21.880912,80.193712,302.4,1.0,73.4,0.448,-0.057,1.304,1.469,1.176,300.9,2026-03-15,True
GRID-0902,21.880912,80.194888,345.6,1.0,188.4,0.437,0.041,1.217,1.427,1.145,303.8,2026-03-15,True
GRID-0903,21.880912,80.196065,387.0,1.0,93.1,0.622,0.172,1.038,1.323,1.304,304.2,2026-03-15,True
GRID-0904,21.880912,80.197241,423.7,1.0,173.9,0.274,0.058,1.084,0.802,1.002,303.8,2026-03-15,True
GRID-0905,21.880912,80.198418,432.9,5.1,262.8,0.301,-0.226,1.594,1.081,0.9,304.1,2026-03-15,True
GRID-0906,21.880912,80.199594,427.9,9.9,50.9,0.512,-0.192,1.114,1.079,0.866,301.5,2026-03-15,True
GRID-0907,21.880912,80.200771,399.2,16.6,251.6,0.482,-0.076,1.337,1.423,1.041,302.1,2026-03-15,True
GRID-0908,21.880912,80.201947,347.9,20.8,6.6,0.573,-0.047,1.271,1.162,1.06,302.2,2026-03-15,True
GRID-0909,21.880912,80.203124,306.0,21.2,209.9,0.438,-0.078,1.492,0.995,0.911,306.3,2026-03-15,True
GRID-0910,21.880912,80.2043,282.9,31.8,238.9,0.516,0.108,1.213,1.409,1.184,305.2,2026-03-15,True
GRID-0911,21.882088,80.1643,351.8,28.4,15.7,0.655,0.095,1.1,0.951,0.949,301.9,2026-03-15,True
GRID-0912,21.882088,80.165476,304.9,19.4,61.3,0.319,0.138,0.997,1.026,0.892,301.6,2026-03-15,True
GRID-0913,21.882088,80.166653,294.4,14.5,102.2,0.459,-0.036,0.974,1.176,0.991,301.4,2026-03-15,True
GRID-0914,21.882088,80.167829,287.0,9.6,284.1,0.631,-0.059,1.393,0.965,1.073,303.2,2026-03-15,True
GRID-0915,21.882088,80.169006,316.6,3.3,222.5,0.556,0.031,1.001,0.952,1.105,302.2,2026-03-15,True
GRID-0916,21.882088,80.170182,358.9,1.2,19.1,0.328,0.013,1.214,0.599,0.927,303.2,2026-03-15,True
GRID-0917,21.882088,80.171359,393.1,1.0,235.7,0.534,0.09,0.915,0.943,0.943,301.8,2026-03-15,True
GRID-0918,21.882088,80.172535,428.8,1.0,3.0,0.524,0.024,1.247,1.09,1.02,301.2,2026-03-15,True
GRID-0919,21.882088,80.173712,430.9,1.2,139.9,0.43,-0.053,1.235,1.143,1.225,304.6,2026-03-15,True
GRID-0920,21.882088,80.174888,417.8,1.0,97.7,0.388,0.016,1.053,0.95,1.031,303.3,2026-03-15,True
GRID-0921,21.882088,80.176065,381.3,6.5,306.7,0.434,-0.186,1.336,1.05,1.066,304.9,2026-03-15,True
GRID-0922,21.882088,80.177241,336.5,6.6,237.6,0.343,-0.12,1.307,1.066,0.741,303.4,2026-03-15,True
GRID-0923,21.882088,80.178418,305.2,16.3,311.1,0.55,-0.028,1.321,1.095,1.308,304.1,2026-03-15,True
GRID-0924,21.882088,80.179594,286.8,19.6,6.9,0.229,-0.271,1.73,1.773,1.967,313.0,2026-03-15,True
GRID-0925,21.882088,80.180771,298.5,22.1,312.3,0.17,-0.206,2.256,1.623,1.683,309.2,2026-03-15,True
GRID-0926,21.882088,80.181947,325.4,26.0,233.8,0.226,-0.173,2.341,1.609,1.556,304.2,2026-03-15,True
GRID-0927,21.882088,80.183124,371.0,26.2,83.2,0.257,-0.323,2.126,1.714,1.584,314.6,2026-03-15,True
GRID-0928,21.882088,80.1843,409.2,26.3,137.1,0.15,-0.336,2.208,2.088,1.89,312.1,2026-03-15,True
GRID-0929,21.882088,80.185476,432.4,22.5,351.6,0.222,-0.381,2.064,1.866,1.916,310.8,2026-03-15,True
GRID-0930,21.882088,80.186653,430.8,18.7,35.9,0.223,-0.427,2.565,2.023,1.639,313.5,2026-03-15,True
GRID-0931,21.882088,80.187829,403.3,13.1,113.6,0.161,-0.284,2.113,1.941,1.447,308.9,2026-03-15,True
GRID-0932,21.882088,80.189006,366.3,7.5,312.0,0.42,0.191,1.519,1.204,1.152,302.1,2026-03-15,True
GRID-0933,21.882088,80.190182,322.3,5.2,191.4,0.578,-0.05,1.239,0.977,1.379,307.8,2026-03-15,True
GRID-0934,21.882088,80.191359,298.1,1.0,67.1,0.441,-0.045,1.656,1.199,1.142,302.2,2026-03-15,True
GRID-0935,21.882088,80.192535,292.7,1.0,180.2,0.45,-0.102,1.473,0.968,1.041,304.4,2026-03-15,True
GRID-0936,21.882088,80.193712,305.2,1.0,164.9,0.33,-0.095,1.231,0.996,0.969,304.0,2026-03-15,True
GRID-0937,21.882088,80.194888,340.6,1.9,333.5,0.593,-0.016,1.723,1.03,0.925,305.3,2026-03-15,True
GRID-0938,21.882088,80.196065,383.5,1.0,7.7,0.602,-0.18,1.162,1.165,1.018,305.4,2026-03-15,True
GRID-0939,21.882088,80.197241,411.0,5.8,89.1,0.37,-0.045,1.134,0.873,0.741,301.8,2026-03-15,True
GRID-0940,21.882088,80.198418,428.8,13.3,190.6,0.368,-0.11,0.954,1.202,0.917,304.2,2026-03-15,True
GRID-0941,21.882088,80.199594,418.9,16.4,120.1,0.697,-0.141,1.008,0.983,1.11,304.4,2026-03-15,True
GRID-0942,21.882088,80.200771,392.0,19.7,141.6,0.526,0.109,1.414,0.973,0.877,304.5,2026-03-15,True
GRID-0943,21.882088,80.201947,347.6,23.1,56.5,0.422,0.115,1.396,1.337,1.084,302.9,2026-03-15,True
GRID-0944,21.882088,80.203124,311.6,25.0,124.8,0.414,0.123,0.961,1.525,1.263,304.1,2026-03-15,True
GRID-0945,21.882088,80.2043,292.1,25.5,126.7,0.431,-0.05,1.097,1.094,0.755,305.6,2026-03-15,True
GRID-0946,21.883265,80.1643,352.5,21.5,225.1,0.493,-0.009,0.788,1.275,0.915,303.4,2026-03-15,True
GRID-0947,21.883265,80.165476,332.5,12.5,85.0,0.47,-0.199,1.022,1.249,0.96,304.7,2026-03-15,True
GRID-0948,21.883265,80.166653,316.6,11.5,352.2,0.424,0.11,0.987,1.252,1.052,302.9,2026-03-15,True
GRID-0949,21.883265,80.167829,320.4,6.5,180.5,0.396,0.036,0.904,0.721,1.224,303.1,2026-03-15,True
GRID-0950,21.883265,80.169006,331.9,1.8,292.3,0.307,-0.01,1.118,0.938,0.892,301.1,2026-03-15,True
GRID-0951,21.883265,80.170182,357.4,1.0,225.3,0.475,0.132,1.012,0.872,1.43,305.3,2026-03-15,True
GRID-0952,21.883265,80.171359,379.6,1.0,316.3,0.399,-0.015,1.23,1.377,1.174,304.6,2026-03-15,True
GRID-0953,21.883265,80.172535,393.1,1.0,320.5,0.596,-0.085,1.469,0.971,0.942,301.0,2026-03-15,True
GRID-0954,21.883265,80.173712,403.1,1.7,293.3,0.472,0.147,1.219,1.269,1.229,306.2,2026-03-15,True
GRID-0955,21.883265,80.174888,384.7,2.5,10.6,0.399,0.059,0.749,1.051,0.868,299.5,2026-03-15,True
GRID-0956,21.883265,80.176065,370.9,9.8,199.8,0.399,0.104,1.184,1.12,0.715,300.6,2026-03-15,True
GRID-0957,21.883265,80.177241,351.9,12.0,100.9,0.425,-0.015,0.895,0.957,1.219,303.1,2026-03-15,True
GRID-0958,21.883265,80.178418,327.5,22.3,54.6,0.654,-0.018,1.354,0.929,1.009,300.0,2026-03-15,True
GRID-0959,21.883265,80.179594,315.0,25.5,323.0,0.64,0.096,1.34,0.962,1.162,306.2,2026-03-15,True
GRID-0960,21.883265,80.180771,326.3,25.9,236.5,0.444,0.078,1.12,1.097,0.919,299.8,2026-03-15,True
GRID-0961,21.883265,80.181947,337.2,28.7,31.6,0.208,-0.314,2.162,1.465,1.639,312.2,2026-03-15,True
GRID-0962,21.883265,80.183124,361.2,25.9,137.6,0.189,-0.278,2.197,1.858,1.338,311.9,2026-03-15,True
GRID-0963,21.883265,80.1843,392.3,24.7,345.8,0.313,-0.19,2.365,2.104,1.595,309.4,2026-03-15,True
GRID-0964,21.883265,80.185476,405.1,19.8,220.5,0.174,-0.308,2.798,1.911,1.549,309.1,2026-03-15,True
GRID-0965,21.883265,80.186653,402.5,13.9,225.2,0.192,-0.259,1.846,1.893,1.673,310.4,2026-03-15,True
GRID-0966,21.883265,80.187829,387.0,9.8,81.9,0.324,-0.063,1.273,0.905,1.368,300.8,2026-03-15,True
GRID-0967,21.883265,80.189006,364.2,4.1,86.5,0.447,0.03,1.166,1.328,1.216,306.1,2026-03-15,True
GRID-0968,21.883265,80.190182,343.2,1.0,55.0,0.403,-0.048,0.882,1.149,1.15,302.8,2026-03-15,True
GRID-0969,21.883265,80.191359,327.8,1.3,349.4,0.545,-0.057,1.435,1.087,1.222,307.2,2026-03-15,True
GRID-0970,21.883265,80.192535,317.3,1.0,327.5,0.575,-0.026,1.368,1.057,1.134,303.9,2026-03-15,True
GRID-0971,21.883265,80.193712,329.4,1.0,118.5,0.598,-0.225,1.154,1.053,1.053,301.2,2026-03-15,True
GRID-0972,21.883265,80.194888,355.8,1.8,195.2,0.27,-0.015,1.119,1.219,0.932,301.5,2026-03-15,True
GRID-0973,21.883265,80.196065,372.9,6.2,74.4,0.524,-0.19,1.228,0.844,1.054,300.0,2026-03-15,True
GRID-0974,21.883265,80.197241,388.8,12.1,49.9,0.454,-0.198,0.8,1.224,1.109,301.4,2026-03-15,True
GRID-0975,21.883265,80.198418,403.0,18.4,194.9,0.479,-0.124,0.994,1.271,1.153,301.8,2026-03-15,True
GRID-0976,21.883265,80.199594,401.1,21.0,288.0,0.538,0.166,1.466,1.136,0.982,301.7,2026-03-15,True
GRID-0977,21.883265,80.200771,381.4,24.7,310.5,0.515,0.038,0.91,0.879,0.982,299.9,2026-03-15,True
GRID-0978,21.883265,80.201947,357.3,26.3,111.2,0.51,-0.186,1.201,1.188,1.312,302.6,2026-03-15,True
GRID-0979,21.883265,80.203124,336.2,28.7,253.8,0.539,-0.171,1.333,1.023,0.845,304.4,2026-03-15,True
GRID-0980,21.883265,80.2043,322.9,24.5,188.6,0.342,-0.054,1.178,1.13,0.958,303.1,2026-03-15,True
GRID-0981,21.884441,80.1643,364.7,13.4,48.7,0.45,-0.144,1.414,0.928,0.848,300.3,2026-03-15,True
GRID-0982,21.884441,80.165476,368.7,8.8,358.4,0.609,-0.123,1.662,0.951,0.794,303.3,2026-03-15,True
GRID-0983,21.884441,80.166653,360.1,4.6,351.3,0.503,0.013,0.926,1.089,0.979,303.5,2026-03-15,True
GRID-0984,21.884441,80.167829,365.4,1.0,52.3,0.473,-0.01,1.113,1.171,1.033,300.9,2026-03-15,True
GRID-0985,21.884441,80.169006,366.9,1.0,335.9,0.514,-0.055,1.225,1.093,1.148,305.9,2026-03-15,True
GRID-0986,21.884441,80.170182,350.6,1.0,330.2,0.586,0.006,1.384,0.825,1.189,299.9,2026-03-15,True
GRID-0987,21.884441,80.171359,359.9,1.0,114.3,0.569,-0.081,1.086,1.166,0.997,301.8,2026-03-15,True
GRID-0988,21.884441,80.172535,356.0,1.0,200.6,0.505,-0.193,1.172,1.154,1.18,305.7,2026-03-15,True
GRID-0989,21.884441,80.173712,360.1,4.8,341.5,0.508,-0.08,1.05,1.02,1.019,301.3,2026-03-15,True
GRID-0990,21.884441,80.174888,359.9,10.1,42.6,0.408,0.07,0.99,1.144,1.074,303.3,2026-03-15,True
GRID-0991,21.884441,80.176065,358.3,14.7,114.3,0.587,-0.192,1.289,1.089,1.038,300.5,2026-03-15,True
GRID-0992,21.884441,80.177241,363.7,24.6,316.7,0.416,-0.004,1.375,1.38,0.985,304.9,2026-03-15,True
GRID-0993,21.884441,80.178418,359.5,23.3,261.7,0.564,-0.003,1.195,0.998,0.966,304.6,2026-03-15,True
GRID-0994,21.884441,80.179594,365.3,24.5,275.6,0.376,-0.111,1.285,0.957,1.003,303.2,2026-03-15,True
GRID-0995,21.884441,80.180771,362.3,25.2,316.8,0.372,-0.237,1.428,1.082,0.971,302.6,2026-03-15,True
GRID-0996,21.884441,80.181947,357.8,27.3,149.1,0.407,-0.238,1.206,1.334,1.083,304.6,2026-03-15,True
GRID-0997,21.884441,80.183124,355.6,22.3,148.1,0.574,0.041,1.535,1.192,1.108,306.2,2026-03-15,True
GRID-0998,21.884441,80.1843,355.4,18.2,159.5,0.305,-0.115,1.016,1.095,1.03,305.9,2026-03-15,True
GRID-0999,21.884441,80.185476,356.6,15.4,336.2,0.584,-0.169,1.176,0.817,1.031,304.5,2026-03-15,True
GRID-1000,21.884441,80.186653,350.8,8.7,321.9,0.431,-0.108,1.309,1.053,1.421,303.4,2026-03-15,True
GRID-1001,21.884441,80.187829,355.1,1.0,336.0,0.65,-0.094,0.98,1.214,1.004,304.4,2026-03-15,True
GRID-1002,21.884441,80.189006,361.2,1.0,98.6,0.6,-0.209,1.024,0.84,1.133,302.3,2026-03-15,True
GRID-1003,21.884441,80.190182,360.1,1.0,280.5,0.356,-0.097,1.134,1.298,0.992,302.3,2026-03-15,True
GRID-1004,21.884441,80.191359,365.4,1.0,38.4,0.401,-0.135,1.288,0.981,1.006,305.5,2026-03-15,True
GRID-1005,21.884441,80.192535,362.1,1.0,66.5,0.528,-0.11,1.409,1.213,1.296,307.1,2026-03-15,True
GRID-1006,21.884441,80.193712,365.0,1.0,274.5,0.342,0.113,1.211,1.127,1.014,303.0,2026-03-15,True
GRID-1007,21.884441,80.194888,361.7,9.7,220.3,0.512,-0.03,1.063,1.198,0.931,304.6,2026-03-15,True
GRID-1008,21.884441,80.196065,362.3,9.4,96.1,0.479,-0.099,1.483,1.323,1.013,302.4,2026-03-15,True
GRID-1009,21.884441,80.197241,353.0,17.4,204.1,0.61,-0.105,0.79,0.995,1.043,303.9,2026-03-15,True
GRID-1010,21.884441,80.198418,355.5,22.5,83.1,0.379,-0.013,1.275,1.225,0.967,302.0,2026-03-15,True
GRID-1011,21.884441,80.199594,356.4,25.0,83.6,0.365,0.121,1.448,1.218,0.948,299.8,2026-03-15,True
GRID-1012,21.884441,80.200771,356.7,27.8,247.5,0.392,-0.037,1.528,1.072,1.054,300.7,2026-03-15,True
GRID-1013,21.884441,80.201947,358.2,28.5,129.3,0.343,0.067,1.113,1.238,1.027,300.4,2026-03-15,True
GRID-1014,21.884441,80.203124,361.0,25.1,247.7,0.496,-0.071,1.401,1.021,0.911,302.1,2026-03-15,True
GRID-1015,21.884441,80.2043,364.8,20.0,171.6,0.497,-0.128,0.856,1.421,1.066,304.8,2026-03-15,True
GRID-1016,21.885618,80.1643,365.1,4.1,180.8,0.46,-0.114,1.087,1.058,1.024,301.5,2026-03-15,True
GRID-1017,21.885618,80.165476,391.0,1.4,217.7,0.568,-0.076,0.808,1.115,1.067,300.6,2026-03-15,True
GRID-1018,21.885618,80.166653,400.5,1.0,256.3,0.359,-0.138,1.285,1.316,1.058,301.3,2026-03-15,True
GRID-1019,21.885618,80.167829,404.0,1.0,134.6,0.4,-0.221,1.44,1.074,1.077,306.6,2026-03-15,True
GRID-1020,21.885618,80.169006,382.0,1.0,306.8,0.548,0.027,1.559,1.102,0.881,300.3,2026-03-15,True
GRID-1021,21.885618,80.170182,361.3,1.0,176.9,0.241,-0.084,1.037,1.142,1.264,303.5,2026-03-15,True
GRID-1022,21.885618,80.171359,330.5,1.0,49.5,0.593,-0.006,1.409,0.994,0.827,302.9,2026-03-15,True
GRID-1023,21.885618,80.172535,316.7,6.7,69.6,0.288,0.012,1.259,1.197,0.946,305.2,2026-03-15,True
GRID-1024,21.885618,80.173712,311.9,11.3,11.6,0.451,-0.085,1.133,1.086,1.313,299.3,2026-03-15,True
GRID-1025,21.885618,80.174888,326.1,13.4,275.2,0.468,-0.054,1.229,1.053,0.983,305.4,2026-03-15,True
GRID-1026,21.885618,80.176065,352.2,21.0,5.4,0.626,-0.181,1.454,1.228,1.124,301.6,2026-03-15,True
GRID-1027,21.885618,80.177241,372.9,23.1,97.1,0.421,-0.085,1.337,0.933,1.125,303.4,2026-03-15,True
GRID-1028,21.885618,80.178418,403.0,24.8,148.7,0.371,-0.026,1.184,0.938,0.942,303.9,2026-03-15,True
GRID-1029,21.885618,80.179594,409.8,25.5,267.3,0.356,-0.035,1.302,1.117,1.041,303.4,2026-03-15,True
GRID-1030,21.885618,80.180771,401.8,26.7,355.8,0.532,-0.077,1.339,0.935,1.017,304.9,2026-03-15,True
GRID-1031,21.885618,80.181947,381.6,19.2,272.8,0.455,-0.177,1.368,1.082,0.785,304.5,2026-03-15,True
GRID-1032,21.885618,80.183124,353.8,17.1,23.8,0.355,-0.134,1.362,1.169,1.015,301.3,2026-03-15,True
GRID-1033,21.885618,80.1843,330.8,10.6,333.8,0.503,0.004,1.191,1.062,1.205,301.9,2026-03-15,True
GRID-1034,21.885618,80.185476,310.1,8.0,354.8,0.394,-0.156,1.355,1.216,0.985,302.7,2026-03-15,True
GRID-1035,21.885618,80.186653,315.0,6.8,312.2,0.484,-0.036,1.225,1.192,0.933,302.7,2026-03-15,True
GRID-1036,21.885618,80.187829,330.5,1.0,176.4,0.591,-0.221,1.296,1.275,0.71,303.6,2026-03-15,True
GRID-1037,21.885618,80.189006,363.6,1.0,117.0,0.516,-0.118,1.236,1.053,1.15,302.8,2026-03-15,True
GRID-1038,21.885618,80.190182,380.2,1.0,164.7,0.459,-0.049,1.116,1.12,0.944,303.2,2026-03-15,True
GRID-1039,21.885618,80.191359,403.6,1.0,88.8,0.582,0.065,1.043,1.112,1.023,300.3,2026-03-15,True
GRID-1040,21.885618,80.192535,409.4,2.9,145.8,0.385,-0.074,0.931,1.187,1.184,303.4,2026-03-15,True
GRID-1041,21.885618,80.193712,398.1,3.5,15.1,0.535,-0.112,1.431,0.796,1.249,304.7,2026-03-15,True
GRID-1042,21.885618,80.194888,369.8,10.8,264.7,0.43,-0.037,1.248,1.135,0.924,301.5,2026-03-15,True
GRID-1043,21.885618,80.196065,346.0,14.6,136.9,0.572,-0.071,1.4,1.334,1.005,301.1,2026-03-15,True
GRID-1044,21.885618,80.197241,321.1,20.8,112.6,0.58,0.011,0.843,1.194,1.063,303.2,2026-03-15,True
GRID-1045,21.885618,80.198418,311.2,27.4,220.1,0.409,-0.109,1.634,1.049,1.206,302.2,2026-03-15,True
GRID-1046,21.885618,80.199594,320.2,24.4,267.3,0.451,0.033,1.51,1.241,1.149,297.2,2026-03-15,True
GRID-1047,21.885618,80.200771,339.5,27.2,213.8,0.295,-0.169,0.823,1.161,1.139,307.1,2026-03-15,True
GRID-1048,21.885618,80.201947,364.9,27.4,189.1,0.269,-0.073,1.425,1.159,1.203,296.8,2026-03-15,True
GRID-1049,21.885618,80.203124,385.7,21.3,315.3,0.493,-0.033,1.067,1.106,1.047,303.7,2026-03-15,True
GRID-1050,21.885618,80.2043,403.1,16.5,283.3,0.588,0.022,1.193,1.097,0.888,301.3,2026-03-15,True
GRID-1051,21.886794,80.1643,369.9,8.7,187.4,0.449,0.101,1.232,1.159,0.959,303.2,2026-03-15,True
GRID-1052,21.886794,80.165476,410.0,1.0,162.6,0.414,0.028,1.709,1.106,0.925,300.1,2026-03-15,True
GRID-1053,21.886794,80.166653,434.3,1.0,297.7,0.62,0.041,0.828,0.953,1.054,302.4,2026-03-15,True
GRID-1054,21.886794,80.167829,434.1,1.0,15.3,0.559,0.031,0.907,1.103,0.824,301.2,2026-03-15,True
GRID-1055,21.886794,80.169006,406.0,1.0,358.5,0.348,0.028,1.374,0.913,1.14,305.1,2026-03-15,True
GRID-1056,21.886794,80.170182,362.5,3.0,186.7,0.515,-0.07,0.885,1.265,1.266,303.6,2026-03-15,True
GRID-1057,21.886794,80.171359,320.2,9.8,142.4,0.64,0.151,1.083,1.298,0.939,303.8,2026-03-15,True
GRID-1058,21.886794,80.172535,293.1,7.7,264.7,0.425,0.171,0.985,1.145,1.269,301.8,2026-03-15,True
GRID-1059,21.886794,80.173712,286.0,15.3,200.8,0.5,-0.06,1.18,0.793,0.957,304.3,2026-03-15,True
GRID-1060,21.886794,80.174888,305.7,19.3,185.8,0.42,-0.135,1.008,1.332,0.847,304.5,2026-03-15,True
GRID-1061,21.886794,80.176065,344.5,23.4,227.0,0.303,0.024,1.246,1.164,1.321,303.8,2026-03-15,True
GRID-1062,21.886794,80.177241,383.1,26.9,17.7,0.493,-0.047,1.348,1.187,1.374,302.6,2026-03-15,True
GRID-1063,21.886794,80.178418,421.4,26.9,104.8,0.419,-0.008,1.203,1.103,1.03,302.4,2026-03-15,True
GRID-1064,21.886794,80.179594,437.1,26.1,143.3,0.542,-0.12,1.123,1.335,1.035,298.9,2026-03-15,True
GRID-1065,21.886794,80.180771,423.7,18.8,109.6,0.269,0.1,1.153,1.32,0.914,302.0,2026-03-15,True
GRID-1066,21.886794,80.181947,393.5,20.5,297.9,0.305,-0.191,1.305,1.213,1.185,305.3,2026-03-15,True
GRID-1067,21.886794,80.183124,348.1,12.6,166.1,0.386,-0.155,0.947,1.039,0.998,303.6,2026-03-15,True
GRID-1068,21.886794,80.1843,308.1,7.4,152.1,0.431,-0.14,0.763,1.391,1.191,303.0,2026-03-15,True
GRID-1069,21.886794,80.185476,287.2,1.3,220.7,0.497,-0.032,0.69,1.021,0.815,301.1,2026-03-15,True
GRID-1070,21.886794,80.186653,286.9,3.5,19.6,0.36,-0.131,1.355,1.032,1.394,302.8,2026-03-15,True
GRID-1071,21.886794,80.187829,309.1,1.2,186.1,0.495,-0.08,1.237,0.982,1.117,300.6,2026-03-15,True
GRID-1072,21.886794,80.189006,350.2,1.4,51.2,0.559,-0.003,0.929,1.355,0.923,304.3,2026-03-15,True
GRID-1073,21.886794,80.190182,399.3,1.0,298.8,0.348,-0.248,1.065,0.895,1.078,302.5,2026-03-15,True
GRID-1074,21.886794,80.191359,420.7,1.8,162.6,0.645,-0.196,0.948,0.974,0.708,302.3,2026-03-15,True
GRID-1075,21.886794,80.192535,429.5,3.9,260.2,0.477,-0.106,1.55,1.145,0.941,302.8,2026-03-15,True
GRID-1076,21.886794,80.193712,419.5,9.9,40.7,0.406,-0.103,1.244,1.135,1.001,304.4,2026-03-15,True
GRID-1077,21.886794,80.194888,382.7,13.6,280.3,0.433,0.17,1.148,0.987,1.17,303.4,2026-03-15,True
GRID-1078,21.886794,80.196065,340.2,18.6,337.6,0.482,0.055,1.202,1.192,0.895,302.3,2026-03-15,True
GRID-1079,21.886794,80.197241,298.3,27.9,250.6,0.386,0.024,0.966,1.123,0.944,302.6,2026-03-15,True
GRID-1080,21.886794,80.198418,286.1,22.0,48.7,0.668,0.01,1.301,0.992,0.768,303.5,2026-03-15,True
GRID-1081,21.886794,80.199594,297.9,27.4,148.9,0.43,-0.176,1.04,1.074,0.948,301.1,2026-03-15,True
GRID-1082,21.886794,80.200771,328.3,26.1,162.3,0.312,-0.037,1.099,0.946,0.989,304.9,2026-03-15,True
GRID-1083,21.886794,80.201947,375.7,20.2,64.4,0.367,-0.036,1.381,0.994,0.881,301.1,2026-03-15,True
GRID-1084,21.886794,80.203124,406.9,17.1,212.5,0.489,-0.043,1.052,0.978,0.686,301.4,2026-03-15,True
GRID-1085,21.886794,80.2043,433.5,15.7,256.5,0.733,-0.169,1.205,1.3,1.386,300.6,2026-03-15,True
GRID-1086,21.887971,80.1643,369.5,1.0,72.7,0.419,-0.054,1.517,1.194,0.87,300.0,2026-03-15,True
GRID-1087,21.887971,80.165476,411.7,1.0,163.7,0.52,-0.04,0.87,0.958,1.112,305.0,2026-03-15,True
GRID-1088,21.887971,80.166653,437.7,1.0,90.0,0.263,0.064,1.213,1.119,1.028,303.8,2026-03-15,True
GRID-1089,21.887971,80.167829,429.6,1.0,249.0,0.502,0.084,1.082,1.084,1.204,302.3,2026-03-15,True
GRID-1090,21.887971,80.169006,411.9,1.0,326.6,0.51,-0.09,1.464,0.76,0.885,302.9,2026-03-15,True
GRID-1091,21.887971,80.170182,364.8,2.2,286.7,0.614,-0.069,0.977,1.135,0.95,304.4,2026-03-15,True
GRID-1092,21.887971,80.171359,322.3,8.4,258.6,0.44,-0.065,0.804,1.278,0.903,302.9,2026-03-15,True
GRID-1093,21.887971,80.172535,293.2,14.8,44.5,0.406,-0.165,1.175,1.253,1.14,301.4,2026-03-15,True
GRID-1094,21.887971,80.173712,283.0,17.3,41.1,0.339,-0.3,1.218,1.081,0.669,302.3,2026-03-15,True
GRID-1095,21.887971,80.174888,305.0,19.9,161.8,0.373,0.004,0.936,1.075,0.89,302.0,2026-03-15,True
GRID-1096,21.887971,80.176065,335.5,22.1,130.7,0.489,-0.099,1.642,1.269,0.982,304.0,2026-03-15,True
GRID-1097,21.887971,80.177241,382.4,25.9,188.6,0.603,-0.081,1.291,1.318,1.161,301.8,2026-03-15,True
GRID-1098,21.887971,80.178418,415.7,26.1,138.3,0.604,0.013,1.276,1.055,0.933,305.6,2026-03-15,True
GRID-1099,21.887971,80.179594,434.5,21.7,284.8,0.43,-0.051,1.441,1.093,0.965,305.0,2026-03-15,True
GRID-1100,21.887971,80.180771,426.8,20.5,184.2,0.435,-0.184,1.293,0.968,0.918,302.0,2026-03-15,True
GRID-1101,21.887971,80.181947,399.1,13.9,341.9,0.384,0.073,1.047,1.387,0.91,304.3,2026-03-15,True
GRID-1102,21.887971,80.183124,349.8,10.3,136.3,0.423,0.058,1.26,0.922,0.69,302.1,2026-03-15,True
GRID-1103,21.887971,80.1843,310.5,4.2,137.0,0.401,-0.086,0.861,1.039,1.104,303.8,2026-03-15,True
GRID-1104,21.887971,80.185476,285.4,2.1,276.6,0.482,0.084,1.277,0.957,0.978,302.1,2026-03-15,True
GRID-1105,21.887971,80.186653,281.2,1.0,328.4,0.577,-0.107,1.049,0.907,1.053,304.0,2026-03-15,True
GRID-1106,21.887971,80.187829,314.4,1.0,203.6,0.559,0.017,1.054,0.932,0.902,301.1,2026-03-15,True
GRID-1107,21.887971,80.189006,360.7,1.0,237.4,0.403,-0.125,1.4,1.328,1.066,302.5,2026-03-15,True
GRID-1108,21.887971,80.190182,401.4,1.0,54.0,0.677,-0.188,0.832,1.154,1.137,302.7,2026-03-15,True
GRID-1109,21.887971,80.191359,432.7,5.8,312.8,0.565,-0.175,1.161,1.218,0.96,300.0,2026-03-15,True
GRID-1110,21.887971,80.192535,436.2,5.5,64.4,0.499,-0.057,1.217,0.84,1.092,303.9,2026-03-15,True
GRID-1111,21.887971,80.193712,419.5,15.3,256.3,0.587,0.017,1.566,1.159,1.166,307.1,2026-03-15,True
GRID-1112,21.887971,80.194888,381.5,20.6,151.0,0.548,-0.141,1.07,1.062,0.94,303.1,2026-03-15,True
GRID-1113,21.887971,80.196065,337.7,24.6,111.4,0.193,-0.148,1.021,1.205,1.037,305.8,2026-03-15,True
GRID-1114,21.887971,80.197241,303.6,27.6,276.7,0.604,-0.007,1.357,0.983,1.011,303.1,2026-03-15,True
GRID-1115,21.887971,80.198418,282.1,29.3,160.7,0.444,0.019,1.424,1.197,1.06,300.8,2026-03-15,True
GRID-1116,21.887971,80.199594,289.6,22.6,225.5,0.467,0.24,1.447,0.992,1.111,303.9,2026-03-15,True
GRID-1117,21.887971,80.200771,319.0,24.7,42.3,0.5,-0.032,1.123,1.07,0.949,301.7,2026-03-15,True
GRID-1118,21.887971,80.201947,367.3,18.2,47.4,0.513,-0.102,0.731,0.884,1.3,299.6,2026-03-15,True
GRID-1119,21.887971,80.203124,409.9,14.8,73.0,0.43,-0.197,1.728,1.384,0.917,301.3,2026-03-15,True
GRID-1120,21.887971,80.2043,433.9,6.9,224.1,0.274,-0.017,1.611,0.903,1.043,300.3,2026-03-15,True
GRID-1121,21.889147,80.1643,370.8,1.0,91.1,0.504,-0.008,0.92,0.785,0.903,302.0,2026-03-15,True
GRID-1122,21.889147,80.165476,398.5,1.0,165.1,0.61,-0.18,0.615,1.142,1.244,301.9,2026-03-15,True
GRID-1123,21.889147,80.166653,414.1,1.0,307.9,0.39,0.046,1.221,0.993,0.887,303.0,2026-03-15,True
GRID-1124,21.889147,80.167829,414.5,1.6,195.7,0.468,0.251,1.521,1.223,1.164,303.2,2026-03-15,True
GRID-1125,21.889147,80.169006,386.5,5.1,2.1,0.461,-0.139,1.004,1.253,1.159,303.3,2026-03-15,True
GRID-1126,21.889147,80.170182,361.3,11.1,317.8,0.45,-0.065,1.311,1.54,0.983,302.8,2026-03-15,True
GRID-1127,21.889147,80.171359,336.0,14.3,85.6,0.406,0.054,1.594,1.187,0.977,303.1,2026-03-15,True
GRID-1128,21.889147,80.172535,311.8,18.5,212.0,0.552,-0.067,1.188,1.004,1.254,302.6,2026-03-15,True
GRID-1129,21.889147,80.173712,307.1,23.7,171.3,0.467,-0.124,1.009,0.815,0.93,304.6,2026-03-15,True
GRID-1130,21.889147,80.174888,319.0,30.0,147.7,0.524,0.057,1.088,1.121,1.007,304.2,2026-03-15,True
GRID-1131,21.889147,80.176065,340.1,28.0,28.6,0.368,0.066,0.998,1.054,1.153,302.3,2026-03-15,True
GRID-1132,21.889147,80.177241,383.8,26.0,216.0,0.35,-0.039,1.541,1.28,0.958,301.8,2026-03-15,True
GRID-1133,21.889147,80.178418,407.3,22.6,88.1,0.363,-0.006,1.14,0.891,1.113,304.2,2026-03-15,True
GRID-1134,21.889147,80.179594,411.3,20.9,197.0,0.388,0.001,1.145,0.879,1.282,303.9,2026-03-15,True
GRID-1135,21.889147,80.180771,407.7,14.7,223.1,0.528,-0.183,1.006,1.354,1.193,301.0,2026-03-15,True
GRID-1136,21.889147,80.181947,385.8,4.7,200.7,0.339,-0.025,1.268,0.9,0.92,305.2,2026-03-15,True
GRID-1137,21.889147,80.183124,354.2,4.7,297.1,0.208,0.041,1.234,1.202,1.12,304.6,2026-03-15,True
GRID-1138,21.889147,80.1843,323.7,1.0,17.6,0.499,0.057,1.248,1.149,0.984,307.8,2026-03-15,True
GRID-1139,21.889147,80.185476,308.7,1.0,53.4,0.598,0.032,1.035,1.025,1.03,306.9,2026-03-15,True
GRID-1140,21.889147,80.186653,304.6,1.0,235.2,0.15,-0.124,1.42,1.317,1.055,303.7,2026-03-15,True
GRID-1141,21.889147,80.187829,324.3,1.0,13.2,0.474,-0.099,1.58,1.314,1.171,304.5,2026-03-15,True
GRID-1142,21.889147,80.189006,356.1,1.4,307.4,0.37,-0.023,0.89,0.993,1.163,303.8,2026-03-15,True
GRID-1143,21.889147,80.190182,387.8,6.6,240.1,0.393,0.023,1.326,1.006,0.83,300.6,2026-03-15,True
GRID-1144,21.889147,80.191359,404.8,8.5,301.7,0.408,-0.225,0.831,0.928,1.2,302.0,2026-03-15,True
GRID-1145,21.889147,80.192535,414.8,12.2,107.4,0.439,-0.106,1.391,0.884,0.991,302.9,2026-03-15,True
GRID-1146,21.889147,80.193712,403.1,20.5,331.3,0.413,-0.046,1.079,1.169,1.081,301.5,2026-03-15,True
GRID-1147,21.889147,80.194888,371.9,25.9,17.7,0.391,0.05,1.289,1.216,1.145,302.4,2026-03-15,True
GRID-1148,21.889147,80.196065,346.2,26.3,150.1,0.317,-0.208,1.263,1.151,1.172,304.3,2026-03-15,True
GRID-1149,21.889147,80.197241,318.9,25.4,64.2,0.611,0.012,1.273,0.889,1.54,303.2,2026-03-15,True
GRID-1150,21.889147,80.198418,304.7,22.9,242.0,0.338,-0.025,1.177,0.971,0.93,302.2,2026-03-15,True
GRID-1151,21.889147,80.199594,314.7,23.3,220.0,0.354,-0.004,1.246,1.499,1.174,302.9,2026-03-15,True
GRID-1152,21.889147,80.200771,331.5,15.2,248.9,0.577,-0.022,1.291,1.205,0.893,305.4,2026-03-15,True
GRID-1153,21.889147,80.201947,369.4,12.6,214.2,0.392,-0.055,1.527,0.931,1.409,301.9,2026-03-15,True
GRID-1154,21.889147,80.203124,393.5,13.5,283.4,0.574,-0.104,1.107,1.228,1.015,303.5,2026-03-15,True
GRID-1155,21.889147,80.2043,413.5,1.5,63.9,0.41,-0.041,1.752,1.202,1.016,300.6,2026-03-15,True
GRID-1156,21.890324,80.1643,367.0,1.0,163.9,0.364,-0.063,1.182,1.257,0.942,303.3,2026-03-15,True
GRID-1157,21.890324,80.165476,369.4,1.0,208.4,0.552,0.046,1.109,0.637,0.873,300.7,2026-03-15,True
GRID-1158,21.890324,80.166653,370.4,1.0,335.3,0.454,-0.194,1.416,1.329,1.073,303.2,2026-03-15,True
GRID-1159,21.890324,80.167829,377.3,7.2,33.5,0.444,-0.035,1.235,1.146,0.947,303.3,2026-03-15,True
GRID-1160,21.890324,80.169006,370.1,11.5,107.7,0.391,-0.026,1.304,0.95,0.906,298.9,2026-03-15,True
GRID-1161,21.890324,80.170182,360.7,17.6,132.7,0.561,-0.019,1.333,1.047,0.945,302.5,2026-03-15,True
GRID-1162,21.890324,80.171359,352.3,19.9,136.4,0.343,-0.173,1.139,1.218,1.236,305.7,2026-03-15,True
GRID-1163,21.890324,80.172535,350.0,21.4,24.4,0.456,0.061,1.397,1.151,1.38,300.1,2026-03-15,True
GRID-1164,21.890324,80.173712,352.6,28.1,153.8,0.363,-0.11,1.521,1.267,1.035,299.5,2026-03-15,True
GRID-1165,21.890324,80.174888,348.4,27.8,198.2,0.303,-0.032,1.19,1.066,0.931,303.8,2026-03-15,True
GRID-1166,21.890324,80.176065,354.0,24.8,105.4,0.472,0.095,1.508,1.274,0.827,302.6,2026-03-15,True
GRID-1167,21.890324,80.177241,363.0,25.3,48.4,0.546,0.099,1.397,1.24,1.011,302.9,2026-03-15,True
GRID-1168,21.890324,80.178418,368.1,21.4,250.1,0.453,-0.153,1.609,1.417,0.994,303.2,2026-03-15,True
GRID-1169,21.890324,80.179594,368.5,12.9,98.8,0.637,-0.159,1.34,1.158,0.778,301.1,2026-03-15,True
GRID-1170,21.890324,80.180771,366.4,7.3,189.7,0.493,-0.027,1.021,0.969,0.68,307.5,2026-03-15,True
GRID-1171,21.890324,80.181947,366.7,2.8,188.9,0.43,-0.044,0.96,1.086,1.117,306.8,2026-03-15,True
GRID-1172,21.890324,80.183124,357.4,1.0,250.5,0.523,-0.15,1.375,1.147,0.794,303.9,2026-03-15,True
GRID-1173,21.890324,80.1843,358.0,1.0,220.3,0.682,-0.019,1.417,0.916,0.822,304.3,2026-03-15,True
GRID-1174,21.890324,80.185476,352.2,1.0,39.3,0.631,0.081,1.365,1.201,0.856,300.4,2026-03-15,True
GRID-1175,21.890324,80.186653,349.5,1.0,262.7,0.463,0.024,1.484,0.888,1.59,305.8,2026-03-15,True
GRID-1176,21.890324,80.187829,352.2,1.0,226.4,0.466,-0.101,1.099,0.967,1.091,302.1,2026-03-15,True
GRID-1177,21.890324,80.189006,360.9,3.9,355.4,0.375,-0.052,1.151,1.235,1.087,303.9,2026-03-15,True
GRID-1178,21.890324,80.190182,368.7,9.1,174.1,0.521,0.009,1.088,0.996,0.953,305.1,2026-03-15,True
GRID-1179,21.890324,80.191359,370.2,13.0,247.9,0.352,-0.07,1.334,1.124,1.059,300.6,2026-03-15,True
GRID-1180,21.890324,80.192535,373.1,19.8,336.2,0.454,-0.041,1.096,0.869,1.204,301.5,2026-03-15,True
GRID-1181,21.890324,80.193712,363.9,23.3,355.1,0.408,-0.2,1.126,1.144,0.997,303.1,2026-03-15,True
GRID-1182,21.890324,80.194888,360.8,29.2,103.4,0.5,-0.139,1.23,1.184,1.013,300.6,2026-03-15,True
GRID-1183,21.890324,80.196065,356.4,28.1,219.2,0.528,0.104,0.811,1.025,1.326,301.7,2026-03-15,True
GRID-1184,21.890324,80.197241,349.4,27.4,113.9,0.596,0.201,1.325,1.086,0.861,299.9,2026-03-15,True
GRID-1185,21.890324,80.198418,352.5,21.4,189.1,0.476,-0.211,1.133,1.14,0.869,304.0,2026-03-15,True
GRID-1186,21.890324,80.199594,356.5,16.7,358.2,0.521,0.042,1.166,1.082,1.198,302.0,2026-03-15,True
GRID-1187,21.890324,80.200771,355.9,6.1,127.4,0.555,-0.204,1.333,0.917,1.001,305.2,2026-03-15,True
GRID-1188,21.890324,80.201947,361.0,10.6,46.7,0.539,0.017,1.019,0.828,1.046,300.7,2026-03-15,True
GRID-1189,21.890324,80.203124,362.7,2.3,202.5,0.443,-0.234,1.303,1.17,1.286,305.4,2026-03-15,True
GRID-1190,21.890324,80.2043,371.8,1.0,187.1,0.598,0.005,1.353,1.29,1.047,301.7,2026-03-15,True
GRID-1191,21.8915,80.1643,354.5,1.0,227.5,0.518,0.094,1.058,1.233,1.074,303.7,2026-03-15,True
GRID-1192,21.8915,80.165476,337.5,1.0,177.3,0.419,-0.119,1.173,1.147,1.254,305.6,2026-03-15,True
GRID-1193,21.8915,80.166653,325.2,5.0,64.8,0.592,-0.056,1.082,0.848,1.08,300.0,2026-03-15,True
GRID-1194,21.8915,80.167829,328.1,8.1,219.4,0.598,0.126,0.676,1.088,1.128,304.3,2026-03-15,True
GRID-1195,21.8915,80.169006,342.2,12.3,255.1,0.548,0.008,1.524,1.29,0.995,305.9,2026-03-15,True
GRID-1196,21.8915,80.170182,357.5,18.3,352.5,0.18,0.039,1.102,1.235,0.762,303.5,2026-03-15,True
GRID-1197,21.8915,80.171359,377.3,21.1,0.6,0.421,0.04,0.858,1.005,1.104,301.1,2026-03-15,True
GRID-1198,21.8915,80.172535,389.1,27.6,8.6,0.397,-0.015,1.125,1.051,0.953,304.0,2026-03-15,True
GRID-1199,21.8915,80.173712,394.5,25.8,225.2,0.669,-0.04,1.16,1.339,0.837,302.6,2026-03-15,True
GRID-1200,21.8915,80.174888,388.5,21.8,42.5,0.27,0.026,1.476,1.379,1.213,306.3,2026-03-15,True
GRID-1201,21.8915,80.176065,373.4,20.3,305.3,0.335,0.033,1.403,1.369,1.054,305.1,2026-03-15,True
GRID-1202,21.8915,80.177241,348.6,16.6,287.8,0.636,-0.216,1.396,0.985,1.11,304.8,2026-03-15,True
GRID-1203,21.8915,80.178418,332.3,13.6,359.6,0.302,0.073,1.303,0.984,0.874,302.3,2026-03-15,True
GRID-1204,21.8915,80.179594,327.6,7.7,149.1,0.456,-0.02,0.968,1.198,1.099,301.1,2026-03-15,True
GRID-1205,21.8915,80.180771,333.6,6.4,120.2,0.637,0.078,1.352,1.044,1.059,307.0,2026-03-15,True
GRID-1206,21.8915,80.181947,342.5,1.0,201.7,0.441,0.077,1.227,1.161,1.029,302.8,2026-03-15,True
GRID-1207,21.8915,80.183124,360.7,1.0,229.5,0.449,0.19,1.249,1.55,0.904,302.0,2026-03-15,True
GRID-1208,21.8915,80.1843,383.8,1.0,4.1,0.328,0.107,1.01,1.054,0.977,301.8,2026-03-15,True
GRID-1209,21.8915,80.185476,390.3,1.0,72.4,0.521,0.031,1.386,1.117,0.931,303.0,2026-03-15,True
GRID-1210,21.8915,80.186653,391.7,3.3,101.4,0.402,-0.14,1.164,1.341,0.936,302.5,2026-03-15,True
GRID-1211,21.8915,80.187829,381.0,2.9,284.5,0.428,0.007,1.219,1.185,0.83,300.8,2026-03-15,True
GRID-1212,21.8915,80.189006,361.6,12.8,110.8,0.43,0.041,1.559,1.166,1.025,305.3,2026-03-15,True
GRID-1213,21.8915,80.190182,339.7,17.7,182.4,0.579,-0.019,1.079,0.971,1.027,303.6,2026-03-15,True
GRID-1214,21.8915,80.191359,330.6,21.6,116.6,0.545,0.036,1.177,1.195,0.951,304.4,2026-03-15,True
GRID-1215,21.8915,80.192535,328.3,25.3,2.2,0.678,-0.112,1.435,0.759,1.178,301.5,2026-03-15,True
GRID-1216,21.8915,80.193712,337.9,24.7,246.9,0.568,-0.129,1.067,1.125,0.93,303.7,2026-03-15,True
GRID-1217,21.8915,80.194888,351.6,30.3,122.9,0.564,-0.115,1.433,1.021,0.86,302.3,2026-03-15,True
GRID-1218,21.8915,80.196065,367.4,26.8,260.8,0.498,0.016,1.071,1.095,1.047,302.5,2026-03-15,True
GRID-1219,21.8915,80.197241,384.6,18.7,221.8,0.486,0.036,1.221,1.076,0.943,305.2,2026-03-15,True
GRID-1220,21.8915,80.198418,389.4,17.3,10.5,0.618,-0.185,1.392,1.339,0.927,305.3,2026-03-15,True
GRID-1221,21.8915,80.199594,389.0,16.0,63.2,0.326,-0.226,1.107,1.054,1.03,304.0,2026-03-15,True
GRID-1222,21.8915,80.200771,378.6,8.9,119.0,0.521,0.063,0.949,1.172,0.901,303.7,2026-03-15,True
GRID-1223,21.8915,80.201947,360.5,2.7,121.7,0.44,-0.082,1.157,1.11,0.849,302.4,2026-03-15,True
GRID-1224,21.8915,80.203124,338.7,1.0,242.1,0.542,-0.087,0.971,1.27,0.749,303.3,2026-03-15,True
GRID-1225,21.8915,80.2043,331.8,1.0,329.8,0.457,0.02,1.325,1.109,1.034,301.5,2026-03-15,True
